CREATE DATABASE  IF NOT EXISTS `dblagos` /*!40100 DEFAULT CHARACTER SET utf8 */;
USE `dblagos`;
-- MySQL dump 10.13  Distrib 8.0.32, for Win64 (x86_64)
--
-- Host: portal.rnggaming.com    Database: dblagos
-- ------------------------------------------------------
-- Server version	8.0.12

/*!40101 SET @OLD_CHARACTER_SET_CLIENT=@@CHARACTER_SET_CLIENT */;
/*!40101 SET @OLD_CHARACTER_SET_RESULTS=@@CHARACTER_SET_RESULTS */;
/*!40101 SET @OLD_COLLATION_CONNECTION=@@COLLATION_CONNECTION */;
/*!50503 SET NAMES utf8 */;
/*!40103 SET @OLD_TIME_ZONE=@@TIME_ZONE */;
/*!40103 SET TIME_ZONE='+00:00' */;
/*!40014 SET @OLD_UNIQUE_CHECKS=@@UNIQUE_CHECKS, UNIQUE_CHECKS=0 */;
/*!40014 SET @OLD_FOREIGN_KEY_CHECKS=@@FOREIGN_KEY_CHECKS, FOREIGN_KEY_CHECKS=0 */;
/*!40101 SET @OLD_SQL_MODE=@@SQL_MODE, SQL_MODE='NO_AUTO_VALUE_ON_ZERO' */;
/*!40111 SET @OLD_SQL_NOTES=@@SQL_NOTES, SQL_NOTES=0 */;

--
-- Table structure for table `brand`
--

DROP TABLE IF EXISTS `brand`;
/*!40101 SET @saved_cs_client     = @@character_set_client */;
/*!50503 SET character_set_client = utf8mb4 */;
CREATE TABLE `brand` (
  `id_brand` int(10) unsigned NOT NULL AUTO_INCREMENT,
  `name` varchar(50) NOT NULL,
  PRIMARY KEY (`id_brand`)
) ENGINE=InnoDB AUTO_INCREMENT=9 DEFAULT CHARSET=utf8;
/*!40101 SET character_set_client = @saved_cs_client */;

--
-- Dumping data for table `brand`
--

LOCK TABLES `brand` WRITE;
/*!40000 ALTER TABLE `brand` DISABLE KEYS */;
INSERT INTO `brand` VALUES (1,'Izibet'),(8,'Mariobet');
/*!40000 ALTER TABLE `brand` ENABLE KEYS */;
UNLOCK TABLES;

--
-- Table structure for table `brand_operator`
--

DROP TABLE IF EXISTS `brand_operator`;
/*!40101 SET @saved_cs_client     = @@character_set_client */;
/*!50503 SET character_set_client = utf8mb4 */;
CREATE TABLE `brand_operator` (
  `fk_operator` int(10) unsigned NOT NULL,
  `fk_brand` int(10) unsigned NOT NULL,
  KEY `idx_brand_operator_fk_brand` (`fk_brand`),
  KEY `idx_brand_operator_fk_operator` (`fk_operator`),
  CONSTRAINT `fk_brand_operator_brand` FOREIGN KEY (`fk_brand`) REFERENCES `brand` (`id_brand`),
  CONSTRAINT `fk_brand_operator_operator` FOREIGN KEY (`fk_operator`) REFERENCES `operator` (`license_number`)
) ENGINE=InnoDB DEFAULT CHARSET=utf8;
/*!40101 SET character_set_client = @saved_cs_client */;

--
-- Dumping data for table `brand_operator`
--

LOCK TABLES `brand_operator` WRITE;
/*!40000 ALTER TABLE `brand_operator` DISABLE KEYS */;
/*!40000 ALTER TABLE `brand_operator` ENABLE KEYS */;
UNLOCK TABLES;

--
-- Table structure for table `contacts`
--

DROP TABLE IF EXISTS `contacts`;
/*!40101 SET @saved_cs_client     = @@character_set_client */;
/*!50503 SET character_set_client = utf8mb4 */;
CREATE TABLE `contacts` (
  `id_contacts` int(10) unsigned NOT NULL AUTO_INCREMENT,
  `name` varchar(35) NOT NULL,
  `surname` varchar(35) NOT NULL,
  `telephone_number` varchar(30) NOT NULL,
  `email` varchar(256) NOT NULL,
  `fk_license_number` int(10) unsigned NOT NULL,
  `cellular_number` varchar(30) DEFAULT NULL,
  PRIMARY KEY (`id_contacts`),
  KEY `idx_contacts_fk_license_number` (`fk_license_number`),
  CONSTRAINT `fk_contacts_operator` FOREIGN KEY (`fk_license_number`) REFERENCES `operator` (`license_number`)
) ENGINE=InnoDB DEFAULT CHARSET=utf8;
/*!40101 SET character_set_client = @saved_cs_client */;

--
-- Dumping data for table `contacts`
--

LOCK TABLES `contacts` WRITE;
/*!40000 ALTER TABLE `contacts` DISABLE KEYS */;
/*!40000 ALTER TABLE `contacts` ENABLE KEYS */;
UNLOCK TABLES;

--
-- Table structure for table `establishment`
--

DROP TABLE IF EXISTS `establishment`;
/*!40101 SET @saved_cs_client     = @@character_set_client */;
/*!50503 SET character_set_client = utf8mb4 */;
CREATE TABLE `establishment` (
  `permit_number` int(10) unsigned NOT NULL AUTO_INCREMENT,
  `name` varchar(50) NOT NULL,
  `fk_id_pstl_adr` int(10) unsigned NOT NULL,
  `active` int(11) NOT NULL,
  `fk_license_number_operator` int(10) unsigned NOT NULL,
  `official_permit_number` varchar(100) NOT NULL,
  PRIMARY KEY (`permit_number`),
  UNIQUE KEY `official_permit_number_UNIQUE` (`official_permit_number`),
  KEY `idx_establishment_fk_id_pstl_adr` (`fk_id_pstl_adr`),
  KEY `idx_establishment_fk_license_number_operator` (`fk_license_number_operator`),
  CONSTRAINT `fk_establishment_operator` FOREIGN KEY (`fk_license_number_operator`) REFERENCES `operator` (`license_number`),
  CONSTRAINT `fk_establishment_pstl_adr` FOREIGN KEY (`fk_id_pstl_adr`) REFERENCES `pstl_adr` (`id_pstl_adr`)
) ENGINE=InnoDB AUTO_INCREMENT=94 DEFAULT CHARSET=utf8;
/*!40101 SET character_set_client = @saved_cs_client */;

--
-- Dumping data for table `establishment`
--

LOCK TABLES `establishment` WRITE;
/*!40000 ALTER TABLE `establishment` DISABLE KEYS */;
INSERT INTO `establishment` VALUES (3,'Casino Malta',62,1,30,'111'),(4,'FairBet B\'Bugia',63,1,34,'LGA/GDR/CL3/2/2011-6'),(6,'FairBet Valletta',65,1,34,'MGA/GDR/CL3/2/2011-1'),(7,'FairBet Hamrun',66,1,34,'MGA/GDR/CL3/2/2011-3'),(8,'FairBet Zabbar',67,1,34,'LGA/GDR/CL3/2/2011 - 5'),(10,'FairBet Rabat Gozo',69,1,34,'MGA/GDR/CL3/2/2011-7'),(11,'Portomaso Casino',71,1,37,'112'),(12,'Bestplay Gaming Bormla',72,1,32,'LGA/GDR/CL3/9/2011 - 10'),(13,'Bestplay Gaming Gzira',73,1,32,'LGA/GDR/CL3/9/2011 - 2'),(14,'Bestplay Gaming Hamrun',74,1,32,'LGA/GDR/CL3/9/2011 - 11'),(15,'Bestplay Gaming Paola',75,1,32,'LGA/GDR/CL3/9/2011 - 5'),(17,'Bestplay Gaming Qormi',77,1,32,'LGA/GDR/CL3/9/2011 - 12'),(18,'Dragonara Casino',78,1,31,'1234'),(21,'The Oracle Casino',80,1,37,'113'),(23,'Izibet Birkirkara',83,1,35,'LGA/GDR/CL3/29/2011 - 12'),(24,'Izibet Birzebbugia',84,1,35,'LGA/GDR/CL3/29/2011 - 34'),(25,'Izibet Bormla',85,1,35,'LGA/GDR/CL3/29/2011 - 33'),(26,'Izibet Fgura',86,1,35,'LGA/GDR/CL3/29/2011 - 28'),(27,'Izibet Floriana',87,1,35,'LGA/GDR/CL3/29/2011 - 20'),(28,'Izibet Hamrun',88,1,35,'LGA/GDR/CL3/29/2011 - 25'),(29,'Izibet Luqa',89,1,35,'LGA/GDR/CL3/29/2011 - 35'),(30,'Izibet Marsa',90,1,35,'LGA/GDR/CL3/29/2011 - 1'),(31,'Izibet Marsa Racecourse',91,1,35,'LGA/GDR/CL3/29/2011 - 27'),(32,'Izibet St.Paul Bay',92,1,35,'LGA/GDR/CL3/29/2011 - 11'),(33,'Izibet Zejtun',93,1,35,'MGA/GDR/CL3/29/2011'),(35,'Izibet Marsascala',95,1,35,'LGA/GDR/CL3/29/2011 - 14'),(37,'Izibet Zabbar',97,1,35,'MGA/GDR/CL3/29/2011 - 31'),(39,'Izibet Senglea',99,1,35,'LGA/GDR/CL3/29/2011 - 10'),(41,'Izibet Paola (Zabbar Rd)',101,1,35,'MGA/GDR/CL3/29/2011 - 23'),(43,'Izibet Paola (Triq il-Pjazza)',103,1,35,'LGA/GDR/CL3/29/2011 - 32'),(45,'Izibet Luqa Airport',105,1,35,'LGA/GDR/CL3/29/2011 - 30'),(47,'Izibet Zurrieq',107,1,35,'MGA/GDR/CL3/29/2011 - 40'),(49,'Izibet Valletta',109,1,35,'MGA/GDR/CL3/29/2011 - 7'),(52,'Izibet Zebbug',112,1,35,'MGA/GDR/CL3/29/2011 - 8'),(54,'Izibet Qormi',114,1,35,'LGA/GDR/CL3/29/2011 - 36'),(56,'Izibet Rabat',116,1,35,'LGA/GDR/CL3/29/2011 - 22'),(57,'Izibet Msida',117,1,35,'LGA/GDR/CL3/29/2011 - 29'),(58,'Izibet San Gwann',118,1,35,'LGA/GDR/CL3/29/2011 - 3'),(59,'Izibet Naxxar',119,1,35,'LGA/GDR/CL3/29/2011 - 13'),(61,'Izibet Mosta',121,1,35,'LGA/GDR/CL3/29/2011 - 21'),(62,'Izibet Swieqi',122,1,35,'MGA/GDR/CL3/29/2011 - 38'),(63,'Fairplay Bingo St.Paul Bay ',123,1,35,'MGA/301/00/10'),(64,'Izibet St Paul Bay- Dolmen',124,1,35,'MGA/GDR/CL3/29/2011 - 5'),(65,'Izibet- Rabat Gozo',125,1,35,'MGA/GDR/CL3/29/2011 - 2'),(67,'Bingo Ltd. Balzan',127,1,33,'MGA/GDR/CL3/4/2011 - 6'),(69,'Bingo Ltd. Birkirkara',129,1,33,'MGA/GDR/CL3/4/2011 - 5'),(71,'Bingo Ltd. Paola',131,1,33,'MGA/GDR/CL3/4/2011 - 1'),(73,'Media Games Fgura',133,1,36,'MGA/GDR/CL3/22/2011 -8'),(75,'Media Games B\'Kara',135,1,36,'MGA/GDR/CL3/22/2011 -6'),(77,'Media Games Hamrun',137,1,36,'MGA/GDR/CL3/22/2011 -4'),(79,'Media Games Paceville St Julians',139,1,36,'MGA/GDR/CL3/22/2011 -11'),(81,'Media Games Valletta',141,1,36,'MGA/GDR/CL3/22/2011 -9'),(82,'Bingo Valletta',142,1,33,'MGA/GDR/CL3/4/2011 - 3'),(84,'Bestplay Gaming Zejtun',144,1,32,'LGA/GDR/CL3/9/2011 - 16'),(87,'Bestplay Gaming Zabbar',147,1,32,'LGA/GDR/CL3/9/2011 - 9'),(88,'MGM Casino',151,1,30,'MGM001'),(91,'MGM Casino',154,1,30,'MGM002'),(93,'MGM Casino',156,1,30,'MGM003');
/*!40000 ALTER TABLE `establishment` ENABLE KEYS */;
UNLOCK TABLES;

--
-- Table structure for table `establishment_type`
--

DROP TABLE IF EXISTS `establishment_type`;
/*!40101 SET @saved_cs_client     = @@character_set_client */;
/*!50503 SET character_set_client = utf8mb4 */;
CREATE TABLE `establishment_type` (
  `fk_permit_number` int(10) unsigned NOT NULL,
  `fk_establishment_type` int(10) unsigned NOT NULL,
  `typestring` varchar(200) DEFAULT NULL,
  PRIMARY KEY (`fk_permit_number`,`fk_establishment_type`),
  KEY `idx_establishment_type_fk_type` (`fk_establishment_type`),
  KEY `idx_establishment_type_fk_license_number` (`fk_permit_number`),
  CONSTRAINT `fk_establishment_type` FOREIGN KEY (`fk_permit_number`) REFERENCES `establishment` (`permit_number`),
  CONSTRAINT `fk_establishment_type_type` FOREIGN KEY (`fk_establishment_type`) REFERENCES `type` (`id_type`)
) ENGINE=InnoDB DEFAULT CHARSET=utf8;
/*!40101 SET character_set_client = @saved_cs_client */;

--
-- Dumping data for table `establishment_type`
--

LOCK TABLES `establishment_type` WRITE;
/*!40000 ALTER TABLE `establishment_type` DISABLE KEYS */;
INSERT INTO `establishment_type` VALUES (3,4,NULL),(4,7,NULL),(6,5,NULL),(7,6,NULL),(8,5,NULL),(10,6,NULL),(12,5,NULL),(13,5,NULL),(14,5,NULL),(15,5,NULL),(17,5,NULL),(18,4,NULL),(21,5,NULL),(23,7,NULL),(24,5,NULL),(25,6,NULL),(27,6,NULL),(28,5,NULL),(29,5,NULL),(30,5,NULL),(31,7,NULL),(32,5,NULL),(33,5,NULL),(35,7,NULL),(37,6,NULL),(39,5,NULL),(41,6,NULL),(43,6,NULL),(45,7,NULL),(47,5,NULL),(49,7,NULL),(52,7,NULL),(54,5,NULL),(56,5,NULL),(57,6,NULL),(58,5,NULL),(59,7,NULL),(62,5,NULL),(63,6,NULL),(64,5,NULL),(65,5,NULL),(67,5,NULL),(69,5,NULL),(71,5,NULL),(73,5,NULL),(75,5,NULL),(77,5,NULL),(79,5,NULL),(81,7,NULL),(82,5,NULL),(84,5,NULL),(87,6,NULL),(88,4,NULL),(93,4,NULL);
/*!40000 ALTER TABLE `establishment_type` ENABLE KEYS */;
UNLOCK TABLES;

--
-- Table structure for table `info_slot_machines`
--

DROP TABLE IF EXISTS `info_slot_machines`;
/*!40101 SET @saved_cs_client     = @@character_set_client */;
/*!50503 SET character_set_client = utf8mb4 */;
CREATE TABLE `info_slot_machines` (
  `id_info` int(11) NOT NULL AUTO_INCREMENT,
  `slot_machines` int(11) NOT NULL,
  `establishment` int(11) NOT NULL,
  `active` date NOT NULL,
  `revoked` date DEFAULT NULL,
  PRIMARY KEY (`id_info`)
) ENGINE=InnoDB DEFAULT CHARSET=utf8;
/*!40101 SET character_set_client = @saved_cs_client */;

--
-- Dumping data for table `info_slot_machines`
--

LOCK TABLES `info_slot_machines` WRITE;
/*!40000 ALTER TABLE `info_slot_machines` DISABLE KEYS */;
/*!40000 ALTER TABLE `info_slot_machines` ENABLE KEYS */;
UNLOCK TABLES;

--
-- Table structure for table `manual`
--

DROP TABLE IF EXISTS `manual`;
/*!40101 SET @saved_cs_client     = @@character_set_client */;
/*!50503 SET character_set_client = utf8mb4 */;
CREATE TABLE `manual` (
  `id_manual` int(11) NOT NULL AUTO_INCREMENT,
  `name_manual` varchar(50) NOT NULL,
  `fk_model` int(10) unsigned NOT NULL,
  `link_manual` varchar(100) DEFAULT NULL,
  PRIMARY KEY (`id_manual`),
  KEY `idx_manual_fk_model` (`fk_model`),
  CONSTRAINT `fk_manual_model` FOREIGN KEY (`fk_model`) REFERENCES `slot_model` (`id_model`)
) ENGINE=InnoDB DEFAULT CHARSET=utf8;
/*!40101 SET character_set_client = @saved_cs_client */;

--
-- Dumping data for table `manual`
--

LOCK TABLES `manual` WRITE;
/*!40000 ALTER TABLE `manual` DISABLE KEYS */;
/*!40000 ALTER TABLE `manual` ENABLE KEYS */;
UNLOCK TABLES;

--
-- Table structure for table `manual_motherboard`
--

DROP TABLE IF EXISTS `manual_motherboard`;
/*!40101 SET @saved_cs_client     = @@character_set_client */;
/*!50503 SET character_set_client = utf8mb4 */;
CREATE TABLE `manual_motherboard` (
  `id_manual` int(11) NOT NULL AUTO_INCREMENT,
  `name_manual` varchar(50) NOT NULL,
  `link_manual` varchar(100) DEFAULT NULL,
  `fk_model` varchar(30) NOT NULL,
  PRIMARY KEY (`id_manual`),
  KEY `idx_manual_fk_model_0` (`fk_model`),
  CONSTRAINT `fk_manual_matherboard` FOREIGN KEY (`fk_model`) REFERENCES `motherboard` (`serial_number_motherboard`)
) ENGINE=InnoDB DEFAULT CHARSET=utf8;
/*!40101 SET character_set_client = @saved_cs_client */;

--
-- Dumping data for table `manual_motherboard`
--

LOCK TABLES `manual_motherboard` WRITE;
/*!40000 ALTER TABLE `manual_motherboard` DISABLE KEYS */;
/*!40000 ALTER TABLE `manual_motherboard` ENABLE KEYS */;
UNLOCK TABLES;

--
-- Table structure for table `manufacturer`
--

DROP TABLE IF EXISTS `manufacturer`;
/*!40101 SET @saved_cs_client     = @@character_set_client */;
/*!50503 SET character_set_client = utf8mb4 */;
CREATE TABLE `manufacturer` (
  `id_manufacturer` int(11) NOT NULL AUTO_INCREMENT,
  `name_manufacturer` varchar(50) NOT NULL,
  `image` varchar(300) DEFAULT NULL,
  PRIMARY KEY (`id_manufacturer`)
) ENGINE=InnoDB AUTO_INCREMENT=29 DEFAULT CHARSET=utf8;
/*!40101 SET character_set_client = @saved_cs_client */;

--
-- Dumping data for table `manufacturer`
--

LOCK TABLES `manufacturer` WRITE;
/*!40000 ALTER TABLE `manufacturer` DISABLE KEYS */;
INSERT INTO `manufacturer` VALUES (8,'Austrian Gaming Industries (AGI)',NULL),(9,'Alphastreet',NULL),(10,'Amatic Industries',NULL),(11,'Aristocrat',NULL),(12,'Aruze',NULL),(13,'Bally Technologies',NULL),(14,'Casino Technology AD',NULL),(15,'DLV',NULL),(16,'GTECH',NULL),(17,'IGT',NULL),(18,'Konami',NULL),(19,'Atronic',NULL),(20,'Euro Games Technology (EGT)',NULL),(21,'Novomatic',NULL),(22,'Spielo',NULL),(23,'TAB Austria',NULL),(24,'WMS',NULL),(25,'TAB Austria',NULL),(26,'Ainsworth Game Technology ',NULL),(27,'Win System',NULL),(28,'Interblock',NULL);
/*!40000 ALTER TABLE `manufacturer` ENABLE KEYS */;
UNLOCK TABLES;

--
-- Table structure for table `motherboard`
--

DROP TABLE IF EXISTS `motherboard`;
/*!40101 SET @saved_cs_client     = @@character_set_client */;
/*!50503 SET character_set_client = utf8mb4 */;
CREATE TABLE `motherboard` (
  `serial_number_motherboard` varchar(30) NOT NULL,
  `com_jumper_number` varchar(10) DEFAULT NULL,
  `com_jumper_type` varchar(45) DEFAULT NULL,
  `power_jumper_number` varchar(10) DEFAULT NULL,
  `power_jumper_type` varchar(45) DEFAULT NULL,
  `fk_manufacturer` int(11) NOT NULL,
  `model_motherboard` varchar(100) DEFAULT NULL,
  `mb_serial_number` varchar(30) DEFAULT NULL COMMENT 'Actual  motherboard serial number',
  PRIMARY KEY (`serial_number_motherboard`),
  KEY `idx_motherboard_fk_manufacturer` (`fk_manufacturer`),
  CONSTRAINT `fk_motherboard_manufacturer` FOREIGN KEY (`fk_manufacturer`) REFERENCES `manufacturer` (`id_manufacturer`)
) ENGINE=InnoDB DEFAULT CHARSET=utf8;
/*!40101 SET character_set_client = @saved_cs_client */;

--
-- Dumping data for table `motherboard`
--

LOCK TABLES `motherboard` WRITE;
/*!40000 ALTER TABLE `motherboard` DISABLE KEYS */;
INSERT INTO `motherboard` VALUES (' 00001892EAD5','0','','0','',8,'V5',NULL),(' 0000189302AF','0','','0','',8,'V5',NULL),(' 00001893101A','0','','0','',8,'34',NULL),(' 00001893125B','0','','0','',8,'V5',NULL),(' 000018949FC4','0','','0','',8,'V5',NULL),(' 000018A14C57','0','','0','',8,'V5',NULL),(' 000018A6C5A','0','','0','',8,'V5',NULL),(' 000018CD6289','0','','0','',8,'V5',NULL),(' 000018CD64D3','0','','0','',8,'V5',NULL),(' 000018CD6E24','0','','0','',8,'V5',NULL),(' 000018CD78A4','0','','0','',8,'V5',NULL),(' 000018CD89A8','0','','0','',8,'V5',NULL),(' 000018CD9533','0','','0','',8,'V5',NULL),(' 000018CD9A3E','0','','0','',8,'V5',NULL),(' 013317EF140000A3','0','','0','',19,'',NULL),(' 0137CBEE1400008F','0','','0','',19,'',NULL),(' 0153FDEE14000088','0','','0','',19,'',NULL),(' 01740AEF140000C3','0','','0','',19,'',NULL),(' 0189CCEE140000CA','0','','0','',19,'',NULL),(' 01A0585B14000052','0','','0','',19,'',NULL),(' 01A1D4EE1400009F','0','','0','',19,'',NULL),(' 01BFD6EE14000054','0','','0','',19,'',NULL),(' 01EFF2EE1400009D','0','','0','',19,'',NULL),('$$$$$$$1439750R013058111500142','0','','0','',24,'SPG2014081507133','$$$$$$$1439750R013058111500142'),('$$$$$$$1439750R013058111500265','0','','0','',24,'60095957','$$$$$$$1439750R013058111500265'),('$$$$$$$1439750R013058161500156','0','','0','',24,'','$$$$$$$1439750R013058161500156'),('$$$$$$$1439750R013058161500159','0','','0','',24,'','$$$$$$$1439750R013058161500159'),('$$$$$$$1439750R013058161500190','0','','0','',24,'','$$$$$$$1439750R013058161500190'),('$$$$$$$1439750R073058361500114','0','','0','',24,'','$$$$$$$1439750R073058361500114'),('$$$$$$$1439750R073058361500119','0','','0','',24,'','$$$$$$$1439750R073058361500119'),('$$$$$$$1439750R073058361500129','0','','0','',24,'','$$$$$$$1439750R073058361500129'),('$$$$$$$1439750R073058361500132','0','','0','',24,'','$$$$$$$1439750R073058361500132'),('$$$$$$$1439750R073058361500139','0','','0','',24,'','$$$$$$$1439750R073058361500139'),('$$$$$$$1439750R073058361500190','0','','0','',24,'','$$$$$$$1439750R073058361500190'),('$$$A0154550300R02KONM061100680','0','','0','',24,'','$$$A0154550300R02KONM061100680'),('$$$A0154550300R02KONM141000112','0','','0','',24,'','$$$A0154550300R02KONM141000112'),('$$$A0154550300R02KONM141000157','0','','0','',24,'','$$$A0154550300R02KONM141000157'),('$$$A0154550300R02KONM141000221','0','','0','',24,'','$$$A0154550300R02KONM141000221'),('$$$A0154550300R02PECT201108314','0','','0','',24,'','$$$A0154550300R02PECT201108314'),('$$$A0154550300R02PECT281113746','0','','0','',24,'','$$$A0154550300R02PECT281113746'),('$$$A0154550300R02PECT281113750','0','','0','',24,'','$$$A0154550300R02PECT281113750'),('$$$A0154550300R02PECT281113806','0','','0','',24,'','$$$A0154550300R02PECT281113806'),('$$$A0154550300R02PECT281113811','0','','0','',24,'','$$$A0154550300R02PECT281113811'),('$$$A0154550300R02PECT401015691','0','','0','',24,'','$$$A0154550300R02PECT401015691'),('$$$A0154550300R02PECT401015790','0','','0','',24,'','$$$A0154550300R02PECT401015790'),('$$$A0154550300R02PECT521022760','0','','0','',24,'','$$$A0154550300R02PECT521022760'),('$$$A0179990402R01PECT211304185','0','','0','',24,'6769-020451-00-03','$$$A0179990402R01PECT211304185'),('$$$A0179990402R01PECT211304190','0','','0','',24,'6769-020451-00-03','$$$A0179990402R01PECT211304190'),('$$$A0179990402R01PECT221304446','0','','0','',24,'6769-020451-00-03','$$$A0179990402R01PECT221304446'),('$$$A0179990402R01PECT221304462','0','','0','',24,'6769-020451-00-03','$$$A0179990402R01PECT221304462'),('$$$A0179990402R03PECT241403994','0','','0','',24,'6769-020451-00-03','$$$A0179990402R03PECT241403994'),('$$$A0179990402R03PECT251404401','0','','0','',24,'6769-020451-00-03','$$$A0179990402R03PECT251404401'),('$$$A0179990402R03PECT251404402','0','','0','',24,'6769-020451-00-03','$$$A0179990402R03PECT251404402'),('$$$A0179990402R03PECT251404408','0','','0','',24,'6769-020451-00-03','$$$A0179990402R03PECT251404408'),('$$$A0179990402R03PECT251404436','0','','0','',24,'6769-020451-00-03','$$$A0179990402R03PECT251404436'),('$$$A0179990402R03PECT251404453','0','','0','',24,'6769-020451-00-03','$$$A0179990402R03PECT251404453'),('$$$A0179990402R03PECT251404454','0','','0','',24,'6769-020451-00-03','$$$A0179990402R03PECT251404454'),('$$$a0179990402r0pect2110304193','0','','0','',24,'1','$$$a0179990402r0pect2110304193'),('$$$A0262070300R033058201400291','0','','0','',24,'6779-026207-03-00','$$$A0262070300R033058201400291'),('$$$A0262070300R033058381400072','1','N/A','1','N/A',24,'6779-026207-03-00','$$$A0262070300R033058381400072'),('$$$A0262070300R033058391400369','1','N/A','1','N/A',24,'6779-026207-03-00','$$$A0262070300R033058391400369'),('$$$A0262070300R033058511400077','1','N/A','1','N/A',24,'6779-026207-03-00','$$$A0262070300R033058511400077'),('$$$A0262070300R033058511400177','1','N/A','1','N/A',24,'6779-026207-03-00','$$$A0262070300R033058511400177'),('$$$A0262070300R033058511400197','1','N/A','1','N/A',24,'6779-026207-03-00','$$$A0262070300R033058511400197'),('$$$A0263520302R033058061500152','0','','0','',24,'A-026207-03-00','$$$A0263520302R033058061500152'),('$$$A0263520302R033058121500132','0','','0','',24,'A-026207-03-00','$$$A0263520302R033058121500132'),('$$$A0263520302R033058361400044','0','','0','',24,'SPG2013121802638','$$$A0263520302R033058361400044'),('$$$A0263520302R033058521400264','0','','0','',24,'PSG201312101966','$$$A0263520302R033058521400264'),('$$$A0263520302R033058521400267','0','','0','',24,'60095957','$$$A0263520302R033058521400267'),('$$$A0263520302R03MX03461403579','0','','0','',24,'60095957','$$$A0263520302R03MX03461403579'),('$$$A0263520302R073058301700002','0','','0','',24,'SPG2017111703011','$$$A0263520302R073058301700002'),('$$$A0263520302R073058301700034','0','','0','',24,'SPG2017111702874','$$$A0263520302R073058301700034'),('-','0','','0','',25,'-','-'),('000000100000100125','0','','0','',20,'','000000100000100125'),('000000100000100128','0','','0','',20,'','000000100000100128'),('000000100000100131','0','','0','',20,'','000000100000100131'),('000000100000100133','0','','0','',20,'','000000100000100133'),('000000100000100134','0','','0','',20,'','000000100000100134'),('000000100000100137','0','','0','',20,'','000000100000100137'),('000000100000239318','0','','0','',25,'-','000000100000239318'),('000000100000239319','0','','0','',25,'-','000000100000239319'),('000000100000239320','0','','0','',25,'-','000000100000239320'),('000000100000239321','0','','0','',25,'-','000000100000239321'),('000000100000257710','0','','0','',25,'-','000000100000257710'),('000000100000257711','0','','0','',25,'-','000000100000257711'),('000000100000382359','0','','0','',25,'','000000100000382359'),('000000100000382385','0','','0','',25,'','000000100000382385'),('000000100000383455','0','','0','',25,'','000000100000383455'),('000000100000383457','0','','0','',25,'','000000100000383457'),('000000100000383458','0','','0','',25,'','000000100000383458'),('000000100000383482','0','','0','',25,'','000000100000383482'),('000000100000383483','0','','0','',25,'','000000100000383483'),('000000100000385002','0','','0','',25,'','000000100000385002'),('00000C16530B','0','','0','',14,'','00000C16530B'),('00000D12D55D','0','','0','',14,'','00000D12D55D'),('00000D18FA05','0','','0','',14,'SN33875','00000D18FA05'),('00000D61AB49','0','','0','',14,'SN29150','00000D61AB49'),('00000D7D9338','0','','0','',14,'','00000D7D9338'),('00000D7EED55','0','','0','',14,'SN30786','00000D7EED55'),('00000D9C57C2','0','','0','',14,'002168','00000D9C57C2'),('00000D9F4589','0','','0','',14,'SN35452','00000D9F4589'),('00000DA00F36','0','','0','',14,'','00000DA00F36'),('0000101B52AA','0','','0','',14,'','0000101B52AA'),('0000101B5F0A','0','','0','',14,'SN41066','0000101B5F0A'),('0000101B6055','0','','0','',14,'','0000101B6055'),('0000101D05EB','0','','0','',14,'','0000101D05EB'),('0000101D0720','0','','0','',14,'SN45132','0000101D0720'),('0000101D1B63','0','','0','',14,'SN42063','0000101D1B63'),('0000112A5204','0','','0','',14,'Pluto-CT915','0000112A5204'),('0000112A659A','0','','0','',14,'SN45917','0000112A659A'),('0000112A6C17','0','','0','',14,'','0000112A6C17'),('0000117568A7','0','','0','',14,'SN50421','0000117568A7'),('000011E579B3','0','','0','',14,'','000011E579B3'),('000011E57B16','0','','0','',14,'','000011E57B16'),('000011E58CDB','0','','0','',14,'','000011E58CDB'),('000011F46F76','0','','0','',14,'SN52891','000011F46F76'),('00001360142E','0','','0','',8,'V3','00001360142E'),('0000137DAA0B','0','','0','',14,'SN55097','0000137DAA0B'),('0000137E08FC','0','','0','',14,'','0000137E08FC'),('0000137E1BDC','0','','0','',14,'','0000137E1BDC'),('0000137E2EC4','0','','0','',14,'','0000137E2EC4'),('000015147D3F','0','','0','',8,'V3','000015147D3F'),('000015148FB5','0','','0','',8,'V3','000015148FB5'),('0000151497A5','0','','0','',8,'V3','0000151497A5'),('000015149AEC','0','','0','',8,'V3','000015149AEC'),('000015DE73D9','0','','0','',14,'SN55960','000015DE73D9'),('00001798F72D','0','','0','',8,'V4','00001798F72D'),('00001798fa76','0','','0','',8,'v4','00001798fa76'),('00001798FC31','0','','0','',8,'V4','00001798FC31'),('000017990D7B','0','','0','',25,'V4','000017990D7B'),('00001799147D','0','','0','',8,'V4','00001799147D'),('00001799E198','0','','0','',25,'V4','00001799E198'),('000018910CEA','0','','0','',8,'V5','000018910CEA'),('00001891100B','0','','0','',8,'V5','00001891100B'),('0000189114B8','0','','0','',8,'V5','0000189114B8'),('0000189129E6','0','','0','',8,'V5','0000189129E6'),('00001891E1B4','0','','0','',8,'V5','00001891E1B4'),('00001891E446','0','','0','',8,'V5','00001891E446'),('00001891ECEF','0','','0','',8,'V5','00001891ECEF'),('00001891ECF1','0','','0','',8,'V5','00001891ECF1'),('00001891EFD7','0','','0','',8,'V5','00001891EFD7'),('00001891F5FC','0','','0','',8,'V5','00001891F5FC'),('00001891FB84','0','','0','',8,'V5','00001891FB84'),('000018920AF1','0','','0','',8,'V5','000018920AF1'),('000018920B05','0','','0','',8,'V5','000018920B05'),('0000189213F7','0','','0','',8,'V5','0000189213F7'),('000018921553','0','','0','',8,'V5','000018921553'),('0000189215D1','0','','0','',8,'V5','0000189215D1'),('00001892E6CF','0','','0','',8,'V5',NULL),('00001892EA66','0','','0','',8,'V5','00001892EA66'),('00001892EAD5','0','','0','',8,'V5','00001892EAD5'),('00001892ED06','0','','0','',8,'V5','00001892ED06'),('00001892EEA0','0','','0','',8,'V5',NULL),('00001892F02B','0','','0','',8,'V5','00001892F02B'),('00001892F70E','0','','0','',8,'V5','00001892F70E'),('00001892F7A9','0','','0','',8,'V5','00001892F7A9'),('00001892F7OE','0','','0','',8,'V5',NULL),('00001892FAD3','0','','0','',8,'V5','00001892FAD3'),('0000189302AF','0','','0','',8,'V5','0000189302AF'),('0000189302EF','0','','0','',8,'V5','0000189302EF'),('000018930419','0','','0','',8,'V5',NULL),('000018930556','0','','0','',8,'V5','000018930556'),('0000189305FB','0','','0','',8,'V5','0000189305FB'),('00001893101A','0','','0','',8,'V5','00001893101A'),('00001893125B','0','','0','',8,'V5','00001893125B'),('000018931C40','0','','0','',8,'V5','000018931C40'),('000018931F35','0','','0','',8,'V5','000018931F35'),('0000189326D5','0','','0','',8,'V5','0000189326D5'),('000018932CC3','0','','0','',8,'V5','000018932CC3'),('000018932D4D','0','','0','',8,'V5','000018932D4D'),('000018932FB7','0','','0','',8,'V5',NULL),('000018933507','0','','0','',8,'V5','000018933507'),('000018934B1F','0','','0','',8,'V5','000018934B1F'),('0000189485a1','0','','0','',25,'V5','0000189485a1'),('0000189488AA','0','','0','',8,'V5','0000189488AA'),('00001894966B','0','','0','',8,'V5','00001894966B'),('000018949809','0','','0','',25,'V5','000018949809'),('00001894999E','0','','0','',25,'V5','00001894999E'),('000018949FC4','0','','0','',8,'V5','000018949FC4'),('000018951410','0','','0','',25,'V5','000018951410'),('0000189515E3','0','','0','',25,'V5','0000189515E3'),('000018951D82','0','','0','',25,'V5','000018951D82'),('000018952901','0','','0','',25,'V5','000018952901'),('000018952928','0','','0','',25,'V5','000018952928'),('0000189532A3','0','','0','',8,'V5','0000189532A3'),('000018953474','0','','0','',25,'V5','000018953474'),('00001895466D','0','','0','',25,'V5','00001895466D'),('0000189549B3','0','','0','',25,'V5','0000189549B3'),('000018954fas','0','','0','',25,'V5','000018954fas'),('000018955118','0','','0','',25,'V5','000018955118'),('000018955257','0','','0','',25,'V5','000018955257'),('000018955896','0','','0','',8,'V5','000018955896'),('000018956429','0','','0','',8,'V5','000018956429'),('00001895696D','0','','0','',25,'V5','00001895696D'),('000018957229','0','','0','',25,'V5','000018957229'),('0000189575AA','0','','0','',8,'V5','0000189575AA'),('0000189613A7','0','','0','',25,'V5','0000189613A7'),('0000189619F1','0','','0','',25,'V5 ','0000189619F1'),('000018a053bc','0','','0','',8,'V5','000018a053bc'),('000018A05419','0','','0','',8,'V5','000018A05419'),('000018A05448','0','','0','',8,'V5','000018A05448'),('000018A0548D','0','','0','',8,'V5','000018A0548D'),('000018a05650','0','','0','',8,'V5','000018a05650'),('000018A056EB','0','','0','',8,'V5','000018A056EB'),('000018A0574E','0','','0','',8,'V5','000018A0574E'),('000018a05b0d','0','','0','',8,'V5','000018a05b0d'),('000018A05B5F','0','','0','',8,'V5','000018A05B5F'),('000018A05C21','0','','0','',8,'V5','000018A05C21'),('000018A05D2E','0','','0','',8,'V5','000018A05D2E'),('000018a05d5f','0','','0','',8,'V5','000018a05d5f'),('000018A05EBC','0','','0','',8,'V5','000018A05EBC'),('000018A05EFD','0','','0','',8,'V5','000018A05EFD'),('000018a06222','0','','0','',8,'V5','000018a06222'),('000018A06252','0','','0','',8,'V5','000018A06252'),('000018a06298','0','','0','',8,'V5','000018a06298'),('000018A062DD','0','','0','',8,'V5','000018A062DD'),('000018A0632A','0','','0','',8,'V5','000018A0632A'),('000018A06411','0','','0','',8,'V5','000018A06411'),('000018A0647E','0','','0','',8,'V5','000018A0647E'),('000018A06495','0','','0','',8,'V5','000018A06495'),('000018A064FA','0','','0','',8,'V5','000018A064FA'),('000018a06537','0','','0','',8,'V5','000018a06537'),('000018A065DD','0','','0','',8,'V5','000018A065DD'),('000018A0666A','0','','0','',8,'V5','000018A0666A'),('000018a06714','0','','0','',8,'V5','000018a06714'),('000018A06A37','0','','0','',8,'V5','000018A06A37'),('000018A06AAE','0','','0','',8,'V5','000018A06AAE'),('000018a06b0f','0','','0','',8,'V5','000018a06b0f'),('000018a06b64','0','','0','',8,'V5','000018a06b64'),('000018A06C5A','0','','0','',8,'V5','000018A06C5A'),('000018A06DAD','0','','0','',8,'V5','000018A06DAD'),('000018A06E75','0','','0','',8,'V5','000018A06E75'),('000018a06ed0','0','','0','',8,'V5','000018a06ed0'),('000018a06p64','0','','0','',8,'V5','000018a06p64'),('000018a07010','0','','0','',8,'V5','000018a07010'),('000018A070E1','0','','0','',8,'V5','000018A070E1'),('000018a07117','0','','0','',8,'V5','000018a07117'),('000018a0712b','0','','0','',8,'V5','000018a0712b'),('000018a07171','0','','0','',8,'V5','000018a07171'),('000018A0720F','0','','0','',8,'V5','000018A0720F'),('000018a07210','0','','0','',8,'V5','000018a07210'),('000018A07263','0','','0','',21,'V2','000018A07263'),('000018A072C7','0','','0','',8,'V5','000018A072C7'),('000018A072D8','0','','0','',8,'V5','000018A072D8'),('000018A07397','0','','0','',8,'V5','000018A07397'),('000018A127E2','0','','0','',8,'V5','000018A127E2'),('000018A12916','0','','0','',8,'V5','000018A12916'),('000018A1299D','0','','0','',8,'V5','000018A1299D'),('000018a12aba','0','','0','',8,'V5','000018a12aba'),('000018A12BDF','0','','0','',8,'V5','000018A12BDF'),('000018A12C30','0','','0','',8,'V5','000018A12C30'),('000018a12d7f','0','','0','',8,'V5','000018a12d7f'),('000018A12DA7','0','','0','',8,'V5','000018A12DA7'),('000018a12dda','0','','0','',8,'V5','000018a12dda'),('000018A12F72','0','','0','',8,'V5','000018A12F72'),('000018A12F82','0','','0','',8,'V5','000018A12F82'),('000018A12FA1','0','','0','',8,'V5','000018A12FA1'),('000018A1307A','0','','0','',8,'V5',NULL),('000018A130C8','0','','0','',8,'V5',NULL),('000018A130CB','0','','0','',8,'V5','000018A130CB'),('000018A13119','0','','0','',8,'V5','000018A13119'),('000018A133A6','0','','0','',8,'V5','000018A133A6'),('000018A134BF','0','','0','',8,'V5','000018A134BF'),('000018a13502','0','','0','',8,'V5','000018a13502'),('000018A13517','0','','0','',8,'V5','000018A13517'),('000018a135c2','0','','0','',8,'V5','000018a135c2'),('000018a1361f','0','','0','',8,'V5','000018a1361f'),('000018A1374E','0','','0','',8,'V5','000018A1374E'),('000018A13773','0','','0','',8,'V5','000018A13773'),('000018A1398A','0','','0','',8,'V5','000018A1398A'),('000018A13A10','0','','0','',8,'V5','000018A13A10'),('000018A13BB2','0','','0','',8,'V5','000018A13BB2'),('000018A13CBC','0','','0','',8,'V5','000018A13CBC'),('000018A13EEC','0','','0','',8,'V5','000018A13EEC'),('000018A13F1A','0','','0','',8,'V5','000018A13F1A'),('000018A13F77','0','','0','',8,'V5','000018A13F77'),('000018a14228','0','','0','',8,'V5','000018a14228'),('000018A142EC','0','','0','',8,'V5','000018A142EC'),('000018A142F9','0','','0','',8,'V5','000018A142F9'),('000018A143AB','0','','0','',8,'V5','000018A143AB'),('000018A143D4','0','','0','',8,'V5','000018A143D4'),('000018A143T4','0','','0','',8,'V5','000018A143T4'),('000018A14464','0','','0','',8,'V5','000018A14464'),('000018A14476','0','','0','',8,'V5','000018A14476'),('000018A1449B','0','','0','',8,'V5','000018A1449B'),('000018A1449E','0','','0','',8,'V5','000018A1449E'),('000018A1465E','0','','0','',8,'V5','000018A1465E'),('000018A14684','0','','0','',8,'V5','000018A14684'),('000018a146a8','0','','0','',8,'V5','000018a146a8'),('000018a14738','0','','0','',8,'V5','000018a14738'),('000018a1473a','0','','0','',8,'V5','000018a1473a'),('000018A14755','0','','0','',8,'V5','000018A14755'),('000018A14776','0','','0','',8,'V5','000018A14776'),('000018A14803','0','','0','',8,'V5','000018A14803'),('000018a148f8','0','','0','',8,'V5','000018a148f8'),('000018A14907','0','','0','',8,'V5','000018A14907'),('000018A14978','0','','0','',8,'V5','000018A14978'),('000018A14A03','0','','0','',8,'V5','000018A14A03'),('000018A14A76','0','','0','',8,'V5','000018A14A76'),('000018A14A8E','0','','0','',8,'V5','000018A14A8E'),('000018a14bb8','0','','0','',8,'V5','000018a14bb8'),('000018A14C34','0','','0','',8,'V5','000018A14C34'),('000018A14C57','0','','0','',8,'34','000018A14C57'),('000018a14d9c','0','','0','',8,'V5','000018a14d9c'),('000018A14EAA','0','','0','',8,'V5','000018A14EAA'),('000018A14F01','0','','0','',8,'V5','000018A14F01'),('000018A14FC1','0','','0','',8,'V5','000018A14FC1'),('000018A14FCD','0','','0','',8,'V5','000018A14FCD'),('000018A151C5','0','','0','',8,'V5','000018A151C5'),('000018a15347','0','','0','',8,'V5','000018a15347'),('000018a15454','0','','0','',8,'V5','000018a15454'),('000018A15526','0','','0','',8,'V5','000018A15526'),('000018A15769','0','','0','',8,'V5','000018A15769'),('000018A157AA','0','','0','',8,'V5','000018A157AA'),('000018A1592B','0','','0','',8,'V5','000018A1592B'),('000018a159ce','0','','0','',8,'V5','000018a159ce'),('000018a15b6c','0','','0','',8,'V5','000018a15b6c'),('000018A15C4E','0','','0','',8,'V5','000018A15C4E'),('000018A15CDE','0','','0','',8,'V5','000018A15CDE'),('000018a15ceb','0','','0','',8,'V5','000018a15ceb'),('000018A15E39','0','','0','',8,'V5','000018A15E39'),('000018a15ebf','0','','0','',8,'V5','000018a15ebf'),('000018a15f13','0','','0','',8,'V5','000018a15f13'),('000018A15FB9','0','','0','',8,'V5','000018A15FB9'),('000018A15FD6','0','','0','',8,'V5','000018A15FD6'),('000018A15_7_','0','','0','',8,'V5','000018A15_7_'),('000018A160C0','0','','0','',8,'V5',NULL),('000018A1643B','0','','0','',8,'V5','000018A1643B'),('000018A1645C','0','','0','',8,'V5','000018A1645C'),('000018A16486','0','','0','',8,'V5','000018A16486'),('000018a164f3','0','','0','',8,'V5','000018a164f3'),('000018a1650b','0','','0','',8,'V5','000018a1650b'),('000018A167FB','0','','0','',8,'V5','000018A167FB'),('000018A168F3','0','','0','',8,'V5','000018A168F3'),('000018a16961','0','','0','',8,'V5','000018a16961'),('000018A16A89','0','','0','',8,'V5','000018A16A89'),('000018A16AC9','0','','0','',8,'V5','000018A16AC9'),('000018A16B6F','0','','0','',8,'V5','000018A16B6F'),('000018A16C5F','0','','0','',8,'V5','000018A16C5F'),('000018A16C67','0','','0','',8,'V5','000018A16C67'),('000018A16CAF','0','','0','',8,'V5','000018A16CAF'),('000018AA0541F','0','','0','',8,'V5','000018AA0541F'),('000018CD60B1','0','','0','',8,'V5','000018CD60B1'),('000018CD6285','0','','0','',8,'V5','000018CD6285'),('000018CD6289','0','','0','',8,'V5','000018CD6289'),('000018CD62C2','0','','0','',8,'V5','000018CD62C2'),('000018CD64A6','0','','0','',8,'V5','000018CD64A6'),('000018CD64D3','0','','0','',8,'V5 ','000018CD64D3'),('000018CD65AC','0','','0','',8,'V5','000018CD65AC'),('000018CD6C0E','0','','0','',8,'V5','000018CD6C0E'),('000018CD6E24','0','','0','',8,'V5','000018CD6E24'),('000018CD6FFB','0','','0','',8,'V5','000018CD6FFB'),('000018CD702A','0','','0','',8,'V5','000018CD702A'),('000018CD7056','0','','0','',8,'V5','000018CD7056'),('000018CD720D','0','','0','',8,'V5','000018CD720D'),('000018CD737B','0','','0','',8,'V5','000018CD737B'),('000018CD748A','0','','0','',8,'V5','000018CD748A'),('000018CD749A','0','','0','',8,'V5',NULL),('000018CD7821','0','','0','',8,'V5','000018CD7821'),('000018CD78A4','0','','0','',8,'V5','000018CD78A4'),('000018CD7A00','0','','0','',8,'V5',NULL),('000018CD7B96','0','','0','',8,'V5','000018CD7B96'),('000018CD7BEC','0','','0','',8,'V5','000018CD7BEC'),('000018CD7C59','0','','0','',8,'V5','000018CD7C59'),('000018CD807A','0','','0','',8,'V5','000018CD807A'),('000018CD8112','0','','0','',8,'V5','000018CD8112'),('000018CD8129','0','','0','',8,'V5','000018CD8129'),('000018CD85EB','0','','0','',8,'V5',NULL),('000018CD8710','0','','0','',8,'V5','000018CD8710'),('000018CD89A8','0','','0','',8,'V5','000018CD89A8'),('000018CD8C1E','0','','0','',8,'V5','000018CD8C1E'),('000018CD8C53','0','','0','',8,'V5',NULL),('000018CD8F64','0','','0','',8,'V5',NULL),('000018cd9001','0','','0','',8,'V5','000018cd9001'),('000018CD9414','0','','0','',8,'V5','000018CD9414'),('000018CD9533','0','','0','',8,'V5','000018CD9533'),('000018CD9573','0','','0','',8,'V5','000018CD9573'),('000018CD9592','0','','0','',8,'V5','000018CD9592'),('000018CD9593','0','','0','',8,'V5 ','000018CD9593'),('000018CD9597','0','','0','',8,'V5','000018CD9597'),('000018CD9629','0','','0','',8,'V5','000018CD9629'),('000018CD99AF','0','','0','',8,'V5',NULL),('000018CD9A3E','0','','0','',8,'V5','000018CD9A3E'),('000018CD9ADC','0','','0','',8,'V5','000018CD9ADC'),('000018CD9C30','0','','0','',8,'V5','000018CD9C30'),('000018CD9D07','0','','0','',8,'V5','000018CD9D07'),('000018CD9D12','0','','0','',8,'V5','000018CD9D12'),('000018CD9D73','0','','0','',8,'V5','000018CD9D73'),('000018CD9EA9','0','','0','',8,'V5','000018CD9EA9'),('000018CD9F9E','0','','0','',8,'V5',NULL),('000018CDA25E','0','','0','',8,'V5',NULL),('000018CDA2DC','0','','0','',8,'V5',NULL),('000018D12E12','0','','0','',8,'V5','000018D12E12'),('000018D15057','0','','0','',8,'V5','000018D15057'),('000018D1525C','0','','0','',8,'V5','000018D1525C'),('000018D16230','0','','0','',8,'V5','000018D16230'),('000018D1BB2A','0','','0','',8,'V5',NULL),('000018D1C126','0','','0','',8,'V5','000018D1C126'),('000018D218EE','0','','0','',8,'V5',NULL),('000018D21B0F','0','','0','',8,'V5','000018D21B0F'),('000018D222A3','0','','0','',8,'V5','000018D222A3'),('000018e73ed1','0','','0','',8,'v5','000018e73ed1'),('000018e74243','0','','0','',8,'V5','000018e74243'),('000018e749d9','0','','0','',8,'v5','000018e749d9'),('000018E825B3','0','','0','',8,'V5','000018E825B3'),('000018e839d4','0','','0','',8,'V5','000018e839d4'),('000018e839f1','0','','0','',8,'V5','000018e839f1'),('000018e83b64','0','','0','',8,'v5','000018e83b64'),('000018e83c31','0','','0','',8,'V5','000018e83c31'),('000018e83cf9','0','','0','',8,'V5','000018e83cf9'),('000018E83FEA','0','','0','',8,'V5','000018E83FEA'),('000018e8429f','0','','0','',8,'V5','000018e8429f'),('000018e842db','0','','0','',8,'V5','000018e842db'),('000018e844d3','0','','0','',8,'V5','000018e844d3'),('000018e8457e','0','','0','',8,'V5','000018e8457e'),('000018e84989','0','','0','',8,'v5','000018e84989'),('000018e84c4f','0','','0','',8,'V5','000018e84c4f'),('000018E854D4','0','','0','',8,'V5','000018E854D4'),('000018e8565a','0','','0','',8,'V5','000018e8565a'),('000018EDABFC','0','','0','',8,'','000018EDABFC'),('000018edb046','0','','0','',8,'V5','000018edb046'),('000018EDB233','0','','0','',8,'V5','000018EDB233'),('000018EDB4A6','0','','0','',8,'V5','000018EDB4A6'),('000018edb6e1','0','','0','',8,'V5','000018edb6e1'),('000018EDBA8D','0','','0','',8,'V5','000018EDBA8D'),('000018EDBDBB','0','','0','',8,'V5','000018EDBDBB'),('000018edbf17','0','','0','',8,'V5','000018edbf17'),('000018EDC18D','0','','0','',8,'V5','000018EDC18D'),('000018edc8e8','0','','0','',8,'V5','000018edc8e8'),('000018edca96','0','','0','',8,'V5','000018edca96'),('000018EDCCF4','0','','0','',8,'V5','000018EDCCF4'),('000018edcdcb','0','','0','',8,'V5','000018edcdcb'),('000018edd0d3','0','','0','',8,'V5','000018edd0d3'),('000018edd17f','0','','0','',8,'V5','000018edd17f'),('000018edd27f','0','','0','',8,'V5','000018edd27f'),('000018edd38','0','','0','',8,'V5','000018edd38'),('000018eddc76','0','','0','',8,'V5','000018eddc76'),('000018edeae0','0','','0','',8,'V5','000018edeae0'),('000018EDEC11','0','','0','',8,'V5','000018EDEC11'),('000018edec96','0','','0','',8,'V5','000018edec96'),('000018ee48f4','0','','0','',8,'v5','000018ee48f4'),('000018ee4ba0','0','','0','',8,'V5','000018ee4ba0'),('000018ee4d9f','0','','0','',8,'V5','000018ee4d9f'),('000018ee4dba','0','','0','',8,'V5','000018ee4dba'),('000018EE4E66','0','','0','',8,'V5','000018EE4E66'),('000018ee5048','0','','0','',8,'V5','000018ee5048'),('000018ee6f5c','0','','0','',8,'V5','000018ee6f5c'),('000018EE79B6','0','','0','',8,'V5','000018EE79B6'),('000018ee851f','0','','0','',8,'V5','000018ee851f'),('000018ee85ab','0','','0','',8,'v5','000018ee85ab'),('000018ee8f63','0','','0','',8,'V5','000018ee8f63'),('000018ee9fbc','0','','0','',8,'v5','000018ee9fbc'),('000018EEA38C','0','','0','',8,'v5','000018EEA38C'),('000018F0D706','0','','0','',8,'V5','000018F0D706'),('000018f0f3bd','0','','0','',8,'V5','000018f0f3bd'),('00001959a713','0','','0','',8,'v5','00001959a713'),('00001959b234','0','','0','',8,'V5','00001959b234'),('00001959b2fc','0','','0','',8,'V5','00001959b2fc'),('00001959B8D8','0','','0','',8,'V5','00001959B8D8'),('00001959c451','0','','0','',8,'V5','00001959c451'),('00001959d13d','0','','0','',8,'V5','00001959d13d'),('00001959d2b8','0','','0','',8,'v5','00001959d2b8'),('00001959daaf','0','','0','',8,'v5','00001959daaf'),('00001959f149','0','','0','',8,'V5','00001959f149'),('00001959fee8','0','','0','',8,'V5','00001959fee8'),('0000195a05a8','0','','0','',8,'V5','0000195a05a8'),('0000195a19e3','0','','0','',8,'V5','0000195a19e3'),('0000195A1F5B','0','','0','',8,'V5','0000195A1F5B'),('0000195a7c6b','0','','0','',8,'V5','0000195a7c6b'),('0000195a8389','0','','0','',8,'V5','0000195a8389'),('0000195a8a22','0','','0','',8,'v5','0000195a8a22'),('0000195A8A6F','0','','0','',8,'V5','0000195A8A6F'),('0000195a9397','0','','0','',8,'V5','0000195a9397'),('0000195a9978','0','','0','',8,'V5','0000195a9978'),('0000195aa6c3','0','','0','',8,'V5','0000195aa6c3'),('0000195aabb9','0','','0','',8,'V5','0000195aabb9'),('000019BB2FAB','0','','0','',8,'V5','000019BB2FAB'),('000019BB49AD','0','','0','',8,'V5','000019BB49AD'),('000019BB4E48','0','','0','',21,'V5','000019BB4E48'),('000019BB758E','0','','0','',21,'V5','000019BB758E'),('000019BC08E4','0','','0','',8,'V5','000019BC08E4'),('000019BC1736','0','','0','',8,'V5','000019BC1736'),('000019BC23CE','0','','0','',21,'V5','000019BC23CE'),('00001a6d5fc9','0','','0','',8,'V5','00001a6d5fc9'),('000195A1F5B','0','','0','',8,'V5','000195A1F5B'),('00026B13E972','0','','0','',16,'','00026B13E972'),('00026B13E9D5','0','','0','',16,'','00026B13E9D5'),('00032D1317A8','0','','0','',14,'00032D1317A8/9',NULL),('00032D148DA4/5','0','','0','',14,'10004066495','00032D148DA4/5'),('00032D16AC5C','0','','0','',14,'00032D16AC5C/D',NULL),('00032D174920','0','','0','',14,'00032D174920/1',NULL),('001','1','N/A','1','N/A',13,'PCA212268-S3-7K REV.A','001'),('00190F28ABA1','0','','0','',9,'','00190F28ABA1'),('00190F2917CF','0','','0','',9,'','00190F2917CF'),('00190F2917D1','0','','0','',9,'','00190F2917D1'),('00190F2917D3','0','','0','',9,'','00190F2917D3'),('00190F2917E1','0','','0','',9,'','00190F2917E1'),('00190F291827','0','','0','',9,'','00190F291827'),('00190F29183B','0','','0','',9,'','00190F29183B'),('00190F29187B','0','','0','',9,'','00190F29187B'),('002','1','N/A','1','N/A',13,'PCA212268-S3-7K REV.A','002'),('003','1','N/A','1','N/A',13,'PCA212268-S3-7K REV.A','003'),('0032D149BA0','0','','0','',25,'',NULL),('004','0','','0','',13,'PCA212268-S3-7K REV.A','004'),('005','0','','0','',25,'PCA212268-S3-7K REV.A','005'),('006','0','','0','',25,'PCA212268-S3-7K REV.A','006'),('007','0','','0','',25,'PCA212268-S3-7K REV.A','007'),('008','0','','0','',25,'PCA212268-S3-7K REV.A','008'),('009','0','','0','',25,'PCA212268-S3-7K REV.A','009'),('010','0','','0','',25,'PCA212268-S3-7K REV.A','010'),('0100CEEE14000035','0','','0','',19,'V5','0100CEEE14000035'),('0100F7EE14000042','0','','0','',19,'','0100F7EE14000042'),('01010B031500008D','0','','0','',22,'','01010B031500008D'),('010217EF14000079','0','','0','',19,'','010217EF14000079'),('0102C1E11700004A','0','','0','',16,'','0102C1E11700004A'),('0103DFD116000040','0','','0','',19,'BI_D4.2.13_A','0103DFD116000040'),('0103ECE117000069','0','','0','',16,'','0103ECE117000069'),('0106E1EE14000010','0','','0','',19,'B1_D30.8A','0106E1EE14000010'),('01070F0315000020','0','','0','',19,'-','01070F0315000020'),('01079133140000D6','0','','0','',22,'','01079133140000D6'),('01090FEF140000C3','0','','0','',19,'BI_D3.0.8_A','01090FEF140000C3'),('010ECF32140000F8','0','','0','',19,'BI_D4.1.10_A','010ECF32140000F8'),('011','0','','0','',25,'PCA212268-S3-7K REV.A','011'),('01120A0315000042','0','','0','',25,'-','01120A0315000042'),('01120C03150000DE','0','','0','',19,'-','01120C03150000DE'),('0112E2EE140000D9','0','','0','',19,'','0112E2EE140000D9'),('0115D5EE14000089','0','','0','',19,'BI_D3.0.8_A','0115D5EE14000089'),('011720EF1400001C','0','','0','',19,'BI_D3.0.8_A','011720EF1400001C'),('0117DDE1170000A7','0','','0','',16,'','0117DDE1170000A7'),('011817EF140000ED','0','','0','',19,'BI_D3.0.8_A','011817EF140000ED'),('011A27EF14000007','0','','0','',19,'BI_D3.0.8_A','011A27EF14000007'),('011B0AE21700005D','0','','0','',25,'-','011B0AE21700005D'),('011CBE321400006D','0','','0','',19,'BI_D4.1.10_A','011CBE321400006D'),('011E0FEF1400001D','0','','0','',19,'BI_D3.0.8_A','011E0FEF1400001D'),('011E544916000017','0','','0','',25,'-','011E544916000017'),('011F15EF140000EB','0','','0','',19,'-','011F15EF140000EB'),('012','0','','0','',25,'PCA212268-S3-7K REV.A','012'),('0121C5EE140000C4','0','','0','',19,'','0121C5EE140000C4'),('0123D0E11700007A','0','','0','',16,'','0123D0E11700007A'),('0126F5271400006F','0','','0','',19,'BI_D3.0.8_A','0126F5271400006F'),('01290C0315000CB','0','','0','',19,'','01290C0315000CB'),('012B20EF1400008C','0','','0','',19,'','012B20EF1400008C'),('012B4349160000F1','0','','0','',22,'','012B4349160000F1'),('013','0','','0','',25,'PCA212268-S3-7K REV.A','013'),('01300FEF140000B8','0','','0','',19,'','01300FEF140000B8'),('01301203150000D8','0','','0','',22,'','01301203150000D8'),('013143E417000037','0','','0','',16,'-','013143E417000037'),('0131625B140000ED','0','','0','',19,'BI_D3.0.8_A','0131625B140000ED'),('013317EF140000A3','0','','0','',19,'','013317EF140000A3'),('0133CF321400005F','0','','0','',22,'','0133CF321400005F'),('01368-001','0','','0','',10,'609855','01368-001'),('01368-002','0','','0','',10,'609855','01368-002'),('01368-003','0','','0','',10,'609855','01368-003'),('01368-004','5','MOLEX','2','MOLEX',10,'','01368-004'),('01368-005','0','','0','',10,'609855','01368-005'),('01368-006','0','','0','',10,'609855','01368-006'),('01369-001','0','','0','',10,'609855','01369-001'),('01369-002','0','','0','',10,'609855','01369-002'),('01369-003','0','','0','',10,'609855','01369-003'),('01369-004','0','','0','',10,'609855','01369-004'),('01369-005','0','','0','',10,'609855','01369-005'),('01369-006','0','','0','',10,'609855','01369-006'),('0137C9321400001F','0','','0','',19,'','0137C9321400001F'),('0137CBEE1400008F','0','','0','',19,'','0137CBEE1400008F'),('013824EF14000091','0','','0','',19,'','013824EF14000091'),('01391','0','','0','',12,'AP-7-02','01391'),('01396349160000F1','0','','0','',22,'-','01396349160000F1'),('013AE0EE1400004D','0','','0','',19,'BI_D3.0.8_A','013AE0EE1400004D'),('013C7D5816000073','0','','0','',22,'','013C7D5816000073'),('013E5280140000D8','0','','0','',19,'BI_D3.0.8_A','013E5280140000D8'),('013F59491600007','0','','0','',22,'','013F59491600007'),('013FCBEE1400002E','0','','0','',19,'BI_D4.1.11_A','013FCBEE1400002E'),('01411BEF14000074','0','','0','',19,'','01411BEF14000074'),('01435A5B140000A1','0','','0','',19,'BI_D3.0.8_A','01435A5B140000A1'),('0148D932140000DF','0','','0','',22,'','0148D932140000DF'),('0148D9EE140000CC','0','','0','',19,'BI_D3.0.8_A','0148D9EE140000CC'),('014AC7E117000002','0','','0','',25,'-','014AC7E117000002'),('014BEC06160000D9','0','','0','',19,'V5','014BEC06160000D9'),('014D9EE140000CC','0','','0','',19,'BI_D3.0.8_A',NULL),('014DC7EE140000F9','0','','0','',19,'BI_D3.0.8_A','014DC7EE140000F9'),('014E584916000018','0','','0','',25,'-','014E584916000018'),('014F1DEF140000FB','0','','0','',19,'BI_D3.0.8_A','014F1DEF140000FB'),('014F23EF140000DD','0','','0','',19,'','014F23EF140000DD'),('014F683314000057','0','','0','',19,'BI_D3.0.8_A','014F683314000057'),('01528BAC160000E6','0','','0','',22,'','01528BAC160000E6'),('0153FDEE14000088','0','','0','',19,'','0153FDEE14000088'),('0154DCEE14000038','0','','0','',19,'BI_D3.0.8_A','0154DCEE14000038'),('0156FCEE140000AE','0','','0','',19,'BI_D3.0.8_A','0156FCEE140000AE'),('015717031500004C','0','','0','',22,'','015717031500004C'),('0158F72714000067','0','','0','',19,'BI_D3.0.8_A','0158F72714000067'),('015E4EE41700003C','0','','0','',16,'-','015E4EE41700003C'),('015EDCEE140000F7','0','','0','',19,'BI_D3.0.8_A','015EDCEE140000F7'),('0160A45B1400004A','0','','0','',19,'','0160A45B1400004A'),('0165E8EE14000079','0','','0','',19,'BI_D3.0.8_a','0165E8EE14000079'),('0166714816000004','0','','0','',22,'','0166714816000004'),('0166CE3214000057','0','','0','',22,'','0166CE3214000057'),('0168FB0215000F1','0','','0','',19,'BI_D4.1.11_A','0168FB0215000F1'),('016C982714000028','0','','0','',22,'','016C982714000028'),('016CF5EE1400007F','0','','0','',19,'','016CF5EE1400007F'),('016D08031500007D','0','','0','',19,'-','016D08031500007D'),('016ED43214000037','0','','0','',19,'BI_D41.10A','016ED43214000037'),('016FD7B9150000A8','0','','0','',19,'B1_D41.10A','016FD7B9150000A8'),('0170F8EE140000B5','0','','0','',19,'','0170F8EE140000B5'),('01713','0','','0','',12,'AP-7-02','01713'),('01721','0','','0','',12,'AP-7-02','01721'),('01722','0','','0','',12,'AP-7-02','01722'),('01731','0','','0','',12,'AP-7-02','01731'),('01740AEEF140000C3','0','','0','',19,'','01740AEEF140000C3'),('01746A5B1400004D','0','','0','',19,'BI_D4.1.10_A','01746A5B1400004D'),('0174D2EE1400002C','0','','0','',19,'','0174D2EE1400002C'),('017972-3','0','','0','',26,'1622','017972-3'),('017ABE321400001C','0','','0','',19,'BI_D4.1.11_A','017ABE321400001C'),('017F0228140000BA','0','','0','',22,'','017F0228140000BA'),('017F03EF140000C8','0','','0','',25,'_','017F03EF140000C8'),('017F130315000044','0','','0','',19,'BI_D4.1.10_A','017F130315000044'),('017f8dac16000086','0','','0','',22,'','017f8dac16000086'),('018159801400008B','0','','0','',19,'BI_D3.0.8_A','018159801400008B'),('0181BFE117000036','0','','0','',16,'','0181BFE117000036'),('018231B91800009D','0','','0','',19,'BI_D3.0.8_A','018231B91800009D'),('0182E2EE14000068','0','','0','',19,'','0182E2EE14000068'),('0184BDEE14000020','0','','0','',19,'BI_D3.0.8_A','0184BDEE14000020'),('0188E8EE1400001A','0','','0','',19,'BI_D3.0.8_A','0188E8EE1400001A'),('0188E8ER1400001A','0','','0','',19,'BI_D3.0.8_A',NULL),('0189CCEE140000CA','0','','0','',19,'','0189CCEE140000CA'),('018CB8B9150000A6','0','','0','',19,'','018CB8B9150000A6'),('0190C1EE140000EB','0','','0','',19,'','0190C1EE140000EB'),('0190CFB9150000BC','0','','0','',22,'','0190CFB9150000BC'),('0193305C180000F4','0','','0','',19,'BI_D4.2.13_A','0193305C180000F4'),('019578E417000043','0','','0','',16,'','019578E417000043'),('0196CDEE14000078','0','','0','',19,'BI_D3.0.8_A','0196CDEE14000078'),('019BC1EE14000013','0','','0','',19,'BI_D3.0.8_A','019BC1EE14000013'),('019BC3EE14000090','0','','0','',19,'BI_D3.0.8_A','019BC3EE14000090'),('019C7B4916000004','0','','0','',22,'','019C7B4916000004'),('019DCAEE140000D1','0','','0','',22,'','019DCAEE140000D1'),('01A0585B14000052','0','','0','',19,'','01A0585B14000052'),('01A06B801400000D','0','','0','',19,'V5','01A06B801400000D'),('01A0E9271400006A','0','','0','',22,'','01A0E9271400006A'),('01A1CBEE1400008C','0','','0','',19,'BI_D3.0.8_A','01A1CBEE1400008C'),('01A1D4EE1400009F','0','','0','',19,'','01A1D4EE1400009F'),('01A50AEF14000030','0','','0','',19,'BI_D3.0.8_A','01A50AEF14000030'),('01A80AEF1400007A','0','','0','',19,'BI_D3.0.8_A','01A80AEF1400007A'),('01A827EF1400006E','0','','0','',19,'','01A827EF1400006E'),('01A9ED27140000E3','0','','0','',19,'','01A9ED27140000E3'),('01AD1303150000EE','0','','0','',22,'','01AD1303150000EE'),('01ADD6EE14000061','0','','0','',19,'BI_D3.0.8_A','01ADD6EE14000061'),('01AEDDE117000036','0','','0','',16,'-','01AEDDE117000036'),('01B1E3EE14000011','0','','0','',19,'BI_D3.0.8_A','01B1E3EE14000011'),('01B38AB915000068','0','','0','',19,'BI_D4.1.10_A','01B38AB915000068'),('01B4F3EE14000096','0','','0','',19,'','01B4F3EE14000096'),('01B5C5E1170000D7','0','','0','',16,'-','01B5C5E1170000D7'),('01B8554F14000072','0','','0','',19,'','01B8554F14000072'),('01B9D6EE140000E6','0','','0','',19,'BI_D3.0.8_A','01B9D6EE140000E6'),('01BAC7321400001D','0','','0','',22,'','01BAC7321400001D'),('01BCC42714000058','0','','0','',22,'','01BCC42714000058'),('01BDD8321400008B','0','','0','',19,'V5','01BDD8321400008B'),('01BE58801400008F','0','','0','',19,'BI_D3.0.8_A','01BE58801400008F'),('01BFD6EE14000054','0','','0','',19,'','01BFD6EE14000054'),('01BFF52714000048','0','','0','',22,'','01BFF52714000048'),('01C1C43214000033','0','','0','',19,'BI_D4.1.10_A','01C1C43214000033'),('01C3B7021500009D','0','','0','',22,'','01C3B7021500009D'),('01C44F4916000010','0','','0','',22,'','01C44F4916000010'),('01C4CAEE14000069','0','','0','',19,'BI_D3.0.8_A','01C4CAEE14000069'),('01C56B8014000025','0','','0','',19,'BI_D3.0.8_A','01C56B8014000025'),('01C5F2EE140000E4','0','','0','',19,'','01C5F2EE140000E4'),('01C6635B140000D7','0','','0','',19,'BI_D3.0.8_A','01C6635B140000D7'),('01C6F2EE140000BD','0','','0','',19,'BI_D3.0.8_A','01C6F2EE140000BD'),('01C71CEF1400007D','0','','0','',19,'BI_D3.0.8_A','01C71CEF1400007D'),('01CB12EF140000A2','0','','0','',19,'BI_D3.0.8_A','01CB12EF140000A2'),('01CC01EF14000015','0','','0','',19,'BI_D3.0.8_A','01CC01EF14000015'),('01CCD6EE14000095','0','','0','',19,'','01CCD6EE14000095'),('01CCE9021500008E','0','','0','',19,'','01CCE9021500008E'),('01CD1C0315000042','0','','0','',22,'','01CD1C0315000042'),('01CE1CEF140000EB','0','','0','',19,'BI_D3.0.8_A','01CE1CEF140000EB'),('01D0304916000095','0','','0','',22,'','01D0304916000095'),('01D17B491600003B','0','','0','',22,'','01D17B491600003B'),('01D1EE5716000073','0','','0','',22,'','01D1EE5716000073'),('01D3A75B1400005A','0','','0','',19,'BI_D3.0.8_A','01D3A75B1400005A'),('01D3A957160000A5','0','','0','',22,'','01D3A957160000A5'),('01D4F2EE14000088','0','','0','',19,'','01D4F2EE14000088'),('01D65E4916000094','0','','0','',22,'','01D65E4916000094'),('01D6D6EE14000001','0','','0','',19,'BI_D3.0.8_A','01D6D6EE14000001'),('01D7B7021500001A','0','','0','',19,'','01D7B7021500001A'),('01D7E8EE14000010','0','','0','',19,'','01D7E8EE14000010'),('01D9B80215000066','0','','0','',19,'BI_D4.1.10_A','01D9B80215000066'),('01DB0FFE1700003A','0','','0','',19,'BI_D4.2.13_A','01DB0FFE1700003A'),('01DCAB5B1400005F','0','','0','',19,'','01DCAB5B1400005F'),('01DD5980140000D8','0','','0','',19,'','01DD5980140000D8'),('01E01AEF140000D2','0','','0','',19,'','01E01AEF140000D2'),('01E21803150000CF','0','','0','',22,'','01E21803150000CF'),('01E2CD321400002F','0','','0','',19,'BI_D4.1.10_A','01E2CD321400002F'),('01E6E85716000087','0','','0','',22,'','01E6E85716000087'),('01E7758915000053','0','','0','',25,'-','01E7758915000053'),('01EACFEE1400001E','0','','0','',19,'','01EACFEE1400001E'),('01EB2E4916000058','0','','0','',22,'-','01EB2E4916000058'),('01EB2E491600005E','0','','0','',22,'-','01EB2E491600005E'),('01EFF2EE1400009D','0','','0','',19,'','01EFF2EE1400009D'),('01F2EFEE1400001C','0','','0','',19,'BI_D3.0.8_A','01F2EFEE1400001C'),('01F30A031500005C','0','','0','',19,'','01F30A031500005C'),('01F3D832140000ED','0','','0','',19,'BI_D4.1.10_A','01F3D832140000ED'),('01F3DB32140000A3','0','','0','',22,'','01F3DB32140000A3'),('01FAE127140000B5','0','','0','',22,'','01FAE127140000B5'),('01FB22EF140000CB','0','','0','',25,'-','01FB22EF140000CB'),('01FBE12714000082','0','','0','',19,'','01FBE12714000082'),('01FFD83214000090','0','','0','',22,'','01FFD83214000090'),('0322915039187','0','','0','',16,'FF2BL-PUB','0322915039187'),('0732','0','','0','',13,'428330','0732'),('0810','0','','0','',13,'428330','0810'),('0822915039747','0','','0','',16,'FF2BL-PUB','0822915039747'),('0901060838','0','','0','',15,'','0901060838'),('0903061825','0','','0','',14,'','0903061825'),('0903061845','0','','0','',14,'','0903061845'),('0908052092','0','','0','',14,'','0908052092'),('0908062052','0','','0','',14,'00032D1233E8/9','0908062052'),('0908062082','0','','0','',14,'00032D1233FE/F','0908062082'),('0912064641','0','','0','',14,'','0912064641'),('0912064659','0','','0','',14,'','0912064659'),('0912064668','0','','0','',14,'','0912064668'),('0912064727','0','','0','',14,'','0912064727'),('1','1','N/A','1','N/A',8,'1','1'),('10','1','N/A','1','N/A',17,'1','10'),('100','0','','0','',17,'1','100'),('1004066467','0','','0','',14,'00032D149B72/3','1004066467'),('1004066470','0','','0','',14,'00032D148D94/5','1004066470'),('1004066472','0','','0','',14,'','1004066472'),('1004066489','0','','0','',14,'00032D148DAA/B','1004066489'),('1004066502','0','','0','',25,'','1004066502'),('1005060959','0','','0','',14,'00032D131732/3','1005060959'),('1005060963','0','','0','',14,'00032D13173A/B','1005060963'),('1005060964','0','','0','',14,'00032D13173C/D','1005060964'),('1005061007','0','','0','',14,'','1005061007'),('1005061018','0','','0','',14,'00032D1317A8/9','1005061018'),('1005061021','0','','0','',14,'00032D1317AE/F','1005061021'),('1005061030','0','','0','',14,'','1005061030'),('1005061034','0','','0','',14,'','1005061034'),('1009011455','0','','0','',14,'00032D174920/1','1009011455'),('1009011460','0','','0','',14,'00032D17492C/D','1009011460'),('101','0','','0','',17,'1','101'),('1011007738','0','','0','',14,'00032D16ABE8/9','1011007738'),('1011007749','0','','0','',14,'','1011007749'),('1011007750','0','','0','',14,'00032D16AB68/9','1011007750'),('1012004825','0','','0','',14,'','1012004825'),('1012004841','0','','0','',14,'00032D16AC5C/D','1012004841'),('103','0','','0','',17,'1','103'),('104','0','','0','',17,'1','104'),('105','0','','0','',17,'1','105'),('106','0','','0','',8,'1','106'),('107','0','','0','',8,'1','107'),('108','0','','0','',8,'1','108'),('109','0','','0','',8,'1','109'),('11','1','N/A','1','N/A',17,'1','11'),('110','0','','0','',22,'1','110'),('1102008079','0','','0','',14,'','1102008079'),('1104014637','0','','0','',14,'V5','1104014637'),('1104014719','0','','0','',14,'00032D191D76/7','1104014719'),('1104014744','0','','0','',14,'','1104014744'),('1105002728','0','','0','',14,'','1105002728'),('1105002738','0','','0','',14,'','1105002738'),('1106004903','0','','0','',14,'','1106004903'),('1107007476','0','','0','',14,'00032D191F4A/B','1107007476'),('1107007519','0','','0','',14,'','1107007519'),('1107007522','0','','0','',14,'','1107007522'),('1108002092','0','','0','',14,'','1108002092'),('1108002096','0','','0','',14,'','1108002096'),('1108002099','0','','0','',14,'','1108002099'),('1108002102','0','','0','',14,'','1108002102'),('1108002103','0','','0','',14,'','1108002103'),('1108002105','0','','0','',14,'','1108002105'),('1108002108','0','','0','',14,'','1108002108'),('1108002110','0','','0','',14,'','1108002110'),('1108002111','0','','0','',14,'','1108002111'),('1108002125','0','','0','',14,'','1108002125'),('1108002129','0','','0','',14,'','1108002129'),('1108002132','0','','0','',14,'','1108002132'),('1108002133','0','','0','',14,'','1108002133'),('1108002134','0','','0','',14,'','1108002134'),('1108002135','0','','0','',14,'','1108002135'),('1108002138','0','','0','',14,'','1108002138'),('1108002139','0','','0','',8,'V5','1108002139'),('1108002141','0','','0','',14,'','1108002141'),('1108006222','0','','0','',14,'','1108006222'),('1108006223','0','','0','',14,'','1108006223'),('1108006225','0','','0','',14,'','1108006225'),('1108006226','0','','0','',14,'WY011701570111','1108006226'),('1108006227','0','','0','',14,'','1108006227'),('1108006228','0','','0','',14,'','1108006228'),('1108006229','0','','0','',14,'','1108006229'),('1108006241','0','','0','',8,'V5','1108006241'),('1108006242','0','','0','',14,'','1108006242'),('1108006246','0','','0','',14,'','1108006246'),('1108006251','0','','0','',14,'','1108006251'),('1108006255','0','','0','',14,'','1108006255'),('1108006259','0','','0','',14,'','1108006259'),('111','0','','0','',22,'1','111'),('1111063947','0','','0','',15,'MB-EG7801.0','1111063947'),('1111063948','0','','0','',15,'MB-EG7801.0','1111063948'),('1111063951','0','','0','',15,'MB-EG7801.0','1111063951'),('1111063953','0','','0','',15,'MB-EG7801.0','1111063953'),('1111063955','0','','0','',15,'MB-EG7801.0','1111063955'),('1111063957','0','','0','',15,'MB-EG7801.0','1111063957'),('1111063961','0','','0','',15,'MB-EG7801.0','1111063961'),('1111063964','0','','0','',15,'DLV-MBE Rev 1.0','1111063964'),('1111063965','0','','0','',15,'MB-EG7801.0','1111063965'),('1111063966','0','','0','',15,'MB-EG7801.0','1111063966'),('1111063970','0','','0','',15,'MB-EG7801.0','1111063970'),('1111063972','0','','0','',15,'MB-EG7801.0','1111063972'),('1111063973','0','','0','',15,'MB-EG7801.0','1111063973'),('1111063981','0','','0','',15,'DLV-MBE Rev 1.0','1111063981'),('1111063982','0','','0','',15,'MB-EG7801.0','1111063982'),('1111063983','0','','0','',15,'MB-EG7801.0','1111063983'),('1111063985','0','','0','',15,'MB-EG7801.0','1111063985'),('1111111','0','','0','',27,'','1111111'),('1111112','0','','0','',27,'','1111112'),('1111113','0','','0','',27,'','1111113'),('1111115','0','','0','',27,'','1111115'),('1111116','0','','0','',27,'','1111116'),('1111117','0','','0','',27,'','1111117'),('111112','0','','0','',8,'V5','111112'),('1111EEEE','0','','0','',10,'609855','1111EEEE'),('1112007356','0','','0','',14,'','1112007356'),('1112007357','0','','0','',14,'','1112007357'),('1112007358','0','','0','',14,'','1112007358'),('1112007360','0','','0','',14,'','1112007360'),('1112007361','0','','0','',14,'','1112007361'),('1112007362','0','','0','',14,'','1112007362'),('1112007363','0','','0','',14,'','1112007363'),('1112007369','0','','0','',14,'','1112007369'),('1112007370','0','','0','',14,'','1112007370'),('1112007371','0','','0','',14,'','1112007371'),('1112007372','0','','0','',14,'','1112007372'),('1112007376','0','','0','',8,'V5','1112007376'),('1112007394','0','','0','',14,'','1112007394'),('1112007396','0','','0','',14,'','1112007396'),('1112007398','0','','0','',14,'','1112007398'),('1112007405','0','','0','',14,'','1112007405'),('1112007406','0','','0','',14,'','1112007406'),('112','0','','0','',22,'1','112'),('113','0','','0','',22,'1','113'),('114','0','','0','',22,'1','114'),('115','0','','0','',8,'1','115'),('116','0','','0','',8,'1','116'),('117','0','','0','',8,'1','117'),('12','1','N/A','1','N/A',13,'1','12'),('1203003973','0','','0','',14,'','1203003973'),('1206009509','0','','0','',15,'','1206009509'),('1206009513','0','','0','',15,'','1206009513'),('1206009514','0','','0','',15,'DLV-MBE Rev 1.0','1206009514'),('1206009516','0','','0','',15,'DLV-MBE Rev 1.0','1206009516'),('1206009517','0','','0','',15,'DWS','1206009517'),('1206009518','0','','0','',15,'','1206009518'),('1206062887','0','','0','',14,'','1206062887'),('1206062910','0','','0','',14,'00032D1F5704/5','1206062910'),('120606291000','0','','0','',14,'00032D1F5704/5','120606291000'),('1208064546','0','','0','',14,'00032D1F9352/3','1208064546'),('1208064555','0','','0','',14,'','1208064555'),('1208064557','0','','0','',14,'','1208064557'),('1208064561','0','','0','',14,'00032D1F9340/1','1208064561'),('1208064565','0','','0','',14,'','1208064565'),('1208064582','0','','0','',14,'00032D1F9322/3','1208064582'),('122','0','','0','',22,'','122'),('122202','0','','0','',18,'','122202'),('122203','0','','0','',18,'','122203'),('122204','0','','0','',18,'','122204'),('122205','0','','0','',18,'','122205'),('123','0','','0','',22,'','123'),('1234','0','','0','',18,'','1234'),('1235','0','','0','',18,'','1235'),('1236','0','','0','',18,'','1236'),('1237','0','','0','',18,'','1237'),('1238','0','','0','',18,'','1238'),('1239','0','','0','',18,'','1239'),('124','0','','0','',22,'','124'),('1240','0','','0','',11,'','1240'),('1241','0','','0','',11,'','1241'),('1242','0','','0','',11,'','1242'),('1243','0','','0','',11,'','1243'),('1244','0','','0','',8,'','1244'),('1245','0','','0','',8,'','1245'),('1246','0','','0','',8,'','1246'),('1247','0','','0','',8,'','1247'),('1248','0','','0','',8,'','1248'),('1249','0','','0','',8,'','1249'),('125','0','','0','',22,'','125'),('1250','0','','0','',19,'','1250'),('1251','0','','0','',19,'','1251'),('1252','0','','0','',19,'','1252'),('1253','0','','0','',19,'','1253'),('1254','0','','0','',19,'','1254'),('1255','0','','0','',19,'','1255'),('1256','0','','0','',18,'','1256'),('1257','0','','0','',18,'','1257'),('1258','0','','0','',18,'','1258'),('1259','0','','0','',18,'','1259'),('126','0','','0','',13,'','126'),('1260','0','','0','',8,'','1260'),('1261','0','','0','',8,'','1261'),('1262','0','','0','',8,'','1262'),('1263','0','','0','',8,'','1263'),('1264','0','','0','',8,'','1264'),('1265','0','','0','',8,'','1265'),('1266','0','','0','',8,'','1266'),('1267','0','','0','',8,'','1267'),('1268','0','','0','',8,'','1268'),('1269','0','','0','',8,'','1269'),('127','0','','0','',20,'','127'),('1270','0','','0','',8,'','1270'),('1271','0','','0','',8,'','1271'),('1272','0','','0','',8,'','1272'),('1273','0','','0','',8,'','1273'),('1274','0','','0','',8,'','1274'),('1275','0','','0','',8,'','1275'),('1276','0','','0','',8,'','1276'),('1277','0','','0','',8,'','1277'),('1278','0','','0','',8,'','1278'),('1279','0','','0','',8,'','1279'),('128','0','','0','',20,'','128'),('1280','0','','0','',8,'','1280'),('1281','0','','0','',8,'','1281'),('1282','0','','0','',8,'','1282'),('1283','0','','0','',8,'','1283'),('1284','0','','0','',8,'','1284'),('1285','0','','0','',8,'','1285'),('1286','0','','0','',8,'','1286'),('1287','0','','0','',8,'','1287'),('1288','0','','0','',8,'','1288'),('1289','0','','0','',8,'','1289'),('129','0','','0','',20,'','129'),('1290','0','','0','',8,'','1290'),('1291','0','','0','',8,'','1291'),('1292','0','','0','',8,'','1292'),('1293','0','','0','',8,'','1293'),('1294','0','','0','',8,'','1294'),('1295','0','','0','',8,'','1295'),('1296','0','','0','',8,'','1296'),('1297','0','','0','',8,'','1297'),('1298','0','','0','',8,'','1298'),('1299','0','','0','',8,'','1299'),('13','1','N/A','1','N/A',13,'1','13'),('130','0','','0','',20,'','130'),('1300','0','','0','',17,'','1300'),('1301','0','','0','',17,'','1301'),('1302','0','','0','',8,'','1302'),('1303','0','','0','',17,'','1303'),('1304','0','','0','',17,'','1304'),('1305','0','','0','',14,'','1305'),('1306','0','','0','',14,'','1306'),('1307','0','','0','',8,'','1307'),('1308','0','','0','',8,'','1308'),('1309','0','','0','',22,'','1309'),('131','0','','0','',20,'','131'),('1310','0','','0','',22,'','1310'),('1311','0','','0','',22,'','1311'),('1312','0','','0','',8,'','1312'),('1312064','0','','0','',14,'','1312064'),('1312064629','0','','0','',14,'','1312064629'),('1312064714','0','','0','',14,'00032D25FF20','1312064714'),('1312064___','0','','0','',14,'00032D25F___','1312064___'),('1313','0','','0','',8,'','1313'),('1314','0','','0','',22,'','1314'),('1315','0','','0','',22,'','1315'),('1316','0','','0','',22,'','1316'),('1317','0','','0','',8,'','1317'),('1318','0','','0','',8,'','1318'),('1319','0','','0','',8,'','1319'),('132','0','','0','',13,'','132'),('1320','0','','0','',12,'','1320'),('1321','0','','0','',12,'','1321'),('1322','0','','0','',12,'','1322'),('1323','0','','0','',12,'','1323'),('1324','0','','0','',12,'','1324'),('1325','0','','0','',11,'','1325'),('1326','0','','0','',11,'','1326'),('1327','0','','0','',11,'','1327'),('1328','0','','0','',11,'','1328'),('1329','0','','0','',11,'','1329'),('133','0','','0','',16,'','133'),('1330','0','','0','',11,'','1330'),('1331','0','','0','',11,'','1331'),('1332','0','','0','',8,'','1332'),('1333','0','','0','',8,'','1333'),('1334','0','','0','',8,'','1334'),('1335','0','','0','',8,'','1335'),('1336','0','','0','',8,'','1336'),('1337','0','','0','',8,'','1337'),('1338','0','','0','',8,'','1338'),('1339','0','','0','',8,'','1339'),('134','0','','0','',24,'','134'),('1340','0','','0','',8,'','1340'),('1341','0','','0','',8,'','1341'),('1342','0','','0','',8,'','1342'),('1343','0','','0','',8,'','1343'),('1344','0','','0','',8,'','1344'),('1345','0','','0','',8,'','1345'),('1346','0','','0','',8,'','1346'),('1347','0','','0','',8,'','1347'),('1348','0','','0','',11,'','1348'),('1349','0','','0','',11,'','1349'),('135','0','','0','',24,'','135'),('1350','0','','0','',8,'','1350'),('1351','0','','0','',8,'','1351'),('1352','0','','0','',8,'','1352'),('1353','0','','0','',8,'','1353'),('1354','0','','0','',8,'','1354'),('1355','0','','0','',8,'','1355'),('1356','0','','0','',8,'','1356'),('1357','0','','0','',8,'','1357'),('1358','0','','0','',8,'','1358'),('1359','0','','0','',8,'','1359'),('136','0','','0','',24,'','136'),('1360','0','','0','',8,'','1360'),('1361','0','','0','',8,'','1361'),('1362','0','','0','',13,'','1362'),('1363','0','','0','',13,'','1363'),('1364','0','','0','',13,'','1364'),('1365','0','','0','',13,'','1365'),('1366','0','','0','',13,'','1366'),('1367','0','','0','',13,'','1367'),('1368','0','','0','',13,'','1368'),('1369','0','','0','',13,'','1369'),('137','0','','0','',24,'','137'),('1370','0','','0','',24,'','1370'),('1371','0','','0','',24,'','1371'),('1372','0','','0','',24,'','1372'),('1373','0','','0','',24,'','1373'),('1374','0','','0','',24,'','1374'),('1375','0','','0','',24,'','1375'),('1376','0','','0','',24,'','1376'),('1377','0','','0','',24,'','1377'),('1378','0','','0','',17,'','1378'),('1379','0','','0','',17,'','1379'),('138','0','','0','',24,'','138'),('1380','0','','0','',17,'','1380'),('1381','0','','0','',17,'','1381'),('1382','0','','0','',17,'','1382'),('1383','0','','0','',17,'','1383'),('1384','0','','0','',11,'','1384'),('1385','0','','0','',11,'','1385'),('1386','0','','0','',11,'','1386'),('1387','0','','0','',11,'','1387'),('1388','0','','0','',22,'','1388'),('1389','0','','0','',22,'','1389'),('139','0','','0','',24,'','139'),('1390','0','','0','',22,'','1390'),('1391','0','','0','',8,'','1391'),('1392','0','','0','',8,'','1392'),('1393','0','','0','',17,'','1393'),('1394','0','','0','',17,'','1394'),('1395','0','','0','',17,'','1395'),('1396','0','','0','',17,'','1396'),('1397','0','','0','',16,'','1397'),('1398','0','','0','',16,'','1398'),('1399','0','','0','',22,'','1399'),('14','1','N/A','1','N/A',13,'1','14'),('140','0','','0','',24,'','140'),('1401','0','','0','',22,'','1401'),('140110-00043437','0','','0','',22,'00017165-0230','140110-00043437'),('140114-00044702','0','','0','',22,'00017165-0230','140114-00044702'),('1402','0','','0','',22,'','1402'),('1403','0','','0','',22,'','1403'),('1404','0','','0','',18,'','1404'),('1405','0','','0','',18,'','1405'),('1406','0','','0','',23,'','1406'),('1407','0','','0','',8,'','1407'),('1408','0','','0','',8,'','1408'),('1409','0','','0','',8,'','1409'),('141','0','','0','',24,'','141'),('1410','0','','0','',8,'','1410'),('1411','0','','0','',8,'','1411'),('1412','0','','0','',8,'','1412'),('1412000463','0','','0','',15,'MB-EG7801.0','1412000463'),('1412000469','0','','0','',15,'','1412000469'),('1413','0','','0','',8,'','1413'),('1414','0','','0','',20,'','1414'),('1415','0','','0','',20,'','1415'),('1416','0','','0','',20,'','1416'),('1417','0','','0','',20,'','1417'),('1418','0','','0','',20,'','1418'),('1419','0','','0','',20,'','1419'),('1420','0','','0','',8,'','1420'),('1421','0','','0','',8,'','1421'),('1422','0','','0','',8,'','1422'),('1423','0','','0','',8,'','1423'),('1424','0','','0','',8,'','1424'),('1425','0','','0','',8,'','1425'),('1426','0','','0','',8,'','1426'),('1427','0','','0','',8,'','1427'),('1428','0','','0','',8,'','1428'),('1429','0','','0','',22,'','1429'),('143','0','','0','',24,'','143'),('1430','0','','0','',22,'','1430'),('1431','0','','0','',22,'','1431'),('1432','0','','0','',22,'','1432'),('1433','0','','0','',22,'','1433'),('1434','0','','0','',22,'','1434'),('1435','0','','0','',22,'','1435'),('1436','0','','0','',22,'','1436'),('1437','0','','0','',11,'','1437'),('1438','0','','0','',11,'','1438'),('1439','0','','0','',11,'','1439'),('144','0','','0','',24,'','144'),('1440','0','','0','',11,'','1440'),('1441','0','','0','',11,'','1441'),('1442','0','','0','',11,'','1442'),('1443','0','','0','',11,'','1443'),('1444','0','','0','',11,'','1444'),('1445','0','','0','',11,'','1445'),('1446','0','','0','',11,'','1446'),('1447','0','','0','',11,'','1447'),('1448','0','','0','',11,'','1448'),('1449','0','','0','',11,'','1449'),('1450','0','','0','',11,'','1450'),('1451','0','','0','',11,'','1451'),('1452','0','','0','',11,'','1452'),('1453','0','','0','',14,'','1453'),('1454','0','','0','',22,'','1454'),('1455','0','','0','',17,'','1455'),('1456','0','','0','',17,'','1456'),('1457','0','','0','',17,'','1457'),('1458','0','','0','',17,'','1458'),('1459','0','','0','',17,'','1459'),('1460','0','','0','',17,'','1460'),('1461','0','','0','',8,'','1461'),('1462','0','','0','',8,'','1462'),('1463','0','','0','',8,'','1463'),('1464','0','','0','',17,'','1464'),('1465','0','','0','',17,'','1465'),('1466','0','','0','',17,'','1466'),('1467','0','','0','',17,'','1467'),('1468','0','','0','',17,'','1468'),('1469','0','','0','',17,'','1469'),('1470','0','','0','',17,'','1470'),('1471','0','','0','',17,'','1471'),('1472','0','','0','',24,'','1472'),('15','1','N/A','1','N/A',8,'1','15'),('150','0','','0','',22,'','150'),('150203-00387703','0','','0','',22,'00018966-0230','150203-00387703'),('150203-00387737','0','','0','',22,'00018966-0230','150203-00387737'),('150324-00455131','0','','0','',16,'00020489-0230','150324-00455131'),('150325-00457287','0','','0','',16,'00020489-0230','150325-00457287'),('1504117-00489430','1','N/A','1','N/A',22,'70660-001','1504117-00489430'),('150416-00486581','0','','0','',22,'70660-001','150416-00486581'),('150416-00487717','0','','0','',22,'70660-001','150416-00487717'),('150417-00488485','1','N/A','1','N/A',22,'70660-001','150417-00488485'),('150421-00493116','1','N/A','1','N/A',22,'70660-001','150421-00493116'),('150421-00493150','1','N/A','1','N/A',22,'70660-001','150421-00493150'),('150422-00493655','0','','0','',22,'70660-001','150422-00493655'),('150422-00493839','1','N/A','1','N/A',22,'70660-001','150422-00493839'),('150422-00493956','1','N/A','1','N/A',22,'70660-001','150422-00493956'),('150422-00494026','0','','0','',22,'70660-001','150422-00494026'),('150422-00494032','1','N/A','1','N/A',22,'70660-001','150422-00494032'),('1505R90034','0','','0','',20,'','1505R90034'),('150625-00569176','0','','0','',16,'00020781-0230','150625-00569176'),('150630-00571856','0','','0','',16,'00020781-0230','150630-00571856'),('1508000691','0','','0','',20,'MB-EG7801.0','1508000691'),('1508000696','0','','0','',25,'MB-EG7801.0','1508000696'),('1508000697','0','','0','',25,'MB-EG7801.0','1508000697'),('1508000704','0','','0','',20,'MB-EG7801.0','1508000704'),('1508000705','0','','0','',20,'MB-EG7801.0','1508000705'),('1508000706','0','','0','',20,'MB-EG7801.0','1508000706'),('1508000711','0','','0','',25,'MB-EG7801.0','1508000711'),('1508000717','0','','0','',20,'MB-EG7801.0','1508000717'),('1508000721','0','','0','',20,'MB-EG7801.0','1508000721'),('1508000722','0','','0','',20,'MB-EG7801.0','1508000722'),('1508000723','0','','0','',20,'MB-EG7801.0','1508000723'),('1508000727','0','','0','',20,'MB-EG7801.0','1508000727'),('1508000728','0','','0','',25,'MB-EG7801.0','1508000728'),('1508000729','0','','0','',20,'MB-EG7801.0','1508000729'),('1508000731','0','','0','',20,'MB-EG7801.0','1508000731'),('1508000766','0','','0','',20,'MB-EG7801.0','1508000766'),('1545851','0','','0','',11,'410541','1545851'),('16','1','N/A','1','N/A',8,'1','16'),('160','0','','0','',22,'','160'),('1605073164','0','','0','',20,'','1605073164'),('1605073169','0','','0','',20,'','1605073169'),('1605073171','0','','0','',20,'','1605073171'),('1605073178','0','','0','',20,'','1605073178'),('1605073189','0','','0','',20,'MB-EG7801.0','1605073189'),('1605073192','0','','0','',20,'MB-EG7801.0','1605073192'),('1605073197','0','','0','',20,'MB-EG7801.0','1605073197'),('1605073201','0','','0','',20,'MB-EG7801.0','1605073201'),('1605073205','0','','0','',20,'MB-EG7801.0','1605073205'),('1605073206','0','','0','',20,'MB-EG7801.0','1605073206'),('1605073231','0','','0','',20,'MB-EG7801.0','1605073231'),('1605073240','0','','0','',20,'MB-EG7801.0','1605073240'),('1605073244','0','','0','',20,'MB-EG7801.0','1605073244'),('1605073252','0','','0','',20,'MB-EG7801.0','1605073252'),('161','0','','0','',22,'','161'),('1619A0252','0','','0','',28,'WADE-8170-R130','1619A0252'),('1619A09479','0','','0','',28,'WADE-8170-R130','1619A09479'),('1619A09483','0','','0','',28,'WADE-8170-R130','1619A09483'),('1619A09490','0','','0','',28,'WADE-8170-R130','1619A09490'),('1619A09492','0','','0','',28,'WADE-8170-R130','1619A09492'),('1619A09493','0','','0','',28,'WADE-8170-R130','1619A09493'),('1619A09494','0','','0','',28,'WADE-8170-R130','1619A09494'),('1619A09573','0','','0','',28,'WADE-8170-R130','1619A09573'),('1619A09574','0','','0','',28,'WADE-8170-R130','1619A09574'),('1619A09575','0','','0','',28,'WADE-8170-R130','1619A09575'),('1619A09576','0','','0','',28,'WADE-8170-R130','1619A09576'),('1619A09578','0','','0','',28,'WADE-8170-R130','1619A09578'),('1619A09581','0','','0','',28,'WADE-8170-R130','1619A09581'),('1619A09582','0','','0','',28,'WADE-8170-R130','1619A09582'),('1619ED-0093','0','','0','',26,'SXLR REV 1.0','1619ED-0093'),('162','0','','0','',22,'','162'),('163','0','','0','',22,'','163'),('165','0','','0','',22,'','165'),('1654535','0','','0','',11,'410541','1654535'),('1654585','0','','0','',11,'410541','1654585'),('1654592','0','','0','',11,'410541','1654592'),('1654666','0','','0','',11,'410541','1654666'),('1655719','0','','0','',11,'410541','1655719'),('166','0','','0','',8,'','166'),('169','0','','0','',22,'','169'),('17','1','N/A','1','N/A',8,'1','17'),('170','0','','0','',22,'','170'),('1704E3-0305','0','','0','',26,'SXLR REV.1.0','1704E3-0305'),('1704E3-0427','0','','0','',26,'SXLR REV.1.0','1704E3-0427'),('1704E3-0629','0','','0','',26,'SXLR REV.1.0','1704E3-0629'),('1704E3-0808','0','','0','',26,'SXLR REV 1.0','1704E3-0808'),('1704E30452','0','','0','',26,'SXLR REV.1.0','1704E30452'),('171','0','','0','',22,'','171'),('1710061266','0','','0','',14,'','1710061266'),('1710061274','0','','0','',14,'','1710061274'),('1710061319','0','','0','',25,'','1710061319'),('1710061327','0','','0','',14,'','1710061327'),('1716E3-0042','0','','0','',26,'SXLR REV 1.0','1716E3-0042'),('1716E3-0128','0','','0','',26,'SXLR REV.1.0','1716E3-0128'),('1716E3-0137','0','','0','',26,'SXLR REV 1.0','1716E3-0137'),('1716E3-0184','0','','0','',26,'SXLR REV 1.0','1716E3-0184'),('1716E3-0192','0','','0','',26,'SXLR REV 1.0','1716E3-0192'),('1716E3-042','0','','0','',26,'SXLR REV 1.0','1716E3-042'),('1716E30051','0','','0','',26,'SXLR REV.1.0','1716E30051'),('172','0','','0','',17,'','172'),('173','0','','0','',17,'','173'),('174','0','','0','',17,'','174'),('177','0','','0','',17,'','177'),('177983-001','0','','0','',10,'60890','177983-001'),('177983-002','0','','0','',10,'60890','177983-002'),('177983-003','0','','0','',10,'60890','177983-003'),('177983-004','0','','0','',10,'60890','177983-004'),('177983-005','0','','0','',10,'60890','177983-005'),('177983-006','0','','0','',10,'60890','177983-006'),('177983-007','0','','0','',10,'60890','177983-007'),('177983-008','0','','0','',10,'60890','177983-008'),('177983-009','0','','0','',10,'60890','177983-009'),('177983-010','0','','0','',10,'60890','177983-010'),('179','0','','0','',11,'','179'),('18','1','N/A','1','N/A',8,'1','18'),('181','0','','0','',11,'','181'),('182','0','','0','',11,'','182'),('183','0','','0','',11,'','183'),('184','0','','0','',8,'','184'),('185','0','','0','',8,'','185'),('186','0','','0','',8,'','186'),('189','0','','0','',8,'','189'),('18930556','0','','0','',8,'V5',NULL),('18956429','0','','0','',8,'V5',NULL),('19','1','N/A','1','N/A',8,'1','19'),('191','0','','0','',8,'','191'),('193','0','','0','',8,'','193'),('195','0','','0','',8,'','195'),('197','0','','0','',8,'','197'),('198','0','','0','',8,'','198'),('199','0','','0','',22,'','199'),('2','1','N/A','1','N/A',8,'1','2'),('20','1','N/A','1','N/A',8,'1','20'),('200','0','','0','',8,'','200'),('201','0','','0','',22,'','201'),('201447500436','1','','1','',16,'2GB SOD PC2-6400 CL6','201447500436'),('20154501858','1','N/A','1','N/A',16,'2GB COD PC2 6400 CL6','20154501858'),('202','0','','0','',22,'','202'),('203','0','','0','',22,'','203'),('204','0','','0','',22,'','204'),('205','0','','0','',22,'','205'),('206','0','','0','',22,'','206'),('207','0','','0','',22,'','207'),('21','1','N/A','1','N/A',8,'1','21'),('22','1','N/A','1','N/A',8,'1','22'),('220','0','','0','',22,'','220'),('23','1','N/A','1','N/A',8,'1','23'),('230','0','','0','',8,'','230'),('231','0','','0','',22,'','231'),('232','0','','0','',22,'','232'),('233','0','','0','',22,'','233'),('235','0','','0','',22,'','235'),('236','0','','0','',22,'','236'),('238','0','','0','',13,'','238'),('239','0','','0','',13,'','239'),('24','1','N/A','1','N/A',22,'1','24'),('240','0','','0','',13,'','240'),('242','0','','0','',13,'','242'),('244','0','','0','',8,'','244'),('246','0','','0','',8,'','246'),('25','1','N/A','1','N/A',22,'1','25'),('251','0','','0','',8,'','251'),('252','0','','0','',8,'','252'),('25210159','0','','0','',17,'102-G0193-04','25210159'),('25210160','0','','0','',17,'102-G0193-04','25210160'),('25210187','0','','0','',17,'50062500W','25210187'),('25210189','0','','0','',17,'50062500W','25210189'),('25210521','0','','0','',17,'102-G0193-04','25210521'),('25210604','0','','0','',17,'102-G0193-04','25210604'),('25210730','0','','0','',17,'102-G0193-04','25210730'),('25210732','0','','0','',17,'50062500W','25210732'),('253','0','','0','',8,'','253'),('254','0','','0','',11,'','254'),('255','0','','0','',11,'','255'),('256','0','','0','',11,'','256'),('258','0','','0','',13,'','258'),('259','0','','0','',13,'','259'),('26','1','N/A','1','N/A',22,'1','26'),('27','1','N/A','1','N/A',22,'1','27'),('28','1','N/A','1','N/A',22,'1','28'),('29','1','N/A','1','N/A',22,'1','29'),('3','1','N/A','1','N/A',24,'1','3'),('30','1','N/A','1','N/A',22,'','30'),('300','0','','0','',17,'','300'),('3000','0','','0','',23,'','3000'),('3000011981','0','','0','',22,'','3000011981'),('302','0','','0','',13,'','302'),('305','0','','0','',25,'','305'),('306','0','','0','',25,'','306'),('307','0','','0','',25,'','307'),('308','0','','0','',25,'','308'),('309','0','','0','',11,'','309'),('310','0','','0','',25,'','310'),('311','0','','0','',25,'','311'),('312','0','','0','',25,'','312'),('313','0','','0','',25,'','313'),('314','0','','0','',25,'','314'),('315','0','','0','',25,'','315'),('317','0','','0','',25,'','317'),('319','0','','0','',25,'','319'),('31910649','0','','0','',17,'102-G0193-04','31910649'),('320','0','','0','',25,'','320'),('321','0','','0','',25,'','321'),('322','0','','0','',25,'','322'),('323','0','','0','',25,'','323'),('324','0','','0','',25,'','324'),('326','0','','0','',25,'','326'),('330','0','','0','',25,'','330'),('331','0','','0','',25,'','331'),('333','0','','0','',25,'','333'),('334','0','','0','',24,'','334'),('335','0','','0','',25,'','335'),('336','0','','0','',25,'','336'),('337','0','','0','',25,'','337'),('338','0','','0','',25,'','338'),('340','0','','0','',25,'','340'),('341','0','','0','',25,'','341'),('342','0','','0','',25,'','342'),('343','0','','0','',25,'','343'),('345','0','','0','',25,'','345'),('346','0','','0','',25,'','346'),('347','0','','0','',25,'','347'),('348','0','','0','',25,'','348'),('351','0','','0','',25,'','351'),('352','0','','0','',25,'','352'),('353','0','','0','',25,'','353'),('358','0','','0','',25,'','358'),('36','0','','0','',22,'1','36'),('361','0','','0','',25,'','361'),('368','0','','0','',25,'','368'),('369','0','','0','',25,'','369'),('370','0','','0','',25,'','370'),('3700003169','1','N/A','1','N/A',16,'2GB COD PC2 6400 CL6','3700003169'),('3700003198','1','','1','',16,'2GB SOD PC2-6400 CL6','3700003198'),('372','0','','0','',25,'','372'),('373','0','','0','',25,'','373'),('374','0','','0','',25,'','374'),('39','0','','0','',22,'1','39'),('4','1','N/A','1','N/A',24,'1','4'),('40','0','','0','',22,'1','40'),('400','0','','0','',25,'','400'),('401','0','','0','',25,'','401'),('402','0','','0','',25,'','402'),('403','0','','0','',25,'','403'),('404','0','','0','',25,'','404'),('405','0','','0','',25,'','405'),('4050C3E-A4-030','0','','0','',21,'FF2 3A-PUB','4050C3E-A4-030'),('406','0','','0','',25,'','406'),('407','0','','0','',25,'','407'),('408','0','','0','',25,'','408'),('409','0','','0','',25,'','409'),('41','0','','0','',17,'1','41'),('410','0','','0','',25,'','410'),('411','0','','0','',25,'','411'),('412','0','','0','',25,'','412'),('413','0','','0','',25,'','413'),('414','0','','0','',25,'','414'),('415','0','','0','',25,'','415'),('416','0','','0','',25,'','416'),('417','0','','0','',25,'','417'),('418','0','','0','',25,'','418'),('419','0','','0','',25,'','419'),('41904606','0','','0','',8,'FF2 DL-PUB','41904606'),('41904653','0','','0','',8,'FF2 DL-PUB','41904653'),('42','0','','0','',17,'1','42'),('420','0','','0','',25,'','420'),('421','0','','0','',25,'','421'),('42107596','0','','0','',8,'FF2 DL-PUB','42107596'),('422','0','','0','',25,'','422'),('423','0','','0','',25,'','423'),('424','0','','0','',25,'','424'),('425','0','','0','',25,'','425'),('426','0','','0','',25,'','426'),('427','0','','0','',25,'','427'),('42711004','0','','0','',25,'','42711004'),('42711025','0','','0','',17,'1','42711025'),('42711028','0','','0','',17,'1','42711028'),('42711042','0','','0','',25,'','42711042'),('42711045','0','','0','',17,'1','42711045'),('42711066','0','','0','',25,'','42711066'),('42711067','0','','0','',25,'','42711067'),('42711073','0','','0','',25,'','42711073'),('42711111','0','','0','',17,'1','42711111'),('42711150','0','','0','',25,'','42711150'),('42711155','0','','0','',25,'','42711155'),('42711158','0','','0','',17,'1','42711158'),('42711175','0','','0','',25,'','42711175'),('42711234','0','','0','',25,'','42711234'),('428','0','','0','',25,'','428'),('429','0','','0','',25,'','429'),('42910400','0','','0','',25,'','42910400'),('430','0','','0','',25,'','430'),('431','0','','0','',25,'','431'),('432','0','','0','',25,'','432'),('434','0','','0','',25,'','434'),('435','0','','0','',25,'','435'),('436','0','','0','',25,'','436'),('437','0','','0','',25,'','437'),('438','0','','0','',25,'','438'),('439','0','','0','',25,'','439'),('44','0','','0','',17,'1','44'),('440','0','','0','',25,'','440'),('441','0','','0','',25,'','441'),('442','0','','0','',25,'','442'),('443','0','','0','',25,'','443'),('444','0','','0','',25,'','444'),('446','0','','0','',25,'','446'),('447','0','','0','',25,'','447'),('448','0','','0','',25,'','448'),('449','0','','0','',25,'','449'),('45','0','','0','',17,'1','45'),('450','0','','0','',25,'','450'),('451','0','','0','',25,'','451'),('452','0','','0','',25,'','452'),('453','0','','0','',25,'','453'),('454','0','','0','',25,'','454'),('455','0','','0','',25,'','455'),('456','0','','0','',25,'','456'),('457','0','','0','',25,'','457'),('458','0','','0','',25,'','458'),('46','0','','0','',11,'1','46'),('47','0','','0','',11,'1','47'),('470','0','','0','',25,'','470'),('471','0','','0','',25,'','471'),('472','0','','0','',25,'','472'),('473','0','','0','',25,'','473'),('474','0','','0','',25,'','474'),('476','0','','0','',25,'','476'),('477','0','','0','',25,'','477'),('478','0','','0','',25,'','478'),('479','0','','0','',25,'','479'),('48','0','','0','',11,'1','48'),('480','0','','0','',25,'','480'),('481','0','','0','',25,'','481'),('482','0','','0','',25,'','482'),('483','0','','0','',25,'','483'),('484','0','','0','',25,'','484'),('485','0','','0','',25,'','485'),('486','0','','0','',25,'','486'),('487','0','','0','',25,'','487'),('488','0','','0','',25,'','488'),('489','0','','0','',25,'','489'),('5','1','N/A','1','N/A',8,'1','5'),('50','0','','0','',22,'1','50'),('50410552','0','','0','',17,'50062500W','50410552'),('51','0','','0','',24,'1','51'),('51010304','0','','0','',17,'','51010304'),('51010310','0','','0','',25,'','51010310'),('51010323','0','','0','',25,'','51010323'),('51010324','0','','0','',25,'','51010324'),('51010339','0','','0','',25,'','51010339'),('51010346','0','','0','',25,'','51010346'),('51010362','0','','0','',25,'','51010362'),('51010376','0','','0','',25,'','51010376'),('51010378','0','','0','',25,'','51010378'),('51010379','0','','0','',25,'','51010379'),('51015114','0','','0','',8,'FF2 DL -PUB','51015114'),('51015182','0','','0','',8,'FF2 DL-PUB','51015182'),('51015183','0','','0','',8,'FF2 DL-PUB','51015183'),('51016066','0','','0','',8,'FF2 DL-PUB','51016066'),('51016070','0','','0','',8,'FF2 DL-PUB','51016070'),('51016087','0','','0','',8,'FF2 DL-PUB','51016087'),('51016089','0','','0','',8,'FF2 DL-PUB','51016089'),('51016132','0','','0','',8,'FF2 DL-PUB','51016132'),('51016385','0','','0','',8,'FF2 DL-PUB','51016385'),('51016438','0','','0','',8,'FF2 DL - PUB','51016438'),('51216894','0','','0','',8,'FF2 DL-PUB','51216894'),('52','0','','0','',24,'1','52'),('52010471','0','','0','',17,'50069400EX','52010471'),('52210749','0','','0','',17,'','52210749'),('52210758','0','','0','',17,'1','52210758'),('52210770','0','','0','',17,'1','52210770'),('52210772','0','','0','',17,'','52210772'),('52210896','0','','0','',17,'','52210896'),('52210898','0','','0','',17,'1','52210898'),('52210899','0','','0','',17,'','52210899'),('52410846','0','','0','',25,'','52410846'),('53','0','','0','',24,'1','53'),('54','0','','0','',24,'1','54'),('55','0','','0','',24,'1','55'),('56','0','','0','',24,'1','56'),('57','0','','0','',8,'1','57'),('579266103901160','0','','0','',11,'579266','579266103901160'),('579266113105180','0','','0','',11,'579266','579266113105180'),('579266113105284','0','','0','',11,'579266','579266113105284'),('579266114201639','0','','0','',11,'579266','579266114201639'),('58','0','','0','',8,'1','58'),('59','0','','0','',8,'1','59'),('6','1','N/A','1','N/A',24,'1','6'),('60','0','','0','',8,'1','60'),('60093431','0','','0','',25,'','60093431'),('60210272','0','','0','',17,'50069000EX','60210272'),('60210617','0','','0','',17,'50069000EX','60210617'),('60610028','0','','0','',17,'50069000EX','60610028'),('60610196','0','','0','',17,'50069000EX','60610196'),('60610409','0','','0','',17,'50069000EX','60610409'),('60610442','0','','0','',17,'50069000EX','60610442'),('60610458','0','','0','',17,'50069000EX','60610458'),('60610466','0','','0','',17,'50069000EX','60610466'),('60610482','0','','0','',17,'50069000EX','60610482'),('60610494','0','','0','',17,'50069000EX','60610494'),('60810329','0','','0','',17,'50069000EX','60810329'),('60810406','0','','0','',17,'50069000EX','60810406'),('60810428','0','','0','',17,'50069000EX','60810428'),('61','0','','0','',8,'1','61'),('62','0','','0','',8,'1','62'),('63','0','','0','',24,'1','63'),('63810233','0','','0','',17,'50069400','63810233'),('63810271','0','','0','',17,'50069400','63810271'),('63810285','0','','0','',17,'50069400','63810285'),('63810286','0','','0','',17,'50069400','63810286'),('63810326','0','','0','',17,'50069400','63810326'),('63810356','0','','0','',17,'50069400','63810356'),('63810420','0','','0','',17,'50069400','63810420'),('63810426','0','','0','',17,'50069400','63810426'),('64','0','','0','',24,'1','64'),('64110778','0','','0','',17,'50069400','64110778'),('64110782','0','','0','',17,'50069400','64110782'),('64110785','0','','0','',17,'50069400','64110785'),('64110928','0','','0','',17,'50069400','64110928'),('65','0','','0','',16,'1','65'),('66','0','','0','',16,'1','66'),('67','0','','0','',8,'1','67'),('68','0','','0','',8,'1','68'),('69','0','','0','',22,'1','69'),('7','1','N/A','1','N/A',24,'1','7'),('70','0','','0','',22,'1','70'),('71','0','','0','',22,'1','71'),('72','0','','0','',22,'1','72'),('73','0','','0','',16,'1','73'),('74','0','','0','',16,'1','74'),('75','0','','0','',8,'1','75'),('751F4E03000000A6','0','','0','',19,'','751F4E03000000A6'),('76','0','','0','',8,'1','76'),('78','0','','0','',8,'1','78'),('79','0','','0','',8,'1','79'),('8','1','N/A','1','N/A',24,'1','8'),('80','0','','0','',8,'1','80'),('81','0','','0','',24,'1','81'),('82','0','','0','',24,'1','82'),('83','0','','0','',24,'1','83'),('8335150499','0','','0','',19,'','8335150499'),('84','0','','0','',8,'1','84'),('85','0','','0','',8,'1','85'),('86','0','','0','',17,'1','86'),('87','0','','0','',17,'1','87'),('88','0','','0','',17,'1','88'),('89','0','','0','',8,'1','89'),('9','1','N/A','1','N/A',17,'1','9'),('90','0','','0','',8,'1','90'),('91','0','','0','',8,'1','91'),('92','0','','0','',8,'1','92'),('92710426','0','','0','',17,'50062100W','92710426'),('92710476','0','','0','',17,'50062100W','92710476'),('92710502','0','','0','',17,'50062100W','92710502'),('92710514','0','','0','',17,'50062100W','92710514'),('93','0','','0','',8,'1','93'),('94','0','','0','',11,'1','94'),('94110215','0','','0','',17,'50069000','94110215'),('9411090','0','','0','',17,'50062100W','9411090'),('94210184','0','','0','',17,'50062100W','94210184'),('94910293','0','','0','',17,'50069000','94910293'),('95','0','','0','',11,'1','95'),('95010050','0','','0','',17,'50069000','95010050'),('95010086','0','','0','',17,'50069000','95010086'),('95010216','0','','0','',17,'50069000','95010216'),('95010232','0','','0','',17,'50069000','95010232'),('95010261','0','','0','',17,'50069000','95010261'),('95010305','0','','0','',17,'50069000','95010305'),('96','0','','0','',11,'1','96'),('97','0','','0','',11,'1','97'),('98','0','','0','',11,'1','98'),('985','0','','0','',27,'1409005','985'),('986','0','','0','',27,'1409005','986'),('987','0','','0','',27,'1409005','987'),('99','0','','0','',17,'1','99'),('998','0','','0','',27,'1409005','998'),('999','0','','0','',27,'1409005','999'),('9999','0','','0','',8,'9999',NULL),('ATR_00026B13A324','0','','0','',22,'OXG','ATR_00026B13A324'),('ATR_00026B13A330','0','','0','',22,'OXG','ATR_00026B13A330'),('ATR_00026B13A388','0','','0','',22,'OXG','ATR_00026B13A388'),('ATR_00026B13A3DE','0','','0','',22,'OXG','ATR_00026B13A3DE'),('ATR_00026B13A5DC','0','','0','',22,'','ATR_00026B13A5DC'),('ATR_00026B13A5E0','0','','0','',22,'','ATR_00026B13A5E0'),('ATR_00026B13D63A','0','','0','',22,'OXG','ATR_00026B13D63A'),('ATR_00026B13D63E','0','','0','',22,'','ATR_00026B13D63E'),('ATR_00026B13D64C','0','','0','',22,'OXG','ATR_00026B13D64C'),('ATR_00026B13D656','0','','0','',22,'OXG','ATR_00026B13D656'),('ATR_00026B13D65A','0','','0','',22,'','ATR_00026B13D65A'),('ATR_00026B13D66C','0','','0','',22,'','ATR_00026B13D66C'),('ATR_00026B13D674','0','','0','',22,'','ATR_00026B13D674'),('ATR_00026B13D6A0','0','','0','',22,'OXG','ATR_00026B13D6A0'),('ATR_00026B13D6C8','0','','0','',22,'','ATR_00026B13D6C8'),('ATR_00026B13D6D4','0','','0','',22,'','ATR_00026B13D6D4'),('ATR_00026B13D70A','0','','0','',22,'','ATR_00026B13D70A'),('ATR_00026B13D71C','0','','0','',22,'','ATR_00026B13D71C'),('ATR_00026B13D72E','0','','0','',22,'','ATR_00026B13D72E'),('ATR_00026B13D764','0','','0','',22,'','ATR_00026B13D764'),('ATR_00026B13D782','0','','0','',22,'','ATR_00026B13D782'),('ATR_00026B13D7A4','0','','0','',22,'','ATR_00026B13D7A4'),('ATR_00026B13D7D6','0','','0','',22,'','ATR_00026B13D7D6'),('ATR_00026B13D7DA','0','','0','',22,'','ATR_00026B13D7DA'),('ATR_00026B13D7E4','0','','0','',22,'','ATR_00026B13D7E4'),('ATR_00026B13D7E8','0','','0','',22,'','ATR_00026B13D7E8'),('ATR_00026B13D824','0','','0','',22,'','ATR_00026B13D824'),('ATR_00026B13D8CC','0','','0','',22,'OXG','ATR_00026B13D8CC'),('ATR_00026B13D8D2','0','','0','',22,'','ATR_00026B13D8D2'),('ATR_00026B13D940','0','','0','',22,'','ATR_00026B13D940'),('ATR_00026B13D9A4','0','','0','',22,'','ATR_00026B13D9A4'),('ATR_00026B13D9A8','0','','0','',22,'OXG','ATR_00026B13D9A8'),('ATR_00026B13D9B4','0','','0','',22,'OXG','ATR_00026B13D9B4'),('ATR_00026B13D9C4','0','','0','',22,'','ATR_00026B13D9C4'),('ATR_00026B13D9C6','0','','0','',22,'OXG','ATR_00026B13D9C6'),('ATR_00026B13D9D0','0','','0','',22,'','ATR_00026B13D9D0'),('ATR_00026B13D9F2','0','','0','',22,'','ATR_00026B13D9F2'),('ATR_00026B13E7A2','0','','0','',16,'','ATR_00026B13E7A2'),('ATR_00026B13E902','0','','0','',16,'','ATR_00026B13E902'),('AZAZAZ','0','','0','',9,'Mod1234','AZAZAZ'),('B000065967','0','','0','',8,'P554/6aS 07-Z00','B000065967'),('B000065971','0','','0','',8,'P554/6aS 07-200','B000065971'),('B000065985','0','','0','',8,'P554/6aS 07-200','B000065985'),('B000066000','0','','0','',8,'P554/6aS 07-200','B000066000'),('D1206009517','0','','0','',15,'DWS','D1206009517'),('DC3600038','0','','0','',21,'','DC3600038'),('DC3600866','0','','0','',8,'FF2 DL-PUB','DC3600866'),('DD0902369','1','N/A','1','N/A',17,'75516000W REV A1','DD0902369'),('DD0902649','1','N/A','1','N/A',17,'75516000W REV A1','DD0902649'),('DD0902820','1','N/A','1','N/A',17,'75516000W REV A1','DD0902820'),('DD2403613','0','','0','',21,'FF2 DL - PUB','DD2403613'),('DD2403643','0','','0','',21,'FF2 3A-PUB','DD2403643'),('DE1900615','0','','0','',8,'FF2 DL - PUB','DE1900615'),('De1900619','0','','0','',8,'FF2 DL - PUB','De1900619'),('DE1900675','0','','0','',8,'FF2 DL - PUB','DE1900675'),('DE1900704','0','','0','',8,'FF2 DL - PUB','DE1900704'),('DE1900713','0','','0','',8,'FF2 DL - PUB','DE1900713'),('DE2002615','0','','0','',17,'75540000WA','DE2002615'),('DE2002948','0','','0','',17,'75540000WA','DE2002948'),('DE2002949','0','','0','',17,'75540000WA','DE2002949'),('DF0915736','0','','0','',17,'Rev.B','DF0915736'),('DF0915823','0','','0','',17,'Rev.B','DF0915823'),('DF0915865','0','','0','',17,'Rev.B','DF0915865'),('DF0916170','0','','0','',17,'Rev.B','DF0916170'),('DF0916214','0','','0','',17,'Rev.B','DF0916214'),('DF0916253','0','','0','',17,'Rev.B','DF0916253'),('DH1200990','0','','0','',17,'750-500790-000G','DH1200990'),('DH1200997','0','','0','',17,'750-500790-000G','DH1200997'),('DH1200999','0','','0','',17,'750-500790-000G','DH1200999'),('DH1201001','0','','0','',17,'750-500790-000G','DH1201001'),('EAL0440402331','0','','0','',11,'494077_01','EAL0440402331'),('EAL1030419085','0','','0','',11,'494077_01','EAL1030419085'),('EAL1180442576','0','','0','',11,'494077_01','EAL1180442576'),('EAL1180442648','0','','0','',11,'494077_01','EAL1180442648'),('EAL1230449215','0','','0','',11,'MK7I CARRIER BOARD','EAL1230449215'),('EAL1320462636','0','','0','',11,'494077_01','EAL1320462636'),('EAL2170551147','0','','0','',11,'494077_01','EAL2170551147'),('EAL2180553485','0','','0','',11,'494077_01','EAL2180553485'),('EAL3010662976','0','','0','',11,'494077_02','EAL3010662976'),('EAL3010663302','0','','0','',11,'494077_02','EAL3010663302'),('EAL3080673448','0','','0','',11,'494077_02','EAL3080673448'),('EAL3110657964','0','','0','',11,'494077_02','EAL3110657964'),('EAL3110657970','0','','0','',11,'494077_02','EAL3110657970'),('EAL327074297','0','','0','',11,'494077_02','EAL327074297'),('EAL3380726398','0','','0','',11,'494077_02','EAL3380726398'),('EAL3380726435','0','','0','',11,'494077_02','EAL3380726435'),('EAL3380726562','0','','0','',11,'494077_02','EAL3380726562'),('EAL3380726735','0','','0','',11,'494077_02','EAL3380726735'),('EAL3380726743','0','','0','',11,'494077_02','EAL3380726743'),('EAL3380726794','0','','0','',11,'494077_02','EAL3380726794'),('EAL3380726803','0','','0','',11,'494077_02','EAL3380726803'),('EAL4190824937','0','','0','',11,'494077_01','EAL4190824937'),('EAL4400885586','0','','0','',11,'MK7I CARRIER BOARD','EAL4400885586'),('EAL6261207245','0','','0','',11,'MK7I CARRIER BOARD','EAL6261207245'),('EAL6261207296','0','','0','',11,'MK7I CARRIER BOARD','EAL6261207296'),('ES160845154','0','','0','',25,'','ES160845154'),('ES160845168','0','','0','',11,'','ES160845168'),('ES5050807263','0','','0','',11,'494900','ES5050807263'),('ES5050807263-','0','','0','',11,'494900','ES5050807263-'),('ES5150839956','0','','0','',11,'494900','ES5150839956'),('ES5150840565','0','','0','',11,'494900','ES5150840565'),('ES5150840665','0','','0','',11,'494900','ES5150840665'),('ES5160844509','0','','0','',11,'','ES5160844509'),('ES5160844520','0','','0','',11,'','ES5160844520'),('ES5160844528','0','','0','',11,'','ES5160844528'),('ES5160844529','0','','0','',11,'','ES5160844529'),('ES5160844541','0','','0','',11,'','ES5160844541'),('ES5160844554','0','','0','',11,'','ES5160844554'),('ES5160845141','0','','0','',25,'','ES5160845141'),('ES5160845154','0','','0','',25,'','ES5160845154'),('ES5160845157','0','','0','',25,'','ES5160845157'),('ES5160845162','0','','0','',11,'','ES5160845162'),('ES5160845169','0','','0','',25,'','ES5160845169'),('ES5160845171','0','','0','',11,'','ES5160845171'),('ES5160845172','0','','0','',25,'','ES5160845172'),('ES5160845173','0','','0','',25,'','ES5160845173'),('ES5160845174','0','','0','',25,'','ES5160845174'),('ES5160845179','0','','0','',11,'','ES5160845179'),('ES5160845191','0','','0','',11,'','ES5160845191'),('ES5160845192','0','','0','',11,'','ES5160845192'),('ES5160845194','0','','0','',11,'','ES5160845194'),('ES5160845195','0','','0','',11,'','ES5160845195'),('ES5160845197','0','','0','',25,'','ES5160845197'),('ES5230860216','0','','0','',11,'494900','ES5230860216'),('ES5230860277','0','','0','',11,'494900','ES5230860277'),('ES5230860742','0','','0','',11,'494900','ES5230860742'),('ES5230860804','0','','0','',11,'494044','ES5230860804'),('ES5230860849','0','','0','',11,'494044','ES5230860849'),('ES5230860915','0','','0','',11,'494900','ES5230860915'),('ES5230860971','0','','0','',11,'494900','ES5230860971'),('ES5230861050','0','','0','',11,'494900','ES5230861050'),('ES5230861056','0','','0','',11,'-','ES5230861056'),('ES5230861199','0','','0','',11,'494900','ES5230861199'),('ES5230861437','0','','0','',11,'494900','ES5230861437'),('ES5230862368','0','','0','',11,'494900','ES5230862368'),('ES5230862492','0','','0','',11,'494900','ES5230862492'),('ES5270886009','0','','0','',11,'494900','ES5270886009'),('ES5390916436','0','','0','',11,'494900','ES5390916436'),('ES5390916979','0','','0','',11,'494900','ES5390916979'),('ES5390916995','0','','0','',11,'494900','ES5390916995'),('ES5390917137','0','','0','',11,'494900','ES5390917137'),('ES5390917292','0','','0','',11,'494900','ES5390917292'),('ES5390917673','0','','0','',11,'494900','ES5390917673'),('ES5390918379','0','','0','',11,'494900','ES5390918379'),('ES5470932739','0','','0','',11,'494900','ES5470932739'),('ES5470932967','0','','0','',11,'494900','ES5470932967'),('ES5470933234','0','','0','',11,'494900','ES5470933234'),('ES5470933764','0','','0','',11,'494900','ES5470933764'),('ES5470933993','0','','0','',11,'494900','ES5470933993'),('ES6401064531','0','','0','',11,'494900','ES6401064531'),('ES6401064645','0','','0','',11,'494900','ES6401064645'),('ES6401064959','0','','0','',11,'494900','ES6401064959'),('ES6401065185','0','','0','',11,'494900','ES6401065185'),('ES6401065217','0','','0','',11,'494900','ES6401065217'),('ES6401065271','0','','0','',11,'494900','ES6401065271'),('ES6401065546','0','','0','',11,'494900','ES6401065546'),('ES7010264218','0','','0','',11,'494001','ES7010264218'),('ES7010264222','0','','0','',11,'494001','ES7010264222'),('ES7010264224','0','','0','',11,'494001','ES7010264224'),('ES7010264293','0','','0','',11,'494001','ES7010264293'),('ES7170303824','0','','0','',11,'494001','ES7170303824'),('ES7290349632','0','','0','',11,'494001','ES7290349632'),('G33130','0','','0','',17,'','G33130'),('G33793','0','','0','',17,'','G33793'),('G34251','0','','0','',17,'','G34251'),('GTK_00026B111C43','0','','0','',22,'VER. 286108420','GTK_00026B111C43'),('GTK_00026B120B22','0','','0','',22,'VER. 286108420','GTK_00026B120B22'),('GTK_00026B120CDC','0','','0','',22,'VER. 286108420','GTK_00026B120CDC'),('GTK_00026B135F61','0','','0','',16,'VER. 286108420','GTK_00026B135F61'),('I23244958','0','','0','',25,'FFNOVO-PUB','I23244958'),('I30660917','0','','0','',25,'FFNOVO-PUB','I30660917'),('I30960977','0','','0','',25,'FFNOVO-PUB','I30960977'),('I30961183','0','','0','',25,'FFNOVO-PUB','I30961183'),('I31565159','0','','0','',25,'FFNOVO-PUB','I31565159'),('I32268152','0','','0','',25,'FFNOVO-PUB','I32268152'),('I32268927','0','','0','',25,'FFNOVO-PUB','I32268927'),('I32571493','0','','0','',25,'FFNOVO-PUB','I32571493'),('I33778210','0','','0','',25,'FFNOVO-PUB','I33778210'),('I40701940','0','','0','',21,'FF2 DL-PUB','I40701940'),('I41904468','0','','0','',8,'FF2 DL-PUB','I41904468'),('I41905785','0','','0','',21,'FF2 3A-PUB','I41905785'),('I43980161','0','','0','',25,'FFNOVO-PUB','I43980161'),('I45113774','0','','0','',8,'FF2 DL-PUB','I45113774'),('I45114444','0','','0','',21,'FF2 DL - PUB','I45114444'),('I51015102','0','','0','',8,'FF2 DL-PUB','I51015102'),('I51015133','0','','0','',8,'FF2 DL-PUB','I51015133'),('I51016094','0','','0','',8,'FF2 DL-PUB','I51016094'),('I51016404','0','','0','',8,'FF2 DL-PUB','I51016404'),('I51016547','0','','0','',8,'FF2 DL-PUB','I51016547'),('I51819332','0','','0','',21,'FF2 DL - PUB','I51819332'),('I51819334','0','','0','',21,'FF2 DL - PUB','I51819334'),('I5191624','1','N/A','1','N/A',8,'FF2 DL-PUB','I5191624'),('I51919622','0','','0','',8,'FF2 DL-PUB','I51919622'),('I51919623','0','','0','',8,'FF2DL-PUB','I51919623'),('I51919633','1','N/A','1','N/A',8,'FF2BL-PUB','I51919633'),('I51919662','1','N/A','1','N/A',8,'FF2 DL-PUB','I51919662'),('I51919688','1','N/A','1','N/A',8,'FF2BL-PUB','I51919688'),('I51919691','1','N/A','1','N/A',8,'FF2BL-PUB','I51919691'),('I51919727','1','N/A','1','N/A',8,'FF2BL-PUB','I51919727'),('I51919977','1','N/A','1','N/A',8,'FF2BL-PUB','I51919977'),('I51919983','1','N/A','1','N/A',8,'FF2BL-PUB','I51919983'),('I51920221','1','N/A','1','N/A',8,'FF2BL-PUB','I51920221'),('I52021277','1','N/A','1','N/A',8,'FF2 DL-PUB','I52021277'),('I52021285','0','','0','',8,'FF2DL-PUB','I52021285'),('I52021293','1','N/A','1','N/A',8,'FF2BL-PUB','I52021293'),('I52422572','0','','0','',21,'FF2 DL - PUB','I52422572'),('I52423879','0','','0','',21,'FF2 DL - PUB','I52423879'),('I53326522','0','','0','',21,'FF2 3A-PUB','I53326522'),('I53326717','0','','0','',21,'FF2 DL - PUB','I53326717'),('I53327457','0','','0','',21,'FF2 DL - PUB','I53327457'),('I54832575','0','','0','',21,'FF2 DL-PUB','I54832575'),('I602333650','0','','0','',8,'','I602333650'),('I60233651','0','','0','',8,'FF2 DL-PUB','I60233651'),('I60233653','0','','0','',8,'FF2 DL-PUB','I60233653'),('I60233654','0','','0','',8,'DL I3-2310E','I60233654'),('I60233655','0','','0','',8,'FF2 DL-PUB','I60233655'),('I60233662','0','','0','',8,'FF2 DL-PUB','I60233662'),('I60233671','0','','0','',8,'FF2 DL-PUB','I60233671'),('I60233672','0','','0','',8,'FF2 DL-PUB','I60233672'),('I61538521','0','','0','',21,'FF2 DL-PUB','I61538521'),('I70245965','0','','0','',21,'FF2 3A-PUB','I70245965'),('K3-IOBC-E10300153','0','','0','',18,'','K3-IOBC-E10300153'),('K3-IOBC-E11300042','0','','0','',18,'','K3-IOBC-E11300042'),('K3-IOBC-E11300057','0','','0','',18,'','K3-IOBC-E11300057'),('K3-IOBC-E11300115','0','','0','',18,'','K3-IOBC-E11300115'),('K3-IOBC-E11300128','0','','0','',18,'','K3-IOBC-E11300128'),('K3-IOBC-E12300042','0','','0','',18,'','K3-IOBC-E12300042'),('K3-IOBC-E12300083','0','','0','',18,'','K3-IOBC-E12300083'),('K3-IOBC-E20500557','0','','0','',18,'','K3-IOBC-E20500557'),('K3-IOBC-E38900759','0','','0','',18,'310436 A','K3-IOBC-E38900759'),('K3-IOBC-E42A00701','0','','0','',18,'310436 A','K3-IOBC-E42A00701'),('K3-IOBC-E43A00506','0','','0','',18,'310436 A','K3-IOBC-E43A00506'),('K3-IOBC-E49C00368','0','','0','',18,'','K3-IOBC-E49C00368'),('K3-IOBC-F12300739','0','','0','',18,'310436 B','K3-IOBC-F12300739'),('K3-IOBD-F23600019','0','','0','',18,'310436 B','K3-IOBD-F23600019'),('MH16030007','0','','0','',13,'','MH16030007'),('MH16030008','0','','0','',13,'','MH16030008'),('MH16030009','0','','0','',13,'','MH16030009'),('MH16030010','0','','0','',13,'','MH16030010'),('MH16030011','0','','0','',13,'','MH16030011'),('MH16030012','0','','0','',13,'','MH16030012'),('MH16030017','0','','0','',13,'','MH16030017'),('MH16030018','0','','0','',13,'','MH16030018'),('PCB 0801-410540','0','','0','',11,'MK6-XP','PCB 0801-410540'),('PW0808618001','0','','0','',28,'','PW0808618001'),('PW0808618002','0','','0','',28,'','PW0808618002'),('PW0808618003','0','','0','',28,'','PW0808618003'),('PW0808618004','0','','0','',28,'','PW0808618004'),('PW0808618005','0','','0','',28,'','PW0808618005'),('PW0808618006','0','','0','',28,'','PW0808618006'),('PW0808618007','0','','0','',28,'','PW0808618007'),('PW0808618008','0','','0','',28,'','PW0808618008'),('PW0808618009','0','','0','',28,'','PW0808618009'),('PW0808618010','0','','0','',28,'','PW0808618010'),('RE427BDGH44JA','0','','0','',27,'1409005','RE427BDGH44JA'),('SPG2013121802645','0','','0','',25,'','SPG2013121802645'),('SPG2013121802879','0','','0','',25,'','SPG2013121802879'),('SPG2014121701099','0','','0','',25,'','SPG2014121701099'),('SPG2014121701102','0','','0','',25,'','SPG2014121701102'),('SPG2015021300218','0','','0','',25,'','SPG2015021300218'),('Winsystem01','0','','0','',27,'1409005','Winsystem01'),('Winsystem02','0','','0','',27,'1409005','Winsystem02'),('Winsystem03','0','','0','',27,'1409005','Winsystem03'),('Winsystem04','0','','0','',27,'1409005','Winsystem04'),('Winsystem05','0','','0','',27,'1409005','Winsystem05'),('Winsystem06','0','','0','',27,'1409005','Winsystem06'),('ZH0202955','0','','0','',17,'750-500694-001G','ZH0202955'),('ZH0202961','0','','0','',17,'750-500694-001G','ZH0202961'),('ZH0202963','0','','0','',17,'750-500694-001G','ZH0202963'),('ZH0202964','0','','0','',17,'750-500694-001G','ZH0202964'),('ZH0202965','0','','0','',17,'750-500694-001G','ZH0202965'),('ZH0203005','0','','0','',17,'750-500694-001G','ZH0203005'),('ZH0203011','0','','0','',17,'750-500694-001G','ZH0203011'),('ZH0203022','0','','0','',17,'750-500694-001G','ZH0203022');
/*!40000 ALTER TABLE `motherboard` ENABLE KEYS */;
UNLOCK TABLES;

--
-- Table structure for table `operator`
--

DROP TABLE IF EXISTS `operator`;
/*!40101 SET @saved_cs_client     = @@character_set_client */;
/*!50503 SET character_set_client = utf8mb4 */;
CREATE TABLE `operator` (
  `license_number` int(10) unsigned NOT NULL AUTO_INCREMENT,
  `jurisdiction` varchar(50) NOT NULL,
  `fk_id_pstl_adr` int(10) unsigned NOT NULL,
  `company_name` varchar(50) NOT NULL,
  `company_telephone` varchar(30) NOT NULL,
  `company_email` varchar(256) NOT NULL,
  `company_website` varchar(256) DEFAULT NULL,
  `official_license_number` varchar(50) NOT NULL,
  PRIMARY KEY (`license_number`),
  UNIQUE KEY `official_license_number_UNIQUE` (`official_license_number`),
  KEY `idx_operator_fk_id_pstl_adr` (`fk_id_pstl_adr`),
  CONSTRAINT `fk_id_pstl_adr` FOREIGN KEY (`fk_id_pstl_adr`) REFERENCES `pstl_adr` (`id_pstl_adr`)
) ENGINE=InnoDB AUTO_INCREMENT=49 DEFAULT CHARSET=utf8;
/*!40101 SET character_set_client = @saved_cs_client */;

--
-- Dumping data for table `operator`
--

LOCK TABLES `operator` WRITE;
/*!40000 ALTER TABLE `operator` DISABLE KEYS */;
INSERT INTO `operator` VALUES (30,'Malta',49,'Eden Leisure','48721806268','elg@edenleisure.com','http://casinomalta.com.mt/','LGA/CAS8/1/2014'),(31,'Malta',50,'Dragonara Casino','99470621','jschembri@dragonaracasino.com','http://www.dragonaracasino.com/','LGA/CAS5/1/2010'),(32,'Malta',51,'Bestplay Gaming Ltd','99435616','johann@bestplay.com','null','LGA/GDR/CL3/9/2011'),(33,'Malta',52,'Bingo Ltd','99428764','mgasan@gasan.com','null','LGA/GDR/CL3/4/2011'),(34,'Malta',53,'FairBet Ltd','79692126','antoineslot@yahoo.com','https://fairbetmalta.com/','LGA/GDR/CL3/2/2011'),(35,'Malta',54,'Gaming Operations Ltd(Izibet)','79070777','adepasquale@thecitylegal.com ','null','LGA/GDR/CL3/29/2011'),(36,'Malta',55,'Media Games Malta Ltd','99700401','ray@mgm.com.mt','null','LGA/GDR/CL3/22/2011'),(37,'Malta',56,'Oracle Gaming Ltd','21372347','yfenech@tumasgaming.com','http://www.oraclecasino.com/','GBM/CAS2/6/2000'),(38,'Malta',57,'Smart Operations Ltd','99495495','josef@zvmleisure.com','null','MGA/GDR/CL3/3/2016'),(48,'Lagos',160,'Mario Galea Leisure','99445314','mario.s.galea@gmail.com','www.mario.com','MGM001/400');
/*!40000 ALTER TABLE `operator` ENABLE KEYS */;
UNLOCK TABLES;

--
-- Table structure for table `peripherals`
--

DROP TABLE IF EXISTS `peripherals`;
/*!40101 SET @saved_cs_client     = @@character_set_client */;
/*!50503 SET character_set_client = utf8mb4 */;
CREATE TABLE `peripherals` (
  `id_peripheral` int(11) NOT NULL AUTO_INCREMENT,
  `name` varchar(20) NOT NULL,
  PRIMARY KEY (`id_peripheral`)
) ENGINE=InnoDB DEFAULT CHARSET=utf8;
/*!40101 SET character_set_client = @saved_cs_client */;

--
-- Dumping data for table `peripherals`
--

LOCK TABLES `peripherals` WRITE;
/*!40000 ALTER TABLE `peripherals` DISABLE KEYS */;
/*!40000 ALTER TABLE `peripherals` ENABLE KEYS */;
UNLOCK TABLES;

--
-- Table structure for table `photos`
--

DROP TABLE IF EXISTS `photos`;
/*!40101 SET @saved_cs_client     = @@character_set_client */;
/*!50503 SET character_set_client = utf8mb4 */;
CREATE TABLE `photos` (
  `id` int(11) NOT NULL AUTO_INCREMENT,
  `image` varchar(300) DEFAULT NULL,
  `fk_serial_number` varchar(30) NOT NULL,
  PRIMARY KEY (`id`),
  KEY `fk_serial_number_idx` (`fk_serial_number`),
  CONSTRAINT `fk_photos_slot_machines` FOREIGN KEY (`fk_serial_number`) REFERENCES `slot_machines` (`serial_number`)
) ENGINE=InnoDB AUTO_INCREMENT=21 DEFAULT CHARSET=utf8;
/*!40101 SET character_set_client = @saved_cs_client */;

--
-- Dumping data for table `photos`
--

LOCK TABLES `photos` WRITE;
/*!40000 ALTER TABLE `photos` DISABLE KEYS */;
INSERT INTO `photos` VALUES (8,'02510-01635_0.jpg','02510-01635'),(20,'02510-01635_1.jpg','02510-01635');
/*!40000 ALTER TABLE `photos` ENABLE KEYS */;
UNLOCK TABLES;

--
-- Table structure for table `pstl_adr`
--

DROP TABLE IF EXISTS `pstl_adr`;
/*!40101 SET @saved_cs_client     = @@character_set_client */;
/*!50503 SET character_set_client = utf8mb4 */;
CREATE TABLE `pstl_adr` (
  `id_pstl_adr` int(10) unsigned NOT NULL AUTO_INCREMENT,
  `strt_nm` varchar(100) NOT NULL,
  `bldg_nm` varchar(30) DEFAULT NULL,
  `twn_nm` varchar(30) NOT NULL,
  `region` varchar(45) DEFAULT NULL,
  `ctry` varchar(10) NOT NULL,
  `pstl_code_number` varchar(10) DEFAULT NULL,
  `latitude` decimal(11,8) DEFAULT NULL,
  `longitude` decimal(11,8) DEFAULT NULL,
  PRIMARY KEY (`id_pstl_adr`)
) ENGINE=InnoDB AUTO_INCREMENT=161 DEFAULT CHARSET=utf8;
/*!40101 SET character_set_client = @saved_cs_client */;

--
-- Dumping data for table `pstl_adr`
--

LOCK TABLES `pstl_adr` WRITE;
/*!40000 ALTER TABLE `pstl_adr` DISABLE KEYS */;
INSERT INTO `pstl_adr` VALUES (49,'St Augistine Street','Eden Palace','St. Julians',NULL,'Malta','STJ3310',35.92414170,14.48798920),(50,'Dragonara Street','Dragonara Palace','St. Julians',NULL,'Malta','STJ3143',35.92539170,14.49226500),(51,'Portomaso Business Tower','Level 3','St. Julians',NULL,'Malta','STJ 4011',35.92206750,14.49249400),(52,'Embassy Complex, St Lucia Street ','Level 3','Valletta',NULL,'Malta','VLT1185',35.89859650,14.51236590),(53,'Triq il-Kurunell Mass','Faibret House','Tarxien',NULL,'Malta','TRX',35.86998530,14.51825420),(54,'Portomaso Business Tower','Level 11','St. Julians',NULL,'Malta','STJ 4011',35.92191000,14.49265300),(55,'St Joseph High Street','705','Hamrun',NULL,'Malta','HMR',35.88660750,14.48880410),(56,'Portomaso Business Tower','Level 3','St. Julians',NULL,'Malta','STJ 4011',35.92206750,14.49249400),(57,'Triq Tumas Galea ','35','Birkirkara',NULL,'Malta','BKR4517',35.89912040,14.47051290),(61,'383 Imdina Road','12','Qormi',NULL,'Malta','QRM9010',35.87538800,14.46210700),(62,'St. Augustine Street','Eden Place','St George\'s Bay',NULL,'Malta','STJ3310',35.92522600,14.48820840),(63,'Triq il-Bajja Sabiha','26','Birzebbugia',NULL,'Malta','BBG',NULL,NULL),(64,'Triq il-Bajja Sabiha','26','Birzebbugia',NULL,'Malta','BBG',35.82500750,14.52818850),(65,'City Gate','20','Valletta',NULL,'Malta','VLT',NULL,NULL),(66,'Triq il-Kbira San uepp','147','Hamrun',NULL,'Malta','HMR',NULL,NULL),(67,'Triq il-Kbira','30','Zabbar',NULL,'Malta','ZBR',NULL,NULL),(69,'Triq Patri Manwel Magri','Block B','Rabat Gozo',NULL,'Malta','RBT',NULL,NULL),(70,'Triq Patri Manwel Magri','Block B','Rabat Gozo',NULL,'Malta','RBT',36.04703440,14.24503510),(71,'Vjal Portomaso','Conference Centre','St. Julians',NULL,'Malta','PTM001',NULL,NULL),(72,'Triq Santa Tereza','28','Bormla',NULL,'Malta','BRM',NULL,NULL),(73,'Triq Rue D Argens','1','Gzira',NULL,'Malta','GZR',NULL,NULL),(74,'Triq il-Kbira','784','Hamrun',NULL,'Malta','HMR',NULL,NULL),(75,'Tarxien Road','112','Paola',NULL,'Malta','PLA',NULL,NULL),(76,'Triq San Bastjan','85','Qormi',NULL,'Malta','QRM',35.87855790,14.47683080),(77,'Triq San Bastjan','85','Qormi',NULL,'Malta','QRM',NULL,NULL),(78,'Dragonara Road','1','St. Julians',NULL,'Malta','STJ3143',NULL,NULL),(80,'Isle Promenade','Oracle Casino','Qawra',NULL,'Malta','SPB2508',35.95539190,14.41782430),(81,'Isle Promenade','Oracle Casino','Qawra',NULL,'Malta','SPB 2508',NULL,NULL),(82,'Isle Promenade','Oracle Casino','Qawra',NULL,'Malta','SPB 2508',35.95539190,14.41782430),(83,'Valley Road','221A','Birkirkara',NULL,'Malta','BKR',NULL,NULL),(84,'Summit Street','17','Birzebbugia',NULL,'Malta','BBG',NULL,NULL),(85,'Triq Santa Tereza','39','Bormla',NULL,'Malta','BML170',NULL,NULL),(86,'Hompesch Road','1','Fgura',NULL,'Malta','FGR185',NULL,NULL),(87,'St Anne Street','12','Floriana',NULL,'Malta','FRN120',NULL,NULL),(88,'Triq Dun Nerik Cordina Perez','K/A','Hamrun',NULL,'Malta','HMR130',NULL,NULL),(89,'Triq Sant Andrija','K/A','Luqa',NULL,'Malta','LQA125',NULL,NULL),(90,'Qormi Road','171','Marsa',NULL,'Malta','MRS110',NULL,NULL),(91,'Racecourse Street','K/A','Marsa',NULL,'Malta','MRS111',NULL,NULL),(92,'Mosta Road','247','St. Paul Bay',NULL,'Malta','SPB35',NULL,NULL),(93,'Triq il-Herba','2','Zejtun',NULL,'Malta','ZTN1200',NULL,NULL),(94,'Triq il-Herba','2','Zejtun',NULL,'Malta','ZTN1200',35.85351730,14.53384830),(95,'Triq ix-Xatt','32','Marsascala',NULL,'Malta','MSK2113',NULL,NULL),(96,'Triq ix-Xatt','32','Marsascala',NULL,'Malta','MSK2113',35.86420200,14.56194170),(97,'Triq is-Santwarju','1','Zabbar',NULL,'Malta','ZBR1015',NULL,NULL),(98,'Triq is-Santwarju','1','Zabbar',NULL,'Malta','ZBR1015',35.91408780,14.48039080),(99,'Triq il-Vitorja','74','Senglea',NULL,'Malta','ISL1165',NULL,NULL),(100,'Triq il-Vitorja','74','Senglea',NULL,'Malta','ISL1165',35.88780300,14.51678740),(101,'Zabbar Road','3','Paola',NULL,'Malta','PLA1010',NULL,NULL),(102,'Zabbar Road','3','Paola',NULL,'Malta','PLA1010',35.87297200,14.50808700),(103,'Paola Square','1','Paola',NULL,'Malta','PLA1263',NULL,NULL),(104,'Paola Square','1','Paola',NULL,'Malta','PLA1263',35.87051500,14.50744800),(105,'Malta International Airport','1','Gudja',NULL,'Malta','LQA4000',NULL,NULL),(106,'Malta International Airport','1','Gudja',NULL,'Malta','LQA4000',35.85411350,14.48327950),(107,'Triq il-Bronja','1','Zurrieq',NULL,'Malta','ZRQ2014',NULL,NULL),(108,'Triq il-Bronja','1','Zurrieq',NULL,'Malta','ZRQ2014',35.83047040,14.47805730),(109,'St. Lucy Street','4','Valletta',NULL,'Malta','VLT1185',NULL,NULL),(110,'St Lucy Street','4','Valletta',NULL,'Malta','VLT1185',35.89817250,14.51271670),(111,'Triq it-tigrija','1','Marsa',NULL,'Malta','MRS',35.87965400,14.48675670),(112,'Vjal il-Helsien','85','Zebbug',NULL,'Malta','ZBG2074',NULL,NULL),(113,'Vjal il-Helsien','85','Zebbug',NULL,'Malta','ZBG2074',35.87380760,14.44504400),(114,'Triq San Bastjan','108','Qormi',NULL,'Malta','QRM2337',NULL,NULL),(115,'Triq San Bastjan','108','Qormi',NULL,'Malta','QRM2337',35.87847100,14.47707080),(116,'Triq Santa Rita','128-130-132','Rabat',NULL,'Malta','RBT030',NULL,NULL),(117,'Ta Xbiex Street','33','Msida',NULL,'Malta','MSD105',NULL,NULL),(118,'Naxxar Road','112','San Gwann',NULL,'Malta','SGN060',NULL,NULL),(119,'Triq id-dghejf','K/A','Naxxar',NULL,'Malta','NXR020',NULL,NULL),(120,'Triq id-dghejf','K/A','Naxxar',NULL,'Malta','NXR020',NULL,NULL),(121,'Triq il-Kbira','K/A','Mosta',NULL,'Malta','MST1014',NULL,NULL),(122,'Triq Uqija','K/A','Swieqi',NULL,'Malta','SWQ040',NULL,NULL),(123,'Dolmen Street','4','St. Paul Bay',NULL,'Malta','SPB11',NULL,NULL),(124,'Dolmen Street','3','St. Paul Bay',NULL,'Malta','SPB011',NULL,NULL),(125,'Republic Street','36','Rabat',NULL,'Gozo','RBT',NULL,NULL),(126,'Republic Street','36','Rabat',NULL,'Gozo','RBT',36.04417900,14.24301610),(127,'Valley Road','1','Balzan',NULL,'Malta','BZN1406',NULL,NULL),(128,'Valley Road','1','Balzan',NULL,'Malta','BZN1406',35.89642760,14.46303450),(129,'','225','Birkirkara',NULL,'Malta','BKR9045',NULL,NULL),(130,'Naxxar Road','225','Birkirkara',NULL,'Malta','BKR9045',35.90006430,14.45504130),(131,'Paola Square','Main Street Complex','Paola',NULL,'Malta','PLA1262',NULL,NULL),(132,'PJAZZA ANTOINE DE PAULE','Main Street Complex','Paola',NULL,'Malta','PLA1262',35.87229100,14.50731400),(133,'Triq San Tumas C/W Triq Kent','Corner Premises (Ex Roses Hse)','Fgura',NULL,'Malta','FGR1604',NULL,NULL),(134,'Triq San Tumas C/W Triq Kent','Corner Premises (Ex Roses Hse)','Fgura',NULL,'Malta','FGR1604',35.87256810,14.51917850),(135,'Valley Road','183','Birkirkara',NULL,'Malta','BKR9014',NULL,NULL),(136,'Valley Road','183','Birkirkara',NULL,'Malta','BKR9014',35.89697460,14.46185470),(137,'Triq il-Kbira','705, Morabionda','Hamrun',NULL,'Malta','HMR1014',NULL,NULL),(138,'Triq il-Kbira','705, Morabionda','Hamrun',NULL,'Malta','HMR1014',35.88612370,14.48834420),(139,'Wilga Street','15A','St. Julians',NULL,'Malta','STJ3111',NULL,NULL),(140,'Wilga Street','15A','St. Julians',NULL,'Malta','STJ3111',35.92365390,14.49005970),(141,'Shop  Ritz Shopping Centre,','6','Valletta',NULL,'Valletta','VLT',NULL,NULL),(142,'Embassy','1','Valletta',NULL,'Valletta','VLT',NULL,NULL),(143,'Wilga Street,','15A, ','St. Julians',NULL,'Malta','PV',35.92365390,14.49005970),(144,'Misrah Indipendenza,','13','Zejtun ',NULL,'Malta','ZRQ',NULL,NULL),(145,'Sancturary Street','151','Zabbar',NULL,'Malta','ZBR',35.87491720,14.53385630),(146,' Misrah Indipendenza','13','Zejtun ',NULL,'Malta','ZJN',35.90093330,14.51225680),(147,'Sancturary Street','151','Zabbar',NULL,'Malta','ZBR',NULL,NULL),(148,'Triq Ruzar Briffa','56','Mosta',NULL,'Malta','MST 1490',NULL,NULL),(149,'Triq Ruzar Briffa','46','Mosta',NULL,'Malta','MST 1490',NULL,NULL),(150,'Triq Ruzar Briffa','46','Mosta',NULL,'Malta','MST 1490',NULL,NULL),(151,'Mosta Technopark','f-26','Mosts',NULL,'Malta','MST 3000',35.90549060,14.43488550),(152,'Mosta Technopark','f-26','Mosts',NULL,'Malta','MST 3000',35.90549060,14.43488550),(153,'Mosta Technopark','f-26','Mosts',NULL,'Malta','MST 3000',35.90549060,14.43488550),(154,'Mosta Technopark','f-26','Mosta',NULL,'Malta','MST 3000',35.90549060,14.43488550),(155,'Mosta Technopark','F4','Mosta',NULL,'Malta','MST 3000',35.90549060,14.43488550),(156,'Triq Ruzar Briffa','46','Mosta',NULL,'Malta','MST1490',35.91108660,14.41657660),(157,'Triq Ruzar Briffa','46','','Mosta','Malta','MST1490',NULL,NULL),(158,'Shobowale Street','46','Lagos','Lagos','Nigeria','MST 1490',NULL,NULL),(159,'Shobowale Street','46','Lagos','Lagos','Nigeria','',NULL,NULL),(160,'Shobowale Street','46','Lagos','Lagos','Nigeria','',6.62284350,3.33513360);
/*!40000 ALTER TABLE `pstl_adr` ENABLE KEYS */;
UNLOCK TABLES;

--
-- Table structure for table `slot_machines`
--

DROP TABLE IF EXISTS `slot_machines`;
/*!40101 SET @saved_cs_client     = @@character_set_client */;
/*!50503 SET character_set_client = utf8mb4 */;
CREATE TABLE `slot_machines` (
  `slot_id` int(11) NOT NULL AUTO_INCREMENT,
  `serial_number` varchar(30) NOT NULL,
  `fk_model` int(10) unsigned NOT NULL,
  `date_manufacturing` date NOT NULL,
  `fk_slot_type` int(11) NOT NULL,
  `fk_license_number` int(10) unsigned NOT NULL,
  `commission` tinyint(1) NOT NULL,
  `date_commission` date NOT NULL,
  `date_decommission` date DEFAULT NULL,
  `multi_game` tinyint(1) NOT NULL,
  `multi_terminal` tinyint(1) NOT NULL,
  `est_location` varchar(256) DEFAULT NULL,
  `reg_number` int(11) DEFAULT NULL,
  `operator_number` int(11) DEFAULT NULL,
  `fk_serial_number_motherboard` varchar(30) NOT NULL,
  `is_original` tinyint(1) NOT NULL DEFAULT '1',
  `created_at` timestamp NULL DEFAULT CURRENT_TIMESTAMP,
  `updated_at` timestamp NULL DEFAULT CURRENT_TIMESTAMP ON UPDATE CURRENT_TIMESTAMP,
  PRIMARY KEY (`serial_number`),
  UNIQUE KEY `slot_id_UNIQUE` (`slot_id`),
  KEY `idx_slot_machines_fk_license_number` (`fk_license_number`),
  KEY `idx_slot_machines_fk_manufacturer` (`fk_model`),
  KEY `idx_slot_machines_fk_type` (`fk_slot_type`),
  KEY `idx_slot_machines_fk_serial_number_motherboard` (`fk_serial_number_motherboard`),
  CONSTRAINT `fk_slot_machines_motherboard` FOREIGN KEY (`fk_serial_number_motherboard`) REFERENCES `motherboard` (`serial_number_motherboard`),
  CONSTRAINT `fk_slot_machines_operator` FOREIGN KEY (`fk_license_number`) REFERENCES `operator` (`license_number`),
  CONSTRAINT `fk_slot_machines_slot_model` FOREIGN KEY (`fk_model`) REFERENCES `slot_model` (`id_model`),
  CONSTRAINT `fk_type_slot_machines` FOREIGN KEY (`fk_slot_type`) REFERENCES `type_slot_machines` (`id_type_slot_machines`)
) ENGINE=InnoDB AUTO_INCREMENT=1255 DEFAULT CHARSET=utf8;
/*!40101 SET character_set_client = @saved_cs_client */;

--
-- Dumping data for table `slot_machines`
--

LOCK TABLES `slot_machines` WRITE;
/*!40000 ALTER TABLE `slot_machines` DISABLE KEYS */;
INSERT INTO `slot_machines` VALUES (1,'022571DE',14,'2010-04-01',10,31,1,'2010-04-01',NULL,0,0,'Outside small smoking area door',9030,703,'01731',1,'2023-03-29 08:12:33','2023-03-29 08:12:33'),(2,'022575DE',14,'2010-04-01',10,31,1,'2010-04-01',NULL,0,0,'Outside small smoking area door',9031,704,'01391',1,'2023-03-29 08:12:33','2023-03-29 08:12:33'),(3,'022576DE',14,'2010-04-01',10,31,1,'2010-04-01',NULL,0,0,'Outside small smoking area door',9029,702,'01713',1,'2023-03-29 08:12:33','2023-03-29 08:12:33'),(4,'022577DE',14,'2010-04-01',10,31,1,'2010-04-01',NULL,0,0,'Outside small smoking area door',9028,701,'01722',1,'2023-03-29 08:12:33','2023-03-29 08:12:33'),(5,'022578DE',14,'2010-04-01',10,31,1,'2010-04-01',NULL,0,0,'Outside small smoking area door',9075,700,'01721',1,'2023-03-29 08:12:33','2023-03-29 08:12:33'),(6,'02510-01631',13,'2014-10-01',10,37,1,'2018-10-17',NULL,1,0,'Smoking hall',7226,7316,'01368-005',1,'2023-03-29 08:12:33','2023-03-29 08:12:33'),(7,'02510-01632',13,'2014-10-01',10,37,1,'2018-10-17',NULL,1,0,'NEXT TO ROULETTE IN FRONT OF CASH DESK',7224,7314,'01368-006',1,'2023-03-29 08:12:33','2023-03-29 08:12:33'),(8,'02510-01633',13,'2014-10-01',10,37,1,'2018-10-17',NULL,1,0,'NEXT TO ROULETTE IN FRONT OF CASH DESK',7225,7315,'01368-003',1,'2023-03-29 08:12:33','2023-03-29 08:12:33'),(9,'02510-01634',13,'2014-10-01',10,37,1,'2018-10-17',NULL,1,0,'SMOKING HALL',7229,7319,'01368-001',1,'2023-03-29 08:12:33','2023-03-29 08:12:33'),(10,'02510-01635',8,'2014-10-01',8,37,1,'2018-11-12',NULL,1,0,'Smoking Area',3281,3434,'01368-004',1,'2023-03-29 08:12:33','2023-03-30 15:53:10'),(11,'02510-01636',13,'2014-10-01',10,37,1,'2018-10-17',NULL,1,0,'Smoking hall',7228,7318,'01368-002',1,'2023-03-29 08:12:33','2023-03-29 08:12:33'),(12,'02510-01637',13,'2014-10-01',10,37,1,'2018-11-12',NULL,1,0,'Smoking Area',3282,3435,'01369-005',1,'2023-03-29 08:12:33','2023-03-29 08:12:33'),(13,'02510-01638',13,'2014-10-01',10,37,1,'2018-11-12',NULL,1,0,'Smoking Area',3285,3432,'01369-006',1,'2023-03-29 08:12:33','2023-03-29 08:12:33'),(14,'02510-01639',13,'2014-10-01',10,37,1,'2018-10-17',NULL,1,0,'SMOKING HALL',7227,7317,'01369-003',1,'2023-03-29 08:12:33','2023-03-29 08:12:33'),(15,'02510-01640',13,'2014-10-01',10,37,1,'2018-11-12',NULL,1,0,'Smoking Area',3280,3433,'01369-002',1,'2023-03-29 08:12:33','2023-03-29 08:12:33'),(16,'02510-01641',13,'2014-10-01',10,37,1,'2018-10-17',NULL,1,0,'Smoking hall',3284,7329,'01369-001',1,'2023-03-29 08:12:33','2023-03-29 08:12:33'),(17,'02510-01642',13,'2014-10-01',10,37,1,'2018-11-12',NULL,1,0,'Smoking area',3283,3436,'01369-004',1,'2023-03-29 08:12:33','2023-03-29 08:12:33'),(18,'080616-501',76,'2008-06-01',10,37,1,'2018-11-13',NULL,1,0,'Non Smoking area near poker table',3105,3233,'00000D9C57C2',1,'2023-03-29 08:12:33','2023-03-29 08:12:33'),(19,'080616-502',76,'2010-09-01',10,37,1,'2018-11-12',NULL,1,0,'Smoking Area',3150,3234,'0000101B5F0A',1,'2023-03-29 08:12:33','2023-03-29 08:12:33'),(20,'080616-503',76,'2008-06-01',10,37,1,'2018-11-13',NULL,1,0,'Non smoking area near poker table',3106,3235,'0000101D0720',1,'2023-03-29 08:12:33','2023-03-29 08:12:33'),(21,'080616-504',76,'2008-06-01',10,37,1,'2018-11-13',NULL,1,0,'Non smoking area near poker table',3107,3236,'0000137DAA0B',1,'2023-03-29 08:12:33','2023-03-29 08:12:33'),(22,'080616-505',76,'2010-09-01',10,37,1,'2018-11-12',NULL,1,0,'Smoking Area',3168,3237,'00000D61AB49',1,'2023-03-29 08:12:33','2023-03-29 08:12:33'),(23,'080616-506',76,'2008-06-01',10,37,1,'2018-11-13',NULL,1,0,'Non Smoking Area near Poker Table',3169,3238,'000011F46F76',1,'2023-03-29 08:12:33','2023-03-29 08:12:33'),(24,'100507-501',76,'2010-09-01',10,37,1,'2018-11-12',NULL,1,0,'Main Hall',3170,3291,'000015DE73D9',1,'2023-03-29 08:12:33','2023-03-29 08:12:33'),(25,'100507-502',76,'2010-09-01',10,37,1,'2018-11-12',NULL,1,0,'Smoking Area',3065,3288,'000011E58CDB',1,'2023-03-29 08:12:33','2023-03-29 08:12:33'),(26,'100507-507',76,'2010-09-01',10,37,1,'2018-11-12',NULL,1,0,'Smoking Area',3064,3289,'0000101D1B63',1,'2023-03-29 08:12:33','2023-03-29 08:12:33'),(27,'100901',76,'2010-09-18',10,37,1,'2018-10-18',NULL,1,0,'NEXT TO VIP',7030,7206,'0000137E08FC',1,'2023-03-29 08:12:33','2023-03-29 08:12:33'),(28,'100901-509',76,'2010-09-18',10,37,1,'2018-10-18',NULL,1,0,'Smoking area',7131,7208,'00000D12D55D',1,'2023-03-29 08:12:33','2023-03-29 08:12:33'),(29,'100901-510',76,'2010-09-18',10,37,1,'2018-10-18',NULL,1,0,'NEAR VIP AREA',7031,7207,'0000101D05EB',1,'2023-03-29 08:12:33','2023-03-29 08:12:33'),(30,'100901-512',76,'2010-09-18',10,37,1,'2018-10-18',NULL,1,0,'Smoking Area',7132,7209,'0000137E1BDC',1,'2023-03-29 08:12:33','2023-03-29 08:12:33'),(31,'100901-513',76,'2010-09-01',10,37,1,'2018-11-12',NULL,1,0,'Smoking Area',3108,3318,'00000D7EED55',1,'2023-03-29 08:12:33','2023-03-29 08:12:33'),(32,'100901-515',76,'2010-09-01',10,37,1,'2018-11-12',NULL,1,0,'Smoking Area',3063,3321,'0000117568A7',1,'2023-03-29 08:12:33','2023-03-29 08:12:33'),(33,'100901-516',76,'2010-09-01',10,37,1,'2018-11-12',NULL,1,0,'Smoking Area',3062,3320,'0000112A659A',1,'2023-03-29 08:12:33','2023-03-29 08:12:33'),(34,'101130',26,'2015-11-01',10,31,1,'2015-11-01',NULL,0,0,'Far right side of smoking area',9365,4123,'K3-IOBC-E12300042',1,'2023-03-29 08:12:33','2023-03-29 08:12:33'),(35,'101131',26,'2015-11-01',10,31,1,'2015-11-01',NULL,0,0,'Far right side of smoking area',9364,4122,'K3-IOBC-E10300153',1,'2023-03-29 08:12:33','2023-03-29 08:12:33'),(36,'101132',26,'2015-11-01',10,31,1,'2015-11-01',NULL,1,0,'Outside High Limit area',9370,4128,'K3-IOBC-E49C00368',1,'2023-03-29 08:12:33','2023-03-29 08:12:33'),(37,'101134',26,'2015-11-01',10,31,1,'2015-11-01',NULL,0,0,'Far right side of smoking area',9366,4124,'K3-IOBC-E11300128',1,'2023-03-29 08:12:33','2023-03-29 08:12:33'),(38,'101135',26,'2015-11-01',10,31,1,'2015-11-01',NULL,0,0,'Far right side of smoking area',9367,4125,'K3-IOBC-E12300083',1,'2023-03-29 08:12:33','2023-03-29 08:12:33'),(39,'101136',26,'2015-11-01',10,31,1,'2015-11-01',NULL,1,0,'Outside High Limit area',9369,4127,'K3-IOBC-E11300057',1,'2023-03-29 08:12:33','2023-03-29 08:12:33'),(40,'101137',26,'5015-11-01',10,31,1,'2015-11-01',NULL,0,0,'Far right side of smoking area',9363,4121,'K3-IOBC-E20500557',1,'2023-03-29 08:12:33','2023-03-29 08:12:33'),(41,'101138',26,'2015-11-01',10,31,1,'2015-11-01',NULL,0,0,'Far right side of smoking area',9368,4126,'K3-IOBC-E11300115',1,'2023-03-29 08:12:33','2023-03-29 08:12:33'),(42,'104867',86,'2015-07-03',10,31,1,'2015-07-03',NULL,1,0,'Outside restaurant wall',9329,1003,'000000100000100137',1,'2023-03-29 08:12:33','2023-03-29 08:12:33'),(43,'104868',86,'2015-07-03',10,31,1,'2015-07-03',NULL,1,0,'Outside restaurant wall',9330,1004,'000000100000100134',1,'2023-03-29 08:12:33','2023-03-29 08:12:33'),(44,'104869',86,'2015-07-03',10,31,1,'2015-07-03',NULL,1,0,'Outside restaurant wall',9328,1002,'000000100000100131',1,'2023-03-29 08:12:33','2023-03-29 08:12:33'),(45,'104870',86,'2015-07-03',10,31,1,'2015-07-02',NULL,1,0,'Outside restaurant wall',9326,1000,'000000100000100125',1,'2023-03-29 08:12:33','2023-03-29 08:12:33'),(46,'104871',86,'2015-07-03',10,31,1,'0015-07-31',NULL,1,0,'Outside restaurant wall',9327,1001,'000000100000100128',1,'2023-03-29 08:12:33','2023-03-29 08:12:33'),(47,'104872',86,'2015-07-03',10,31,1,'2015-07-03',NULL,1,0,'Outside restaurant wall',9331,1005,'000000100000100133',1,'2023-03-29 08:12:33','2023-03-29 08:12:33'),(48,'108644',26,'2015-11-01',10,37,1,'2018-11-12',NULL,1,0,'In Main hall',7275,3527,'K3-IOBC-E38900759',1,'2023-03-29 08:12:33','2023-03-29 08:12:33'),(49,'108645',26,'2015-11-01',10,37,1,'2018-11-12',NULL,1,0,'In Main hall',7276,3528,'K3-IOBC-E42A00701',1,'2023-03-29 08:12:33','2023-03-29 08:12:33'),(50,'108650',26,'2015-11-01',10,37,1,'2018-11-12',NULL,1,0,'In Main Hall',7272,3526,'K3-IOBC-E43A00506',1,'2023-03-29 08:12:33','2023-03-29 08:12:33'),(51,'108652',26,'2015-11-01',10,37,1,'2018-11-12',NULL,1,0,'In Main Hall',7274,3529,'K3-IOBC-F12300739',1,'2023-03-29 08:12:33','2023-03-29 08:12:33'),(52,'108851',26,'2015-11-01',10,37,1,'2018-11-12',NULL,1,0,'In Main Hall',7273,3525,'K3-IOBD-F23600019',1,'2023-03-29 08:12:33','2023-03-29 08:12:33'),(53,'110231',54,'2015-08-16',10,37,1,'2018-11-12',NULL,1,0,'Main Hall',7236,3516,'1508000691',1,'2023-03-29 08:12:33','2023-03-29 08:12:33'),(54,'110232',54,'2015-08-16',10,37,1,'2018-10-15',NULL,1,0,'Smoking Hall Bank 73',7238,7338,'1508000711',0,'2023-03-29 08:12:33','2023-03-29 08:12:33'),(55,'110233',54,'2015-08-18',8,37,1,'2018-10-18',NULL,1,0,'NEAR SPORTS LOUNGE',7240,7340,'1508000723',1,'2023-03-29 08:12:33','2023-03-29 08:12:33'),(56,'110234',54,'2008-08-16',10,37,1,'2018-10-15',NULL,1,0,'Smoking Hall bank 73',7237,7337,'1508000696',0,'2023-03-29 08:12:33','2023-03-29 08:12:33'),(57,'110235',54,'2015-08-16',8,37,1,'2018-10-18',NULL,1,0,'NEAR SPORTS LOUNGE',7239,7339,'1508000705',1,'2023-03-29 08:12:33','2023-03-29 08:12:33'),(58,'110236',54,'2015-08-16',10,37,1,'2018-10-15',NULL,1,0,'Smoking Hall Bank 73',7241,7341,'1508000728',0,'2023-03-29 08:12:33','2023-03-29 08:12:33'),(59,'110237',54,'2015-08-16',10,37,1,'2018-11-12',NULL,1,0,'Smoking area',3298,3459,'1508000717',1,'2023-03-29 08:12:33','2023-03-29 08:12:33'),(60,'110238',54,'2015-08-18',8,37,1,'2018-10-18',NULL,1,0,'NEAR SPORTS LOUNGE',7242,7342,'1508000722',1,'2023-03-29 08:12:33','2023-03-29 08:12:33'),(61,'110239',54,'2015-08-16',10,37,1,'2018-11-12',NULL,1,0,'Main Hall',3299,3460,'1508000704',1,'2023-03-29 08:12:33','2023-03-29 08:12:33'),(62,'110240',54,'2015-08-18',8,37,1,'2018-10-18',NULL,1,0,'NEAR SPORTS LOUNGE',7243,7343,'1508000766',1,'2023-03-29 08:12:33','2023-03-29 08:12:33'),(63,'110242',54,'2015-08-16',10,37,1,'2018-11-12',NULL,1,0,'Smoking Area',3296,3457,'1508000727',1,'2023-03-29 08:12:33','2023-03-29 08:12:33'),(64,'110243',54,'2015-08-16',10,37,1,'2018-11-12',NULL,1,0,'Main Hall',3301,3462,'1508000731',1,'2023-03-29 08:12:33','2023-03-29 08:12:33'),(65,'110244',54,'2015-08-16',10,37,1,'2018-11-12',NULL,1,0,'Smoking area',3297,3458,'1508000721',1,'2023-03-29 08:12:33','2023-03-29 08:12:33'),(66,'110245',54,'2015-08-16',10,37,1,'2018-11-12',NULL,1,0,'Smoking Area',3295,3456,'1508000729',1,'2023-03-29 08:12:33','2023-03-29 08:12:33'),(67,'110246',54,'2015-08-16',10,37,1,'2018-10-15',NULL,1,0,'Smoking Hall bank 73',7244,7344,'1508000697',0,'2023-03-29 08:12:33','2023-03-29 08:12:33'),(68,'110247',54,'2015-08-16',10,37,1,'2018-11-12',NULL,1,0,'Main Hall',3330,3461,'1508000706',1,'2023-03-29 08:12:33','2023-03-29 08:12:33'),(69,'1111-013',72,'2018-12-06',10,32,1,'2018-12-06',NULL,1,0,'',37,37,'1108002133',1,'2023-03-29 08:12:33','2023-03-29 08:12:33'),(70,'1111-014',36,'2011-11-01',10,32,1,'2018-12-06',NULL,1,0,'',25,25,'1108002139',1,'2023-03-29 08:12:33','2023-03-29 08:12:33'),(71,'1111-015',72,'2011-11-01',10,32,1,'2018-12-06',NULL,1,0,'',32,32,'1108002138',1,'2023-03-29 08:12:33','2023-03-29 08:12:33'),(72,'1111-017',72,'2011-11-01',10,32,1,'2018-12-06',NULL,1,0,'',9,9,'1108006259',1,'2023-03-29 08:12:33','2023-03-29 08:12:33'),(73,'1111-018',72,'2011-11-01',10,32,1,'2018-12-06',NULL,1,0,'',6,6,'1108002092',1,'2023-03-29 08:12:33','2023-03-29 08:12:33'),(74,'1111-019',72,'2011-11-01',10,32,1,'2018-12-07',NULL,1,0,'',76,76,'1108002129',1,'2023-03-29 08:12:33','2023-03-29 08:12:33'),(75,'1111-020',72,'2011-11-01',10,32,1,'2018-12-07',NULL,1,0,'',75,75,'1112007360',1,'2023-03-29 08:12:33','2023-03-29 08:12:33'),(76,'1111-021',72,'2011-11-01',10,32,1,'2018-12-06',NULL,1,0,'',8,8,'1108002110',1,'2023-03-29 08:12:33','2023-03-29 08:12:33'),(77,'1111-022',72,'2011-11-01',10,32,1,'2018-12-06',NULL,1,0,'',7,7,'1112007406',1,'2023-03-29 08:12:33','2023-03-29 08:12:33'),(78,'1111-023',72,'2011-11-18',10,37,1,'2018-10-18',NULL,1,0,'SMOKING AREA',7255,7355,'000011E579B3',1,'2023-03-29 08:12:33','2023-03-29 08:12:33'),(79,'1111-024',72,'2011-11-01',10,32,1,'2018-12-06',NULL,1,0,'',34,34,'1108006225',1,'2023-03-29 08:12:33','2023-03-29 08:12:33'),(80,'1111-025',72,'2011-11-01',10,32,1,'2018-12-06',NULL,1,0,'',27,27,'1108002103',1,'2023-03-29 08:12:33','2023-03-29 08:12:33'),(81,'1111-027',72,'2011-11-01',10,32,1,'2018-12-07',NULL,1,0,'',80,80,'1104014637',1,'2023-03-29 08:12:33','2023-03-29 08:12:33'),(82,'1111-028',72,'2011-11-01',10,32,1,'2018-12-06',NULL,1,0,'',74,74,'1108006228',1,'2023-03-29 08:12:33','2023-03-29 08:12:33'),(83,'1111-029',72,'2011-11-18',10,37,1,'2018-10-18',NULL,1,0,'Bank 72 Next to cash desk',7187,7262,'1102008079',1,'2023-03-29 08:12:33','2023-03-29 08:12:33'),(84,'1111-030',72,'2011-11-01',10,32,1,'2018-12-07',NULL,1,0,'',71,71,'1108006227',1,'2023-03-29 08:12:33','2023-03-29 08:12:33'),(85,'1111-031',72,'2011-11-01',10,37,1,'2018-10-18',NULL,1,0,'Smoking Hall',7193,7265,'1108006222',1,'2023-03-29 08:12:33','2023-03-29 08:12:33'),(86,'1111-032',72,'2011-11-01',10,32,1,'2018-12-06',NULL,1,0,'',5,5,'1112007396',1,'2023-03-29 08:12:33','2023-03-29 08:12:33'),(87,'1111-033',72,'2011-11-18',10,37,1,'2018-10-18',NULL,1,0,'SMOKING AREA',7256,7356,'0000137E2EC4',1,'2023-03-29 08:12:33','2023-03-29 08:12:33'),(88,'1111-034',72,'2011-11-01',10,37,1,'2018-11-13',NULL,1,0,'Smoking Area',3233,3386,'1112007398',1,'2023-03-29 08:12:33','2023-03-29 08:12:33'),(89,'1111-036',72,'2011-11-01',10,37,1,'2018-11-12',NULL,1,0,'In Main Hall',3237,3390,'1108002096',1,'2023-03-29 08:12:33','2023-03-29 08:12:33'),(90,'1111-037',72,'2011-11-01',10,32,1,'2018-12-06',NULL,1,0,'',72,72,'1108002099',1,'2023-03-29 08:12:33','2023-03-29 08:12:33'),(91,'1111-038',72,'2011-11-01',10,32,1,'2018-12-07',NULL,1,0,'',81,81,'1107007519',1,'2023-03-29 08:12:33','2023-03-29 08:12:33'),(92,'1111-040',72,'2011-11-18',10,37,1,'2018-10-18',NULL,1,0,'SMOKING AREA',7253,7353,'00000D7D9338',1,'2023-03-29 08:12:33','2023-03-29 08:12:33'),(93,'1111-041',72,'2011-11-01',10,32,1,'2018-12-07',NULL,1,0,'',77,77,'1108002102',1,'2023-03-29 08:12:33','2023-03-29 08:12:33'),(94,'1111-042',72,'2011-11-01',10,32,1,'2018-12-07',NULL,1,0,'',84,84,'1105002728',1,'2023-03-29 08:12:33','2023-03-29 08:12:33'),(95,'1111-043',72,'2011-11-01',10,37,1,'2011-11-01',NULL,1,0,'Smoking Hall',7190,7266,'0903061825',1,'2023-03-29 08:12:33','2023-03-29 08:12:33'),(96,'1111-044',76,'2011-11-01',10,32,1,'2018-12-07',NULL,1,0,'',82,82,'1108006242',1,'2023-03-29 08:12:33','2023-03-29 08:12:33'),(97,'1111-045',72,'2011-11-01',10,37,1,'2018-11-13',NULL,1,0,'Smoking Area',3235,3388,'0000112A6C17',1,'2023-03-29 08:12:33','2023-03-29 08:12:33'),(98,'1111-046',72,'2011-11-11',10,37,1,'2018-10-18',NULL,1,0,'Next to the cash desk',7186,7261,'1108002108',1,'2023-03-29 08:12:33','2023-03-29 08:12:33'),(99,'1111-048',72,'2011-11-01',10,37,1,'2018-11-13',NULL,1,0,'Smoking Area',3234,3387,'1108002105',1,'2023-03-29 08:12:33','2023-03-29 08:12:33'),(100,'1111-049',72,'2011-11-01',10,32,1,'2018-12-06',NULL,1,0,'',16,16,'1108006255',1,'2023-03-29 08:12:33','2023-03-29 08:12:33'),(101,'1111-050',72,'2011-11-01',10,32,1,'2018-12-06',NULL,1,0,'',29,29,'1108002111',1,'2023-03-29 08:12:33','2023-03-29 08:12:33'),(102,'1111-051',72,'2011-11-01',10,32,1,'2018-12-07',NULL,1,0,'',85,85,'1108002125',1,'2023-03-29 08:12:33','2023-03-29 08:12:33'),(103,'1111-052',36,'2011-11-01',10,32,1,'2018-12-06',NULL,1,0,'',24,24,'1108006241',1,'2023-03-29 08:12:33','2023-03-29 08:12:33'),(104,'1111-053',72,'2011-11-01',10,32,1,'2018-12-06',NULL,1,0,'',28,28,'1112007371',1,'2023-03-29 08:12:33','2023-03-29 08:12:33'),(105,'1111-054',72,'2011-11-01',10,32,1,'2018-12-06',NULL,1,0,'',15,15,'1108002135',1,'2023-03-29 08:12:33','2023-03-29 08:12:33'),(106,'1111-055',72,'2011-11-01',10,37,1,'2018-10-18',NULL,1,0,'Smoking Hall',7257,7357,'0000101B6055',1,'2023-03-29 08:12:33','2023-03-29 08:12:33'),(107,'1111-056',72,'2011-11-01',10,37,1,'2018-11-13',NULL,1,0,'Smoking Area',3232,3385,'1108002134',1,'2023-03-29 08:12:33','2023-03-29 08:12:33'),(108,'1111-057',72,'2011-11-01',10,32,1,'2018-12-06',NULL,1,0,'',36,36,'1108002141',1,'2023-03-29 08:12:33','2023-03-29 08:12:33'),(109,'1111-059',72,'2011-11-01',10,32,1,'2018-12-06',NULL,1,0,'',21,21,'1112007362',1,'2023-03-29 08:12:33','2023-03-29 08:12:33'),(110,'1111-060',36,'2011-11-01',10,32,1,'2018-12-06',NULL,1,0,'',23,23,'1112007376',1,'2023-03-29 08:12:33','2023-03-29 08:12:33'),(111,'1111-061',72,'2011-11-01',10,32,1,'2018-12-06',NULL,1,0,'',17,17,'1112007363',1,'2023-03-29 08:12:33','2023-03-29 08:12:33'),(112,'1111-062',72,'2011-11-01',10,32,1,'2018-12-06',NULL,1,0,'',10,10,'1112007356',1,'2023-03-29 08:12:33','2023-03-29 08:12:33'),(113,'1111-063',76,'2011-11-01',10,32,1,'2018-12-06',NULL,1,0,'',33,33,'1112007357',1,'2023-03-29 08:12:33','2023-03-29 08:12:33'),(114,'1111-064',72,'2011-11-01',10,32,1,'2018-12-06',NULL,1,0,'',13,13,'1112007394',1,'2023-03-29 08:12:33','2023-03-29 08:12:33'),(115,'1111-065',72,'2011-11-01',10,32,1,'2018-12-06',NULL,1,0,'',12,12,'1112007370',1,'2023-03-29 08:12:33','2023-03-29 08:12:33'),(116,'1111-066',72,'2011-11-01',10,32,1,'2018-12-06',NULL,1,0,'',11,11,'1112007358',1,'2023-03-29 08:12:33','2023-03-29 08:12:33'),(117,'1111-067',72,'2011-11-01',10,32,1,'2018-12-06',NULL,1,0,'',26,26,'1112007372',1,'2023-03-29 08:12:33','2023-03-29 08:12:33'),(118,'1111-068',72,'2011-11-01',10,32,1,'2018-12-06',NULL,1,0,'',19,19,'1112007361',1,'2023-03-29 08:12:33','2023-03-29 08:12:33'),(119,'1111-069',72,'2011-11-01',10,32,1,'2018-12-06',NULL,1,0,'',18,18,'1108002132',1,'2023-03-29 08:12:33','2023-03-29 08:12:33'),(120,'1111-071',72,'2011-11-01',10,32,1,'2018-12-06',NULL,1,0,'',22,22,'1112007369',1,'2023-03-29 08:12:33','2023-03-29 08:12:33'),(121,'1111-072',72,'2011-11-01',10,32,1,'2018-12-06',NULL,1,0,'',14,14,'1112007405',1,'2023-03-29 08:12:33','2023-03-29 08:12:33'),(122,'1111-073',72,'2011-11-18',10,37,1,'2018-10-18',NULL,1,0,'Bank 27 near Cash Desk',7258,7358,'0000112A5204',1,'2023-03-29 08:12:33','2023-03-29 08:12:33'),(123,'1111-075',72,'2011-11-18',10,37,1,'2018-10-18',NULL,1,0,'Bank 72 near Cash Desk',7189,7264,'1108006229',1,'2023-03-29 08:12:33','2023-03-29 08:12:33'),(124,'1111-076',72,'2011-11-18',10,37,1,'2018-10-18',NULL,1,0,'Bank 72 near Cash Desk ',7188,7263,'1011007749',1,'2023-03-29 08:12:33','2023-03-29 08:12:33'),(125,'1111-077',72,'2011-11-01',10,37,1,'2018-11-13',NULL,1,0,'Smoking Area',3236,3389,'1108006246',1,'2023-03-29 08:12:33','2023-03-29 08:12:33'),(126,'1111-078',72,'2011-11-01',10,37,1,'2018-10-18',NULL,1,0,'Smoking Hall',7191,7272,'0903061845',1,'2023-03-29 08:12:33','2023-03-29 08:12:33'),(127,'1111-079',72,'2011-11-01',10,37,1,'2018-11-12',NULL,1,0,'In Main Hall',3239,3392,'0912064641',1,'2023-03-29 08:12:33','2023-03-29 08:12:33'),(128,'1111-08',72,'2011-11-01',10,37,1,'2018-10-17',NULL,1,0,'Next to cash desk',7192,7273,'1108006226',1,'2023-03-29 08:12:33','2023-03-29 08:12:33'),(129,'1111-080',72,'2011-11-01',10,37,1,'2018-10-18',NULL,1,0,'Smoking Hall',3238,7389,'1108006223',1,'2023-03-29 08:12:33','2023-03-29 08:12:33'),(130,'1111-081',72,'2011-11-01',10,37,1,'2018-11-12',NULL,1,0,'In Main Hall',3242,3395,'1105002738',1,'2023-03-29 08:12:33','2023-03-29 08:12:33'),(131,'1111-082',72,'2011-11-18',10,37,1,'2018-10-18',NULL,1,0,'SMOKING AREA',7254,7354,'0000101B52AA',1,'2023-03-29 08:12:33','2023-03-29 08:12:33'),(132,'1111-083',72,'2011-11-01',10,37,1,'2018-10-18',NULL,1,0,'Smoking Hall',7194,7275,'000011E57B16',1,'2023-03-29 08:12:33','2023-03-29 08:12:33'),(133,'1111-084',72,'2011-11-01',10,37,1,'2018-11-12',NULL,1,0,'In Main hall',3240,3393,'0912064659',1,'2023-03-29 08:12:33','2023-03-29 08:12:33'),(134,'1111-086',72,'2011-12-01',10,37,1,'2018-11-12',NULL,1,0,'In Main Hall',3241,3394,'1106004903',1,'2023-03-29 08:12:33','2023-03-29 08:12:33'),(135,'1111-087',72,'2011-11-01',10,37,1,'2018-11-12',NULL,1,0,'In Main Hall',3243,3396,'1104014744',1,'2023-03-29 08:12:33','2023-03-29 08:12:33'),(136,'122202',27,'2016-06-01',10,31,1,'2016-06-01',NULL,1,0,'Near cashier door in smoking area',9371,4129,'122202',1,'2023-03-29 08:12:33','2023-03-29 08:12:33'),(137,'122203',27,'2016-06-01',10,31,1,'2016-06-01',NULL,1,0,'Near cashier door in smoking area',9372,4130,'122203',1,'2023-03-29 08:12:33','2023-03-29 08:12:33'),(138,'122204',27,'2016-06-01',10,31,1,'2016-06-01',NULL,1,0,'Near cashier door in smoking area',9373,4131,'122204',1,'2023-03-29 08:12:33','2023-03-29 08:12:33'),(139,'122205',27,'2016-06-01',10,31,1,'2016-06-01',NULL,1,0,'Near cashier door in smoking area',9374,4132,'122205',1,'2023-03-29 08:12:33','2023-03-29 08:12:33'),(140,'124131',51,'2018-07-16',8,30,1,'2018-10-05',NULL,1,0,'Bank 09 Smoking Hall Next to the roulette table',2323,902,'1605073205',1,'2023-03-29 08:12:33','2023-03-29 08:12:33'),(141,'124132',51,'2018-07-16',8,30,1,'2018-10-05',NULL,1,0,'Bank 09 Smoking Hall Next to the roulette table',2326,904,'1605073197',1,'2023-03-29 08:12:33','2023-03-29 08:12:33'),(142,'124133',51,'2018-07-16',8,30,1,'2018-10-05',NULL,1,0,'Bank 09 Smoking Hall Next to the roulette table',2328,906,'1605073252',1,'2023-03-29 08:12:33','2023-03-29 08:12:33'),(143,'124134',51,'2018-07-16',8,30,1,'2018-10-05',NULL,1,0,'Bank 09 Smoking Hall Next to the roulette table',2330,908,'1605073189',1,'2023-03-29 08:12:33','2023-03-29 08:12:33'),(144,'124135',51,'2018-07-16',8,30,1,'2018-10-05',NULL,1,0,'Bank 09 Smoking Hall Next to the roulette table',2332,910,'1605073192',1,'2023-03-29 08:12:33','2023-03-29 08:12:33'),(145,'124136',51,'2018-07-16',8,30,1,'2018-10-05',NULL,1,0,'Bank 09 Smoking Hall Next to the roulette table',2327,905,'1605073240',1,'2023-03-29 08:12:33','2023-03-29 08:12:33'),(146,'124137',51,'2018-07-16',8,30,1,'2018-10-05',NULL,1,0,'Bank 09 Smoking Hall Next to the roulette table',2329,907,'1605073231',1,'2023-03-29 08:12:33','2023-03-29 08:12:33'),(147,'124138',51,'2018-07-16',8,30,1,'2018-10-05',NULL,1,0,'Bank 09 Smoking Hall Next to the roulette table',2331,909,'1605073201',1,'2023-03-29 08:12:33','2023-03-29 08:12:33'),(148,'124141',18,'2016-06-06',10,30,1,'2018-10-02',NULL,1,0,'Bank 26 Bar Area next the VIP Entrance ',2338,2605,'1605073178',1,'2023-03-29 08:12:33','2023-03-29 08:12:33'),(149,'124142',18,'2016-06-06',10,30,1,'2018-10-02',NULL,1,0,'Bank 26 Bar Area next the VIP entrance',2334,2601,'1605073171',1,'2023-03-29 08:12:33','2023-03-29 08:12:33'),(150,'124143',18,'2016-06-06',10,30,1,'2018-10-02',NULL,1,0,'Bank 26 Bar Area next the VIP Entrance',2336,2603,'1605073164',1,'2023-03-29 08:12:33','2023-03-29 08:12:33'),(151,'124144',18,'2016-06-06',10,30,1,'2018-10-02',NULL,1,0,'Bank 26 Bar Area next VIP Entrance',2335,2602,'1605073169',1,'2023-03-29 08:12:33','2023-03-29 08:12:33'),(152,'124145',18,'2016-06-06',10,30,1,'2018-10-02',NULL,1,0,'Bank 26 Bar area next the VIP entrance',2337,2604,'1505R90034',1,'2023-03-29 08:12:33','2023-03-29 08:12:33'),(153,'124301',19,'2017-06-05',10,37,1,'2018-10-15',NULL,1,0,'Bank 74 next to dice table',7312,7418,'000000100000257711',0,'2023-03-29 08:12:33','2023-03-29 08:12:33'),(154,'124804',51,'2018-07-16',8,30,1,'2018-10-05',NULL,1,0,'Bank 09 Smoking Hall Next to the roulette table',2324,903,'1605073244',1,'2023-03-29 08:12:33','2023-03-29 08:12:33'),(155,'124805',51,'2018-07-16',8,30,1,'2018-10-05',NULL,1,0,'Bank 09 Smoking Hall Next to the roulette table',2322,901,'1605073206',1,'2023-03-29 08:12:33','2023-03-29 08:12:33'),(156,'1301-036',72,'2013-01-01',10,36,1,'2018-12-03',NULL,1,0,'-',1,1002,'1208064561',1,'2023-03-29 08:12:33','2023-03-29 08:12:33'),(157,'1301-038',72,'2013-01-01',10,36,1,'2018-12-03',NULL,1,0,'-',2,1008,'1104014719',1,'2023-03-29 08:12:33','2023-03-29 08:12:33'),(158,'1301-039',72,'2013-01-01',10,33,1,'2018-12-03',NULL,1,0,'-',2,2004,'120606291000',1,'2023-03-29 08:12:33','2023-03-29 08:12:33'),(159,'1301-040',72,'2013-01-01',10,33,1,'2018-12-06',NULL,1,0,'',69,2008,'1208064555',1,'2023-03-29 08:12:33','2023-03-29 08:12:33'),(160,'1301-041',72,'2013-01-01',10,33,1,'2018-12-03',NULL,1,0,'-',2,7901,'0908062052',1,'2023-03-29 08:12:33','2023-03-29 08:12:33'),(161,'1301-042',72,'2013-01-01',10,36,1,'2018-12-03',NULL,1,0,'-',3,7902,'1208064582',1,'2023-03-29 08:12:33','2023-03-29 08:12:33'),(162,'1301-043',72,'2013-01-01',10,33,1,'2018-12-06',NULL,1,0,'',46,46,'0908052092',1,'2023-03-29 08:12:33','2023-03-29 08:12:33'),(163,'1301-044',72,'2013-01-01',10,36,1,'2018-12-03',NULL,0,0,'-',4,7903,'1011007738',1,'2023-03-29 08:12:33','2023-03-29 08:12:33'),(164,'1301-045',72,'2013-01-01',10,33,1,'2018-12-06',NULL,1,0,'',68,1006,'1206062887',1,'2023-03-29 08:12:33','2023-03-29 08:12:33'),(165,'1301-047',72,'2013-01-01',10,36,1,'2018-12-03',NULL,1,0,'-',2,7901,'1011007750',1,'2023-03-29 08:12:33','2023-03-29 08:12:33'),(166,'1301-048',72,'2013-01-01',10,36,1,'2018-12-03',NULL,1,0,'-',3,7902,'1208064546',1,'2023-03-29 08:12:33','2023-03-29 08:12:33'),(167,'1301-049',72,'2013-01-01',10,33,1,'2018-12-03',NULL,1,0,'-',1,5003,'1009011460',1,'2023-03-29 08:12:33','2023-03-29 08:12:33'),(168,'1301-050',72,'2013-01-01',10,33,1,'2018-12-03',NULL,1,0,'-',1,7900,'0908062082',1,'2023-03-29 08:12:33','2023-03-29 08:12:33'),(169,'1301046',72,'2013-01-01',10,36,1,'2018-12-03',NULL,1,0,'-',1,7900,'1005060959',1,'2023-03-29 08:12:33','2023-03-29 08:12:33'),(170,'1312-109',72,'2013-12-01',10,36,1,'2018-12-06',NULL,1,0,'',56,56,'1312064629',1,'2023-03-29 08:12:33','2023-03-29 08:12:33'),(171,'1312-110',72,'2013-01-01',10,36,1,'2018-12-03',NULL,1,0,'-',1,7900,'1312064___',1,'2023-03-29 08:12:33','2023-03-29 08:12:33'),(172,'1312-111',72,'2013-12-01',10,36,1,'2018-12-03',NULL,1,0,'-',5,7904,'1312064714',1,'2023-03-29 08:12:33','2023-03-29 08:12:33'),(173,'1320501001',29,'2010-06-01',10,31,1,'2010-06-01',NULL,1,0,'Outside High Limit area',9061,1104,'01F3DB32140000A3',1,'2023-03-29 08:12:33','2023-03-29 08:12:33'),(174,'1320501002',39,'2010-06-01',10,31,1,'2010-06-01',NULL,1,0,'Against wall in smoking area',9176,5101,'01F3D832140000ED',1,'2023-03-29 08:12:33','2023-03-29 08:12:33'),(175,'1320501003',39,'2010-06-01',10,31,1,'2010-06-01',NULL,1,0,'Against wall in smoking area',9181,5106,'0137C9321400001F',1,'2023-03-29 08:12:33','2023-03-29 08:12:33'),(176,'1320501004',29,'2010-06-01',10,31,1,'2010-06-01',NULL,1,0,'Outside High Limit area',9062,1105,'01BAC7321400001D',1,'2023-03-29 08:12:33','2023-03-29 08:12:33'),(177,'1320501005',29,'2010-06-01',10,31,1,'2010-06-01',NULL,1,0,'Outside High Limit area',9058,1101,'0133CF321400005F',1,'2023-03-29 08:12:33','2023-03-29 08:12:33'),(178,'1320501006',29,'2010-06-01',10,31,1,'2010-06-01',NULL,1,0,'Outside High Limit area',9060,1103,'01A0E9271400006A',1,'2023-03-29 08:12:33','2023-03-29 08:12:33'),(179,'1320501007',29,'2010-06-01',10,31,1,'2010-06-01',NULL,0,0,'Along wall by bathroom',9064,315,'01FFD83214000090',1,'2023-03-29 08:12:33','2023-03-29 08:12:33'),(180,'1320501008',93,'2010-06-01',10,35,1,'2018-11-19',NULL,1,0,'-',5,19501,'017ABE321400001C',1,'2023-03-29 08:12:33','2023-03-29 08:12:33'),(181,'1320502001',29,'2010-06-01',10,31,1,'2010-06-01',NULL,1,0,'High Limit room',9104,2301,'0148D932140000DF',1,'2023-03-29 08:12:33','2023-03-29 08:12:33'),(182,'1320502002',39,'2010-06-01',10,31,1,'2010-06-01',NULL,1,0,'Against wall in smoking area',9180,5105,'01C1C43214000033',1,'2023-03-29 08:12:33','2023-03-29 08:12:33'),(183,'1320502003',29,'2010-06-01',10,31,1,'2010-06-01',NULL,1,0,'Outside high limit area',9059,1102,'0166CE3214000057',1,'2023-03-29 08:12:33','2023-03-29 08:12:33'),(184,'1320502004',93,'2010-06-01',10,35,1,'2018-11-11',NULL,1,0,'',17005,3,'014F683314000057',1,'2023-03-29 08:12:33','2023-03-29 08:12:33'),(185,'1320502005',39,'2010-06-01',10,31,1,'2010-06-01',NULL,1,0,'Against wall in smoking area',9177,5102,'010ECF32140000F8',1,'2023-03-29 08:12:33','2023-03-29 08:12:33'),(186,'1320502006',39,'2010-06-01',10,31,1,'2010-06-01',NULL,1,0,'Against wall in smoking area',9178,5103,'01E2CD321400002F',1,'2023-03-29 08:12:33','2023-03-29 08:12:33'),(187,'1320502007',39,'2010-06-01',10,31,1,'2010-06-01',NULL,1,0,'Against wall in smoking area',9179,5104,'011CBE321400006D',1,'2023-03-29 08:12:33','2023-03-29 08:12:33'),(188,'1333301001',29,'2010-08-01',10,31,1,'2010-08-01',NULL,0,0,'Along wall by bathroom',9117,313,'01BFF52714000048',1,'2023-03-29 08:12:33','2023-03-29 08:12:33'),(189,'1333301003',93,'2010-08-01',10,35,1,'2018-11-11',NULL,1,0,'',4,17003,'016ED43214000037',1,'2023-03-29 08:12:33','2023-03-29 08:12:33'),(190,'1333301004',29,'2010-06-01',10,31,1,'2010-06-01',NULL,0,0,'Along wall by bathroom',9115,314,'01FAE127140000B5',1,'2023-03-29 08:12:33','2023-03-29 08:12:33'),(191,'1333301606',93,'2009-08-01',10,35,1,'2018-11-22',NULL,1,0,'',37,4005,'01FBE12714000082',1,'2023-03-29 08:12:33','2023-03-29 08:12:33'),(192,'1333302001',29,'2010-08-01',10,31,1,'2010-08-01',NULL,1,0,'Along wall by bathroom',9114,2307,'0190CFB9150000BC',1,'2023-03-29 08:12:33','2023-03-29 08:12:33'),(193,'1333302002',93,'2010-08-01',10,35,1,'2018-11-22',NULL,1,0,'',36,4004,'01A9ED27140000E3',1,'2023-03-29 08:12:33','2023-03-29 08:12:33'),(194,'1333302003',29,'2013-06-01',10,31,1,'2013-06-01',NULL,1,0,'High Limit room',9105,2302,'016C982714000028',1,'2023-03-29 08:12:33','2023-03-29 08:12:33'),(195,'1333302004',29,'2010-08-01',10,31,1,'2010-08-01',NULL,1,0,'Along wall by bathroom',9108,2309,'017F0228140000BA',1,'2023-03-29 08:12:33','2023-03-29 08:12:33'),(196,'1333302006',29,'2010-08-01',10,31,1,'2010-08-01',NULL,1,0,'High Limit room',9106,2303,'01079133140000D6',1,'2023-03-29 08:12:33','2023-03-29 08:12:33'),(197,'1333302007',29,'2010-08-01',10,31,1,'2010-08-01',NULL,1,0,'Along wall by bathroom',9116,2308,'01BCC42714000058',1,'2023-03-29 08:12:33','2023-03-29 08:12:33'),(198,'138687',19,'2017-06-05',10,37,1,'2018-10-15',NULL,1,0,'Bank 74 next to dice table',7302,7406,'000000100000239321',0,'2023-03-29 08:12:33','2023-03-29 08:12:33'),(199,'138688',19,'2017-06-05',10,37,1,'2018-10-15',NULL,1,0,'Bank 74 next to dice table',7299,7403,'000000100000239319',0,'2023-03-29 08:12:33','2023-03-29 08:12:33'),(200,'138689',19,'2017-06-05',10,37,1,'2018-10-15',NULL,1,0,'Bank 74 next to dice table',7300,7404,'000000100000239320',0,'2023-03-29 08:12:33','2023-03-29 08:12:33'),(201,'138690',19,'2017-06-05',10,37,1,'2018-10-15',NULL,1,0,'Bank 74 next to dice table',7301,7405,'000000100000239318',0,'2023-03-29 08:12:33','2023-03-29 08:12:33'),(202,'142300',19,'2017-06-05',10,37,1,'2018-10-15',NULL,1,0,'Bank 74 next to dice table',7311,7417,'000000100000257710',0,'2023-03-29 08:12:33','2023-03-29 08:12:33'),(203,'1511-001',72,'2015-11-01',10,35,1,'2018-11-19',NULL,1,0,'-',1,7602,'1005061021',1,'2023-03-29 08:12:33','2023-03-29 08:12:33'),(204,'1511-002',72,'2018-11-11',10,35,1,'2018-11-14',NULL,1,0,'',1,1,'1208064565',1,'2023-03-29 08:12:33','2023-03-29 08:12:33'),(205,'1511-003',72,'2015-11-01',10,35,1,'2018-11-19',NULL,1,0,'-',1,16504,'00032D148DA4/5',1,'2023-03-29 08:12:33','2023-03-29 08:12:33'),(206,'1511-004',72,'2015-11-01',10,35,1,'2018-11-19',NULL,1,0,'-',7,19005,'00032D1317A8',1,'2023-03-29 08:12:33','2023-03-29 08:12:33'),(207,'1511-005',72,'2018-11-11',10,35,1,'2018-11-11',NULL,1,0,'',4,4,'1005061034',1,'2023-03-29 08:12:33','2023-03-29 08:12:33'),(208,'1511-006',72,'2015-11-11',10,35,1,'2018-11-14',NULL,1,0,'',2,2,'1203003973',1,'2023-03-29 08:12:33','2023-03-29 08:12:33'),(209,'1511-007',71,'2015-11-01',10,35,1,'2018-11-10',NULL,1,0,'30RBT Rabat',2,3008,'1208064557',1,'2023-03-29 08:12:33','2023-03-29 08:12:33'),(210,'1511-008',72,'2015-11-01',10,35,1,'2018-11-22',NULL,1,0,'',56,6001,'1107007522',1,'2023-03-29 08:12:33','2023-03-29 08:12:33'),(211,'1511-009',72,'2015-11-01',10,35,1,'2018-11-19',NULL,1,0,'-',2,19503,'1107007476',1,'2023-03-29 08:12:33','2023-03-29 08:12:33'),(212,'1511-010',72,'2015-11-01',10,31,1,'2015-11-01',NULL,1,0,'Small smoking area',9420,2902,'1108006251',1,'2023-03-29 08:12:33','2023-03-29 08:12:33'),(213,'1511-011',72,'2015-11-01',10,31,1,'2015-11-01',NULL,1,0,'Small smoking area',9419,2901,'0912064668',1,'2023-03-29 08:12:33','2023-03-29 08:12:33'),(214,'1511-012',72,'2015-11-01',10,35,1,'2015-11-22',NULL,1,0,'',55,6004,'0912064727',1,'2023-03-29 08:12:33','2023-03-29 08:12:33'),(215,'1511-151',72,'2015-11-01',8,35,1,'2018-11-10',NULL,1,0,'Rabat 30RBT',1,3004,'1005061030',1,'2023-03-29 08:12:33','2023-03-29 08:12:33'),(216,'1511-152',72,'2015-11-01',10,35,1,'2018-11-19',NULL,1,0,'-',1,18004,'0032D149BA0',0,'2023-03-29 08:12:33','2023-03-29 08:12:33'),(217,'1511-153',72,'2015-11-01',10,35,1,'2018-11-15',NULL,1,0,'',17006,1,'1004066472',1,'2023-03-29 08:12:33','2023-03-29 08:12:33'),(218,'1511-154',72,'2015-11-01',10,35,1,'2018-11-19',NULL,1,0,'-',1,17608,'1004066467',1,'2023-03-29 08:12:33','2023-03-29 08:12:33'),(219,'1511-155',72,'2015-11-01',10,35,1,'2018-11-19',NULL,1,0,'-',2,18506,'1004066489',1,'2023-03-29 08:12:33','2023-03-29 08:12:33'),(220,'1511-156',72,'2015-11-01',10,35,1,'2018-11-01',NULL,1,0,'',13006,5,'1005061007',1,'2023-03-29 08:12:33','2023-03-29 08:12:33'),(221,'1511-157',72,'2015-11-01',10,35,1,'2018-11-26',NULL,1,0,'-',1,12502,'00032D16AC5C',1,'2023-03-29 08:12:33','2023-03-29 08:12:33'),(222,'1511-159',72,'2015-11-01',10,35,1,'2018-11-26',NULL,1,0,'-',2,12501,'00032D174920',1,'2023-03-29 08:12:33','2023-03-29 08:12:33'),(223,'1511-160',72,'2015-11-01',10,35,1,'2018-11-19',NULL,1,0,'-',5,16007,'1005060964',1,'2023-03-29 08:12:33','2023-03-29 08:12:33'),(224,'1511-161',72,'2015-11-01',10,35,1,'2018-11-19',NULL,1,0,'-',1,18507,'1005060963',1,'2023-03-29 08:12:33','2023-03-29 08:12:33'),(225,'1511-162',72,'2015-11-01',10,35,1,'2018-11-19',NULL,1,0,'-',2,17607,'1004066470',1,'2023-03-29 08:12:33','2023-03-29 08:12:33'),(226,'1511158',72,'2015-11-01',10,31,1,'2015-11-01',NULL,1,0,'Small smoking area',9421,2903,'1012004825',1,'2023-03-29 08:12:33','2023-03-29 08:12:33'),(227,'160426140',50,'2016-04-01',8,31,1,'2016-04-01',NULL,0,0,'By center bar',9352,1926,'MH16030018',1,'2023-03-29 08:12:33','2023-03-29 08:12:33'),(228,'160462139',50,'2016-04-01',8,31,1,'2016-04-01',NULL,0,0,'By center bar',9348,1922,'MH16030017',1,'2023-03-29 08:12:33','2023-03-29 08:12:33'),(229,'160462141',50,'2016-04-01',8,31,1,'2016-04-01',NULL,0,0,'By center bar',9354,1928,'MH16030008',1,'2023-03-29 08:12:33','2023-03-29 08:12:33'),(230,'160462142',50,'2016-04-01',8,31,1,'2016-04-01',NULL,0,0,'By center bar',9350,1924,'MH16030009',1,'2023-03-29 08:12:33','2023-03-29 08:12:33'),(231,'160462143',50,'2016-04-01',8,31,1,'2016-04-01',NULL,0,0,'By center bar',9353,1927,'MH16030007',1,'2023-03-29 08:12:33','2023-03-29 08:12:33'),(232,'160462144',50,'2016-04-01',8,31,1,'2016-04-01',NULL,0,0,'By center bar',9349,1923,'MH16030012',1,'2023-03-29 08:12:33','2023-03-29 08:12:33'),(233,'160462145',50,'2016-04-01',8,31,1,'2016-04-01',NULL,0,0,'By center bar',9351,1925,'MH16030011',1,'2023-03-29 08:12:33','2023-03-29 08:12:33'),(234,'160462146',50,'2016-04-01',8,31,1,'2016-04-01',NULL,0,0,'By center bar',9347,1921,'MH16030010',1,'2023-03-29 08:12:33','2023-03-29 08:12:33'),(235,'168829',51,'2018-07-16',8,30,1,'2018-10-05',NULL,0,0,'Bank 10 smoking Hall next to the roulette table',2354,1001,'000000100000383458',0,'2023-03-29 08:12:33','2023-03-29 08:12:33'),(236,'168830',51,'2018-10-05',8,30,1,'2018-07-16',NULL,1,0,'Bank 10 Smoking Hall next to the roulette table',2347,1008,'000000100000385002',0,'2023-03-29 08:12:33','2023-03-29 08:12:33'),(237,'168831',51,'2018-07-16',8,30,1,'2018-10-05',NULL,1,0,'Bank 10 Smoking Hall Next to the roulette table',2353,1002,'000000100000382385',0,'2023-03-29 08:12:33','2023-03-29 08:12:33'),(238,'168832',51,'2018-07-16',8,30,1,'2018-10-05',NULL,1,0,'Bank 10 Smoking Hall next to the roulette table',2348,1007,'000000100000383457',0,'2023-03-29 08:12:33','2023-03-29 08:12:33'),(239,'168833',51,'2018-07-16',8,30,1,'2018-10-05',NULL,1,0,'Bank 10 Smoking Hall next to the roulette table',2351,1004,'000000100000383455',0,'2023-03-29 08:12:33','2023-03-29 08:12:33'),(240,'168834',51,'2018-07-16',8,30,1,'2018-10-05',NULL,1,0,'Bank 10 Smoking Hall next to the roulette table',2350,1005,'000000100000383483',0,'2023-03-29 08:12:33','2023-03-29 08:12:33'),(241,'168835',51,'2018-07-16',8,30,1,'2018-07-16',NULL,1,0,'Bank  10 Smoking Hall next to the roulette table',2352,1003,'000000100000383482',0,'2023-03-29 08:12:33','2023-03-29 08:12:33'),(242,'168836',51,'2018-07-16',8,30,1,'2018-10-05',NULL,0,0,'Bank 10 Smoking Hall next to the roulette table',2349,1006,'000000100000382359',0,'2023-03-29 08:12:33','2023-03-29 08:12:33'),(243,'1703030',102,'2005-11-01',10,37,1,'2018-11-12',NULL,1,0,'Main Hall',3164,3261,'G34251',1,'2023-03-29 08:12:33','2023-03-29 08:12:33'),(244,'1703054',102,'2005-11-01',10,37,1,'2018-11-12',NULL,1,0,'Main Hall',3165,3260,'G33793',1,'2023-03-29 08:12:33','2023-03-29 08:12:33'),(245,'1703061',102,'2015-11-01',10,37,1,'2018-11-12',NULL,1,0,'Main Hall',3166,3262,'G33130',1,'2023-03-29 08:12:33','2023-03-29 08:12:33'),(246,'1801-201',72,'2010-01-01',10,37,1,'2018-11-19',NULL,1,0,'Main Area',3343,3523,'00000D9F4589',1,'2023-03-29 08:12:33','2023-03-29 08:12:33'),(247,'1801-202',72,'2010-01-01',10,37,1,'2018-11-19',NULL,1,0,'Non Smoking Area next to Poker Table',3341,3521,'00000D18FA05',1,'2023-03-29 08:12:33','2023-03-29 08:12:33'),(248,'1801-203',76,'2010-09-18',8,37,1,'2018-10-18',NULL,1,0,'NEAR SPORTS LOUNGE',7320,7432,'00000C16530B',1,'2023-03-29 08:12:33','2023-03-29 08:12:33'),(249,'1801-204',76,'2010-09-18',8,37,1,'2018-10-18',NULL,1,0,'NEAR SPORTS LOUNGE',7321,7433,'00000DA00F36',1,'2023-03-29 08:12:33','2023-03-29 08:12:33'),(250,'1801-205',72,'2010-01-01',10,37,1,'2018-11-19',NULL,1,0,'Non Smoking Area next to Poker Table',3342,3522,'1710061266',1,'2023-03-29 08:12:33','2023-03-29 08:12:33'),(251,'1801-206',72,'2010-01-01',10,37,1,'2018-11-19',NULL,1,0,'Main Area',3344,3524,'1710061319',0,'2023-03-29 08:12:33','2023-03-29 08:12:33'),(252,'1801-207',76,'2011-09-18',8,37,1,'2018-10-18',NULL,1,0,'NEAR SPORTS LOUNGE',7322,7434,'1710061327',1,'2023-03-29 08:12:33','2023-03-29 08:12:33'),(253,'1801-208',76,'2010-09-18',8,37,1,'2018-10-18',NULL,1,0,'NEAR SPORTS LOUNGE',7319,7431,'1710061274',1,'2023-03-29 08:12:33','2023-03-29 08:12:33'),(254,'18718',66,'2018-04-16',10,37,1,'2018-10-16',NULL,1,0,'Bank 74 Smoking Area',7326,7440,'Winsystem03',1,'2023-03-29 08:12:33','2023-03-29 08:12:33'),(255,'18719',66,'2018-10-16',10,37,1,'2018-10-16',NULL,1,0,'Bank 74 Smoking Area',7323,7437,'Winsystem04',1,'2023-03-29 08:12:33','2023-03-29 08:12:33'),(256,'18720',66,'2018-11-13',10,37,1,'2018-11-13',NULL,1,0,'Entrance right side',3349,3536,'1111112',1,'2023-03-29 08:12:33','2023-03-29 08:12:33'),(257,'18721',66,'2018-04-16',10,37,1,'2018-10-16',NULL,1,0,'Bank 74 Smoking Area',7325,7439,'Winsystem06',1,'2023-03-29 08:12:33','2023-03-29 08:12:33'),(258,'18724',66,'2018-04-01',10,37,1,'2018-11-13',NULL,0,0,'Entrance right side ',3350,3537,'1111111',1,'2023-03-29 08:12:33','2023-03-29 08:12:33'),(259,'18726',66,'2018-04-16',10,37,1,'2018-10-16',NULL,1,0,'Bank 74 Smoking Area',7328,7442,'Winsystem01',1,'2023-03-29 08:12:33','2023-03-29 08:12:33'),(260,'18727',66,'2018-04-16',10,37,1,'2018-10-16',NULL,1,0,'Bank 74 Smoking Area',7324,7438,'Winsystem05',1,'2023-03-29 08:12:33','2023-03-29 08:12:33'),(261,'18728',66,'2018-04-01',10,37,1,'2018-11-13',NULL,1,0,'Entrance right side',3348,3535,'1111113',1,'2023-03-29 08:12:33','2023-03-29 08:12:33'),(262,'18732',66,'2018-04-01',10,37,1,'2018-11-13',NULL,1,0,'Entrance right side',3346,3533,'1111116',1,'2023-03-29 08:12:33','2023-03-29 08:12:33'),(263,'18733',66,'2018-04-16',10,37,1,'2018-10-16',NULL,1,0,'Bank 74 Smoking Area',7327,7441,'Winsystem02',1,'2023-03-29 08:12:33','2023-03-29 08:12:33'),(264,'18734',66,'2018-11-13',10,37,1,'2018-11-13',NULL,1,0,'Entrance right side',3347,3534,'1111115',1,'2023-03-29 08:12:33','2023-03-29 08:12:33'),(265,'18735',66,'2018-04-01',10,37,1,'2018-11-13',NULL,1,0,'Entrance right side',3345,3532,'1111117',1,'2023-03-29 08:12:33','2023-03-29 08:12:33'),(266,'1919612',87,'2010-01-01',8,31,1,'2010-01-01',NULL,1,0,'Smoking area',9103,2704,'95010086',1,'2023-03-29 08:12:33','2023-03-29 08:12:33'),(267,'1950694',22,'2009-08-01',10,31,1,'2099-08-01',NULL,1,0,'Along wall by cashier',9055,1006,'92710514',1,'2023-03-29 08:12:33','2023-03-29 08:12:33'),(268,'1950731',22,'2009-08-01',10,31,1,'2009-08-01',NULL,1,0,'Along wall by cashier',9224,4102,'92710476',1,'2023-03-29 08:12:33','2023-03-29 08:12:33'),(269,'1950734',22,'2009-08-01',10,31,1,'2009-08-01',NULL,1,0,'Along wall by cashier',9214,4203,'92710502',1,'2023-03-29 08:12:33','2023-03-29 08:12:33'),(270,'1950735',22,'2009-08-01',10,31,1,'2009-08-01',NULL,1,0,'Along wall by cashier',9226,4104,'92710426',1,'2023-03-29 08:12:33','2023-03-29 08:12:33'),(271,'1962120',22,'2009-08-01',10,31,1,'2009-08-01',NULL,1,0,'Along wall by cashier',9210,4202,'94210184',1,'2023-03-29 08:12:33','2023-03-29 08:12:33'),(272,'1962124',22,'2009-08-01',10,31,1,'2009-08-01',NULL,1,0,'Along wall by cashier',9207,2201,'9411090',1,'2023-03-29 08:12:33','2023-03-29 08:12:33'),(273,'1969610',87,'2010-01-01',8,31,1,'2010-01-01',NULL,1,0,'Smoking area',9102,2703,'94910293',1,'2023-03-29 08:12:33','2023-03-29 08:12:33'),(274,'1969611',87,'2010-01-01',8,31,1,'2010-01-01',NULL,1,0,'Smoking area',9101,2702,'95010050',1,'2023-03-29 08:12:33','2023-03-29 08:12:33'),(275,'1969613',87,'2010-01-01',8,31,1,'2010-01-01',NULL,1,0,'Smoking area',9100,2701,'95010261',1,'2023-03-29 08:12:33','2023-03-29 08:12:33'),(276,'1969614',87,'2010-01-01',8,31,1,'2010-01-01',NULL,1,0,'Smoking area',9284,2504,'95010216',1,'2023-03-29 08:12:33','2023-03-29 08:12:33'),(277,'1969615',87,'2010-01-01',8,31,1,'2010-01-01',NULL,1,0,'Smoking area\r\n',9282,2502,'94110215',1,'2023-03-29 08:12:33','2023-03-29 08:12:33'),(278,'1969616',87,'2010-01-01',8,31,1,'2010-01-01',NULL,1,0,'Smoking area',9283,2503,'95010305',1,'2023-03-29 08:12:33','2023-03-29 08:12:33'),(279,'1969617',87,'2010-01-01',8,31,1,'2010-01-01',NULL,1,0,'Smoking area',9281,2501,'95010232',1,'2023-03-29 08:12:33','2023-03-29 08:12:33'),(280,'201900',97,'2006-02-01',10,37,1,'2018-11-12',NULL,1,0,'Main Hall',3203,3356,'0000151497A5',1,'2023-03-29 08:12:33','2023-03-29 08:12:33'),(281,'201940',97,'2006-02-01',10,37,1,'2018-11-12',NULL,1,0,'Main Hall',3201,3354,'000015147D3F',1,'2023-03-29 08:12:33','2023-03-29 08:12:33'),(282,'202435',97,'2006-05-01',10,37,1,'2018-11-12',NULL,1,0,'Main Hall',3209,3362,'000015148FB5',1,'2023-03-29 08:12:33','2023-03-29 08:12:33'),(283,'2108079',22,'2013-02-01',10,37,1,'2018-11-12',NULL,1,0,'In Main Hall',3247,3520,'25210189',1,'2023-03-29 08:12:33','2023-03-29 08:12:33'),(284,'2108080',22,'2013-02-01',10,37,1,'2018-10-17',NULL,1,0,'Next to Roulette in front of smoking hall',7195,7292,'25210604',1,'2023-03-29 08:12:33','2023-03-29 08:12:33'),(285,'2108082',22,'2013-02-01',10,37,1,'2018-10-17',NULL,1,0,'Next to Roulette in front of smoking hall',7196,7291,'25210730',1,'2023-03-29 08:12:33','2023-03-29 08:12:33'),(286,'2108083',22,'2013-02-01',10,37,1,'2018-10-17',NULL,1,0,'Next to Roulette in front of smoking hall',7202,7293,'31910649',1,'2023-03-29 08:12:33','2023-03-29 08:12:33'),(287,'2108085',22,'2013-02-01',10,37,1,'2018-11-12',NULL,1,0,'Main Hall',3245,3519,'25210187',1,'2023-03-29 08:12:33','2023-03-29 08:12:33'),(288,'2108086',22,'2013-02-01',10,37,1,'2018-10-17',NULL,1,0,'Bank 72 next to roulette in front of smoking hall',7197,7290,'25210521',0,'2023-03-29 08:12:33','2023-03-29 08:12:33'),(289,'2108087',22,'2013-02-01',10,37,1,'2018-10-17',NULL,1,0,'Bank 72 next to roulette in front of smoking hall',7198,7289,'25210159',1,'2023-03-29 08:12:33','2023-03-29 08:12:33'),(290,'2108088',22,'2013-02-01',10,37,1,'2018-10-17',NULL,1,0,'Bank 72 next to roulette in front of smoking hall',7119,7288,'25210160',1,'2023-03-29 08:12:33','2023-03-29 08:12:33'),(291,'2108089',22,'2013-02-01',10,37,1,'2018-11-12',NULL,1,0,'Main Hall',3253,3517,'25210732',1,'2023-03-29 08:12:33','2023-03-29 08:12:33'),(292,'2108091',22,'2013-02-01',10,37,1,'2018-11-12',NULL,1,0,'Main Hall',3244,3518,'50410552',1,'2023-03-29 08:12:33','2023-03-29 08:12:33'),(293,'2138007',24,'2016-03-01',10,31,1,'2016-03-01',NULL,1,0,'Small smoking area',9345,1215,'60210617',1,'2023-03-29 08:12:33','2023-03-29 08:12:33'),(294,'2138010',24,'2015-02-01',10,31,1,'2015-02-01',NULL,0,0,'Along wall outside of smoking area',9342,1222,'60210272',1,'2023-03-29 08:12:33','2023-03-29 08:12:33'),(295,'2141741',24,'2016-03-01',10,31,1,'2016-03-01',NULL,1,0,'Small smoking area',9346,1216,'60810329',1,'2023-03-29 08:12:33','2023-03-29 08:12:33'),(296,'2141742',24,'2016-03-01',10,31,1,'2016-03-01',NULL,1,0,'High Limit room',9336,1212,'60810428',1,'2023-03-29 08:12:33','2023-03-29 08:12:33'),(297,'2141743',24,'2015-02-01',10,31,1,'2015-02-01',NULL,0,0,'Along wall outside of smoking area',9341,1221,'60810406',1,'2023-03-29 08:12:33','2023-03-29 08:12:33'),(298,'2141819',24,'2016-03-01',10,31,1,'2016-03-01',NULL,0,0,'High Limit room',9334,1210,'60610466',1,'2023-03-29 08:12:33','2023-03-29 08:12:33'),(299,'2141820',24,'2016-03-01',10,31,1,'2016-03-01',NULL,1,0,'High Limit room',9335,1211,'60610458',1,'2023-03-29 08:12:33','2023-03-29 08:12:33'),(300,'2141827',24,'2016-03-01',10,31,1,'2016-03-01',NULL,1,0,'High Limit room',9333,1209,'60610442',1,'2023-03-29 08:12:33','2023-03-29 08:12:33'),(301,'2141831',24,'2015-02-01',10,31,1,'2015-02-01',NULL,0,0,'Along wall outside of smoking area',9349,1219,'60610482',1,'2023-03-29 08:12:33','2023-03-29 08:12:33'),(302,'2141832',24,'2016-03-01',10,31,1,'2016-03-01',NULL,1,0,'Small smoking area',9343,1213,'60610494',1,'2023-03-29 08:12:33','2023-03-29 08:12:33'),(303,'2141834',24,'2015-02-01',10,31,1,'2015-02-01',NULL,0,0,'Along wall outside of smoking area',9348,1218,'60610028',1,'2023-03-29 08:12:33','2023-03-29 08:12:33'),(304,'2141836',24,'2016-03-01',10,31,1,'2016-03-01',NULL,1,0,'Small smoking area',9344,1214,'60610409',1,'2023-03-29 08:12:33','2023-03-29 08:12:33'),(305,'2141839',24,'2015-02-01',10,31,1,'2015-02-01',NULL,0,0,'Along the wall outside the smoking area',9347,1217,'52010471',1,'2023-03-29 08:12:33','2023-03-29 08:12:33'),(306,'2142361',24,'2015-02-01',10,31,1,'2015-02-01',NULL,0,0,'Along wall outside of smoking area',9340,1220,'60610196',1,'2023-03-29 08:12:33','2023-03-29 08:12:33'),(307,'2208440',23,'2015-01-01',10,30,1,'2018-10-08',NULL,1,0,'Bank 17 Smoking Hall- next to Roulette Station ',2136,1712,'51010379',0,'2023-03-29 08:12:33','2023-03-29 08:12:33'),(308,'2208444',23,'2015-01-01',10,30,1,'2018-10-01',NULL,1,0,'Bank 43 in hallway past restrooms',2275,4303,'42711111',1,'2023-03-29 08:12:33','2023-03-29 08:12:33'),(309,'2208446',23,'2015-01-01',10,30,1,'2018-10-01',NULL,1,0,'Bank 43 in hallway past restrooms',2276,4304,'42711045',1,'2023-03-29 08:12:33','2023-03-29 08:12:33'),(310,'2208449',23,'2015-01-01',10,30,1,'2018-10-08',NULL,1,0,'Bank 17 Smoking Hall- next to Roulette Station ',2137,1713,'42910400',0,'2023-03-29 08:12:33','2023-03-29 08:12:33'),(311,'2208465',23,'2015-01-01',10,30,1,'2018-10-08',NULL,1,0,'Bank 17 Smoking Hall- next to Roulette Station ',2135,1711,'51010310',0,'2023-03-29 08:12:33','2023-03-29 08:12:33'),(312,'2208466',23,'2016-01-01',10,30,1,'2018-10-01',NULL,1,0,'Bank 33 Corner of Bar Area',2253,3303,'DD0902820',1,'2023-03-29 08:12:33','2023-03-29 08:12:33'),(313,'2208467',23,'2015-01-01',10,30,1,'2018-10-01',NULL,1,0,'Bank 43 in hallway past restrooms',2273,4301,'42711025',1,'2023-03-29 08:12:33','2023-03-29 08:12:33'),(314,'2208468',23,'2015-03-01',10,30,1,'2018-10-08',NULL,1,0,'Bank 08 - smoking area - next to Roulette table',2052,804,'42711066',0,'2023-03-29 08:12:33','2023-03-29 08:12:33'),(315,'2208469',23,'2015-01-01',10,30,1,'2018-10-01',NULL,1,0,'Bank 43 in hallway past restrooms',2028,4305,'42711158',1,'2023-03-29 08:12:33','2023-03-29 08:12:33'),(316,'2208470',23,'2015-01-01',10,30,1,'2018-10-01',NULL,1,0,'Bank 43 in hallway past restrooms',2274,4302,'42711028',1,'2023-03-29 08:12:33','2023-03-29 08:12:33'),(317,'2208471',23,'2016-01-01',10,30,1,'2018-10-01',NULL,0,0,'Bank 33 Corner of Bar Area',2252,3302,'DD0902369',1,'2023-03-29 08:12:33','2023-03-29 08:12:33'),(318,'2208472',23,'2015-01-01',10,30,1,'2018-10-08',NULL,1,0,'Bank 08 - smoking area - next to Roulette table',2050,802,'42711234',0,'2023-03-29 08:12:33','2023-03-29 08:12:33'),(319,'2208473',23,'2015-01-01',10,30,1,'2018-10-05',NULL,1,0,'Bank 15 smoking Area next to Roulette ',2026,1807,'51010304',0,'2023-03-29 08:12:33','2023-03-29 08:12:33'),(320,'2208474',23,'2015-01-01',10,30,1,'2018-10-08',NULL,1,0,'Bank 17 Smoking Hall- next to Roulette Station ',2025,1707,'52410846',0,'2023-03-29 08:12:33','2023-03-29 08:12:33'),(321,'2208475',23,'2015-01-01',10,30,1,'2018-10-08',NULL,1,0,'Bank 08 - smoking area - next to Roulette table',2049,801,'42711150',0,'2023-03-29 08:12:33','2023-03-29 08:12:33'),(322,'2208476',23,'2015-01-01',10,30,1,'2018-10-08',NULL,1,0,'Bank 18 Smoking Hall- next to Roulette Station ',2138,1801,'42711073',0,'2023-03-29 08:12:33','2023-03-29 08:12:33'),(323,'2208477',23,'2015-01-01',10,30,1,'2018-10-08',NULL,1,0,'Bank 18 Smoking Hall- next to Roulette Station ',2139,1802,'42711155',0,'2023-03-29 08:12:33','2023-03-29 08:12:33'),(324,'2212522',23,'2015-03-01',10,30,1,'2018-10-01',NULL,0,0,'Bank 33 Corner of Bar Area',2251,3301,'DD0902649',1,'2023-03-29 08:12:33','2023-03-29 08:12:33'),(325,'2212523',23,'2015-01-01',10,30,1,'2018-10-08',NULL,1,0,'Bank 17 Smoking Hall- next to Roulette Station ',2132,1708,'42711067',0,'2023-03-29 08:12:33','2023-03-29 08:12:33'),(326,'2212524',23,'2015-03-01',10,30,1,'2018-10-08',NULL,1,0,'Bank 08 - smoking area - next to Roulette table',2051,803,'51010324',0,'2023-03-29 08:12:33','2023-03-29 08:12:33'),(327,'2212525',23,'2015-03-01',10,30,1,'2018-10-08',NULL,1,0,'Bank 08 - smoking area - next to Roulette table',2027,807,'51010323',0,'2023-03-29 08:12:33','2023-03-29 08:12:33'),(328,'2212526',23,'2015-03-01',10,30,1,'2018-10-08',NULL,1,0,'Bank 08 - smoking area - next to Roulette table',2053,805,'51010339',0,'2023-03-29 08:12:33','2023-03-29 08:12:33'),(329,'2212527',23,'2015-01-01',10,30,1,'2018-10-08',NULL,1,0,'Bank 18 Smoking Hall- next to Roulette Station ',2142,1805,'42711042',0,'2023-03-29 08:12:33','2023-03-29 08:12:33'),(330,'2212528',23,'2015-01-01',10,30,1,'2018-10-08',NULL,1,0,'Bank 18 Smoking Hall- next to Roulette Station ',2143,1806,'51010362',0,'2023-03-29 08:12:33','2023-03-29 08:12:33'),(331,'2212529',23,'2015-03-01',10,30,1,'2018-10-08',NULL,1,0,'Bank 08 - smoking area - next to Roulette table',2054,806,'42711004',0,'2023-03-29 08:12:33','2023-03-29 08:12:33'),(332,'2212530',23,'2015-01-01',10,30,1,'2018-10-08',NULL,1,0,'Bank 17 Smoking Hall- next to Roulette Station ',2133,1709,'51010376',0,'2023-03-29 08:12:33','2023-03-29 08:12:33'),(333,'2212531',23,'2015-01-01',10,30,1,'2018-10-08',NULL,1,0,'Bank 18 Smoking Hall- next to Roulette Station ',2140,1803,'51010378',0,'2023-03-29 08:12:33','2023-03-29 08:12:33'),(334,'2212532',23,'2015-01-01',10,30,1,'2018-10-08',NULL,1,0,'Bank 17 Smoking Hall- next to Roulette Station ',2134,1710,'42711175',0,'2023-03-29 08:12:33','2023-03-29 08:12:33'),(335,'2219518',23,'2015-01-01',10,30,1,'2018-10-08',NULL,1,0,'Bank 18 Smoking Hall- next to Roulette Station ',2141,1804,'51010346',0,'2023-03-29 08:12:33','2023-03-29 08:12:33'),(336,'2219737',24,'2015-07-01',10,30,1,'2018-10-01',NULL,0,0,'Bank 40 in hallway just past restrooms',2045,4003,'52210758',1,'2023-03-29 08:12:33','2023-03-29 08:12:33'),(337,'2219738',24,'2015-07-01',10,30,1,'2018-10-01',NULL,1,0,'Bank 31 in far corner of Bar Area',2046,3004,'DE2002615',1,'2023-03-29 08:12:33','2023-03-29 08:12:33'),(338,'2219739',24,'2015-07-01',10,30,1,'2018-10-01',NULL,0,0,'Bank 40 in hallway just past restrooms',2043,4001,'52210898',1,'2023-03-29 08:12:33','2023-03-29 08:12:33'),(339,'2219740',24,'2015-07-01',10,30,1,'2018-10-03',NULL,1,0,'Bank 04 Hall before entering the smoking area ',2209,406,'52210899',1,'2023-03-29 08:12:33','2023-03-29 08:12:33'),(340,'2219741',24,'2015-07-03',10,30,1,'2018-10-03',NULL,1,0,'Bank 04Hall before entering the smoking area ',2210,405,'52210749',1,'2023-03-29 08:12:33','2023-03-29 08:12:33'),(341,'2219742',24,'2015-07-01',10,30,1,'2018-10-01',NULL,0,0,'Bank 40 in hallway just past restrooms',2044,4002,'52210770',1,'2023-03-29 08:12:33','2023-03-29 08:12:33'),(342,'2219743',24,'2015-07-01',10,30,1,'2018-10-01',NULL,1,0,'Bank 31 in far corner of Bar Area',2047,3005,'DE2002949',1,'2023-03-29 08:12:33','2023-03-29 08:12:33'),(343,'2219744',24,'2015-07-01',10,30,1,'2018-10-03',NULL,1,0,'Bank 04 Hall before entering the smoking area ',2207,408,'52210772',1,'2023-03-29 08:12:33','2023-03-29 08:12:33'),(344,'2219745',24,'2015-07-01',10,30,1,'2018-10-03',NULL,1,0,'Bank 04 Hall before entering the smoking area ',2208,407,'52210896',1,'2023-03-29 08:12:33','2023-03-29 08:12:33'),(345,'2219746',24,'2015-07-01',10,30,1,'2018-10-01',NULL,1,0,'Bank 31 in far corner of Bar Area',2048,3006,'DE2002948',1,'2023-03-29 08:12:33','2023-03-29 08:12:33'),(346,'223554',25,'2015-05-16',10,37,1,'2018-10-16',NULL,1,0,'Bank 73 Smoking Area',7283,7383,'DF0915865',1,'2023-03-29 08:12:33','2023-03-29 08:12:33'),(347,'223555',25,'2015-05-16',10,37,1,'2018-10-16',NULL,1,0,'Bank 73 Smoking Area',7284,7384,'DF0915736',1,'2023-03-29 08:12:33','2023-03-29 08:12:33'),(348,'2235558',25,'2015-05-16',10,37,1,'2018-10-16',NULL,1,0,'Bank 73 Smoking Area',7287,7387,'DF0916170',1,'2023-03-29 08:12:33','2023-03-29 08:12:33'),(349,'2235559',25,'2015-05-16',10,37,1,'2018-10-16',NULL,1,0,'Bank 73 Smoking Area',7288,7388,'DF0915823',1,'2023-03-29 08:12:33','2023-03-29 08:12:33'),(350,'2261048',25,'2015-11-01',10,37,1,'2018-11-12',NULL,1,0,'Smoking Area',3321,3496,'63810420',1,'2023-03-29 08:12:33','2023-03-29 08:12:33'),(351,'2261049',25,'2015-11-01',10,37,1,'2018-11-12',NULL,1,0,'Smoking Area',3322,3497,'63810233',1,'2023-03-29 08:12:33','2023-03-29 08:12:33'),(352,'2261052',25,'2015-11-01',10,37,1,'2018-11-12',NULL,1,0,'Smoking Area',3323,3498,'63810286',1,'2023-03-29 08:12:33','2023-03-29 08:12:33'),(353,'2261054',25,'2015-11-01',10,37,1,'2018-11-12',NULL,1,0,'Smoking Area',3324,3499,'63810426',1,'2023-03-29 08:12:33','2023-03-29 08:12:33'),(354,'2261055',25,'2015-11-01',10,37,1,'2018-11-12',NULL,1,0,'Smoking Area',3325,3500,'63810271',1,'2023-03-29 08:12:33','2023-03-29 08:12:33'),(355,'2261056',25,'2016-11-01',10,37,1,'2018-11-12',NULL,1,0,'Smoking Area',3326,3501,'63810326',1,'2023-03-29 08:12:33','2023-03-29 08:12:33'),(356,'2261058',25,'2015-11-01',10,37,1,'2018-11-12',NULL,1,0,'Main Hall',3327,3502,'63810285',1,'2023-03-29 08:12:33','2023-03-29 08:12:33'),(357,'2261059',25,'2015-11-01',10,37,1,'2018-11-12',NULL,1,0,'Main Hall',3328,3503,'63810356',1,'2023-03-29 08:12:33','2023-03-29 08:12:33'),(358,'2262351',25,'2015-11-01',10,37,1,'2018-11-12',NULL,1,0,'Main Hall',3329,3504,'64110778',1,'2023-03-29 08:12:33','2023-03-29 08:12:33'),(359,'2262352',25,'2015-11-01',10,37,1,'2018-11-12',NULL,1,0,'Main Hall',3330,3505,'64110782',1,'2023-03-29 08:12:33','2023-03-29 08:12:33'),(360,'2262353',25,'2015-11-01',10,37,1,'2018-11-12',NULL,1,0,'Main Hall',3331,3506,'64110785',1,'2023-03-29 08:12:33','2023-03-29 08:12:33'),(361,'2262354',25,'2015-11-01',10,37,1,'2018-11-12',NULL,1,0,'Main Hall',3332,3507,'64110928',1,'2023-03-29 08:12:33','2023-03-29 08:12:33'),(362,'229160',97,'2006-09-01',10,37,1,'2018-11-12',NULL,1,0,'Main Hall',3207,3360,'00001360142E',1,'2023-03-29 08:12:33','2023-03-29 08:12:33'),(363,'2303986',33,'2014-07-18',10,34,1,'2018-11-01',NULL,1,0,'',1,1,'$$$A0263520302R033058121500132',1,'2023-03-29 08:12:33','2023-03-29 08:12:33'),(364,'230423',97,'2006-09-01',10,37,1,'2018-11-12',NULL,1,0,'Main Hall',3204,3357,'000015149AEC',1,'2023-03-29 08:12:33','2023-03-29 08:12:33'),(365,'235556',25,'2015-05-16',10,37,1,'2018-10-16',NULL,1,0,'Bank 73 Smoking Area',7285,7385,'DF0916253',1,'2023-03-29 08:12:33','2023-03-29 08:12:33'),(366,'235557',25,'2015-05-16',10,37,1,'2018-10-16',NULL,1,0,'Ban 73 Smoking Area',7286,7386,'DF0916214',1,'2023-03-29 08:12:33','2023-03-29 08:12:33'),(367,'2435511',24,'2018-05-01',10,37,1,'2018-10-17',NULL,1,0,'Under smoking hall near stairs',7352,7468,'DH1201001',1,'2023-03-29 08:12:33','2023-03-29 08:12:33'),(368,'2435512',24,'2018-05-01',10,37,1,'2018-10-17',NULL,1,0,'Under smoking hall near stairs',7353,7469,'DH1200999',1,'2023-03-29 08:12:33','2023-03-29 08:12:33'),(369,'2435513',24,'2018-10-17',10,37,1,'2018-10-17',NULL,1,0,'Under smoking hall near stairs',7354,7470,'DH1200990',1,'2023-03-29 08:12:33','2023-03-29 08:12:33'),(370,'2435514',24,'2018-05-01',10,37,1,'2018-10-17',NULL,1,0,'Under smoking hall near stairs',7351,7467,'DH1200997',1,'2023-03-29 08:12:33','2023-03-29 08:12:33'),(371,'2437891',24,'2018-05-01',10,37,1,'2018-10-17',NULL,1,0,'Next to Roulette in front of smoking hall',7343,7459,'ZH0203022',1,'2023-03-29 08:12:33','2023-03-29 08:12:33'),(372,'2437892',24,'2018-05-01',10,37,1,'2018-10-17',NULL,1,0,'Next to Roulette in front of smoking hall',7350,7466,'ZH0203011',1,'2023-03-29 08:12:33','2023-03-29 08:12:33'),(373,'2437893',24,'2018-05-31',10,37,1,'2018-10-17',NULL,1,0,'Next to Roulette in front of smoking hall\r\n',7347,7463,'ZH0202964',1,'2023-03-29 08:12:33','2023-03-29 08:12:33'),(374,'2437894',24,'2018-05-01',10,37,1,'2018-10-17',NULL,1,0,'Next to Roulette in front of smoking hall',7344,7460,'ZH0202961',1,'2023-03-29 08:12:33','2023-03-29 08:12:33'),(375,'2437895',24,'2018-05-01',10,37,1,'2018-10-17',NULL,1,0,'Next to Roulette in front of smoking halL',7346,7462,'ZH0202963',1,'2023-03-29 08:12:33','2023-03-29 08:12:33'),(376,'2437896',24,'2018-05-01',10,37,1,'2018-10-17',NULL,1,0,'Next to Roulette in front of smoking hall',7348,7464,'ZH0203005',1,'2023-03-29 08:12:33','2023-03-29 08:12:33'),(377,'2437897',24,'2018-05-01',10,37,1,'2018-10-17',NULL,1,0,'Next to Roulette in front of smoking hall',7345,7461,'ZH0202955',1,'2023-03-29 08:12:33','2023-03-29 08:12:33'),(378,'2437898',24,'2018-05-01',10,37,1,'2018-10-17',NULL,1,0,'Next to Roulette in front of smoking hall',7349,7465,'ZH0202965',1,'2023-03-29 08:12:33','2023-03-29 08:12:33'),(379,'2516073504',8,'2016-06-18',8,37,1,'2018-10-18',NULL,0,0,'ROULETTE IN FRONT OF SMOKING AREA',3310,7397,'00190F291827',1,'2023-03-29 08:12:33','2023-03-29 08:12:33'),(380,'2516073506',8,'2016-06-18',8,37,1,'2018-10-18',NULL,0,0,'ROULETTE IN FRONT OF SMOKING AREA',3315,7402,'00190F29183B',1,'2023-03-29 08:12:33','2023-03-29 08:12:33'),(381,'2516073507',8,'2016-06-18',8,37,1,'2018-10-18',NULL,0,0,'ROULETTE IN FRONT OF SMOKING AREA',3313,7395,'00190F2917CF',1,'2023-03-29 08:12:33','2023-03-29 08:12:33'),(382,'2516073508',8,'2016-06-18',8,37,1,'2018-10-18',NULL,0,0,'ROULETTE IN FRONT OF SMOKING AREA',3309,7396,'00190F2917E1',1,'2023-03-29 08:12:33','2023-03-29 08:12:33'),(383,'2516073509',8,'2016-06-18',8,37,1,'2018-10-18',NULL,0,0,'ROULETTE IN FRONT OF SMOKING AREA',3308,7400,'00190F2917D1',1,'2023-03-29 08:12:33','2023-03-29 08:12:33'),(384,'2516073510',8,'2016-06-18',8,37,1,'2018-10-18',NULL,0,0,'ROULETTE IN FRONT OF SMOKING AREA',3312,7399,'00190F28ABA1',1,'2023-03-29 08:12:33','2023-03-29 08:12:33'),(385,'2516073511',8,'2016-06-18',8,37,1,'2018-10-18',NULL,0,0,'ROULETTE IN FRONT OF SMOKING AREA',3311,7398,'00190F29187B',1,'2023-03-29 08:12:33','2023-03-29 08:12:33'),(386,'2516703505',8,'2016-06-18',8,37,1,'2018-10-18',NULL,0,0,'ROULETTE IN FRONT OF SMOKING AREA',3314,7401,'00190F2917D3',1,'2023-03-29 08:12:33','2023-03-29 08:12:33'),(387,'300000088',93,'2011-01-01',10,36,1,'2018-12-03',NULL,1,0,'-',4,7903,'01C6635B140000D7',1,'2023-03-29 08:12:33','2023-03-29 08:12:33'),(388,'3000001050',93,'2011-09-01',10,36,1,'2018-12-07',NULL,1,0,'',90,90,'01DCAB5B1400005F',1,'2023-03-29 08:12:33','2023-03-29 08:12:33'),(389,'3000001068',93,'2011-10-01',10,36,1,'2018-12-06',NULL,1,0,'',59,59,'01B8554F14000072',1,'2023-03-29 08:12:33','2023-03-29 08:12:33'),(390,'3000001329',93,'2011-02-01',10,37,1,'2018-11-07',NULL,1,0,'Non Smoking area next to poker table',3195,3348,'0131625B140000ED',1,'2023-03-29 08:12:33','2023-03-29 08:12:33'),(391,'3000001332',93,'2011-02-01',10,37,1,'2018-11-07',NULL,1,0,'Non Smoking area next to poker table',3199,3352,'0158F72714000067',1,'2023-03-29 08:12:33','2023-03-29 08:12:33'),(392,'3000001333',93,'2011-02-01',10,37,1,'2018-11-05',NULL,1,0,'Multi Hall',3196,3349,'01BDD8321400008B',1,'2023-03-29 08:12:33','2023-03-29 08:12:33'),(393,'3000001384',93,'2011-02-01',10,37,1,'2018-11-07',NULL,1,0,'Non Smoking area next to poker table',3197,3350,'0126F5271400006F',1,'2023-03-29 08:12:33','2023-03-29 08:12:33'),(394,'3000001385',93,'2011-02-01',10,37,1,'2018-11-13',NULL,1,0,'Non Smoking area next to poker table',3200,3353,'01D3A75B1400005A',1,'2023-03-29 08:12:33','2023-03-29 08:12:33'),(395,'3000001386',93,'2011-07-01',10,37,1,'2018-11-05',NULL,1,0,'Main Hall',3198,3351,'0160A45B1400004A',1,'2023-03-29 08:12:33','2023-03-29 08:12:33'),(396,'3000002187',93,'2011-06-01',10,36,1,'2018-12-03',NULL,1,0,'-',8,7907,'018159801400008B',1,'2023-03-29 08:12:33','2023-03-29 08:12:33'),(397,'3000002204',93,'2011-06-01',10,36,1,'2018-12-03',NULL,1,0,'-',1,7900,'01BE58801400008F',1,'2023-03-29 08:12:33','2023-03-29 08:12:33'),(398,'3000002205',93,'2011-06-01',10,36,1,'2018-12-03',NULL,1,0,'-',7,9916,'01F2EFEE1400001C',1,'2023-03-29 08:12:33','2023-03-29 08:12:33'),(399,'3000002226',93,'2011-06-01',10,36,1,'2018-12-03',NULL,1,0,'-',4,7903,'013E5280140000D8',1,'2023-03-29 08:12:33','2023-03-29 08:12:33'),(400,'3000002250',93,'2011-06-01',10,35,1,'2018-11-20',NULL,1,0,'',7,7001,'01A06B801400000D',1,'2023-03-29 08:12:33','2023-03-29 08:12:33'),(401,'3000002272',93,'2011-06-01',10,35,1,'2018-11-19',NULL,1,0,'-',6,16002,'01C71CEF1400007D',1,'2023-03-29 08:12:33','2023-03-29 08:12:33'),(402,'3000002491',56,'2011-06-01',10,37,1,'2018-10-15',NULL,1,0,'Smoking Hall bank 72',7168,7241,'017F03EF140000C8',0,'2023-03-29 08:12:33','2023-03-29 08:12:33'),(403,'3000002497',56,'2011-07-01',10,37,1,'2018-10-17',NULL,1,0,'Next to poker hall',7166,7239,'011F15EF140000EB',1,'2023-03-29 08:12:33','2023-03-29 08:12:33'),(404,'3000002503',93,'2011-07-01',10,37,1,'2018-11-05',NULL,1,0,'Main Hall',7163,3492,'01D4F2EE14000088',1,'2023-03-29 08:12:33','2023-03-29 08:12:33'),(405,'3000002504',56,'2011-07-01',10,37,1,'2018-10-15',NULL,0,0,'Smoking Hall bank 72',7167,7240,'01FB22EF140000CB',0,'2023-03-29 08:12:33','2023-03-29 08:12:33'),(406,'3000002523',93,'2011-07-01',10,37,1,'2018-11-05',NULL,1,0,'Main Hall',7164,3493,'01B4F3EE14000096',1,'2023-03-29 08:12:33','2023-03-29 08:12:33'),(407,'3000002546',93,'2011-07-01',10,37,1,'2018-11-05',NULL,1,0,'3000002523',7165,3494,'01E01AEF140000D2',1,'2023-03-29 08:12:33','2023-03-29 08:12:33'),(408,'3000002651',93,'2011-07-01',10,36,1,'2018-12-03',NULL,1,0,'-',2,7901,'01C56B8014000025',1,'2023-03-29 08:12:33','2023-03-29 08:12:33'),(409,'3000002655',93,'2011-07-01',10,33,1,'2018-12-06',NULL,1,0,'',42,42,'014F23EF140000DD',1,'2023-03-29 08:12:33','2023-03-29 08:12:33'),(410,'3000002661',93,'2011-07-01',10,33,1,'2018-12-03',NULL,1,0,'-',3,7902,'0193305C180000F4',1,'2023-03-29 08:12:33','2023-03-29 08:12:33'),(411,'3000002662',93,'2011-07-01',10,33,1,'2018-12-03',NULL,1,0,'-',5,7904,'011A27EF14000007',1,'2023-03-29 08:12:33','2023-03-29 08:12:33'),(412,'3000002675',93,'2011-07-01',10,36,1,'2018-12-03',NULL,1,0,'-',7,7906,'01C6F2EE140000BD',1,'2023-03-29 08:12:33','2023-03-29 08:12:33'),(413,'3000002678',93,'2011-07-01',10,33,1,'2018-12-03',NULL,1,0,'-',8,7907,'01A50AEF14000030',1,'2023-03-29 08:12:33','2023-03-29 08:12:33'),(414,'3000002711',93,'2011-07-01',10,33,1,'2018-12-06',NULL,1,0,'',62,62,'01A827EF1400006E',1,'2023-03-29 08:12:33','2023-03-29 08:12:33'),(415,'3000002712',93,'2011-07-01',10,33,1,'2018-12-06',NULL,1,0,'',64,64,'0121C5EE140000C4',1,'2023-03-29 08:12:33','2023-03-29 08:12:33'),(416,'3000002847',93,'2011-07-01',10,36,1,'2018-12-06',NULL,1,0,'',58,58,'012B20EF1400008C',1,'2023-03-29 08:12:33','2023-03-29 08:12:33'),(417,'3000002856',93,'2011-07-01',10,35,1,'2018-11-22',NULL,1,0,'',62,6002,' 0153FDEE14000088',1,'2023-03-29 08:12:33','2023-03-29 08:12:33'),(418,'3000002857',93,'2011-07-01',10,33,1,'2018-12-03',NULL,1,0,'',6,7905,'01A80AEF1400007A',1,'2023-03-29 08:12:33','2023-03-29 08:12:33'),(419,'3000002862',93,'2011-07-01',10,35,1,'2018-11-22',NULL,1,0,'',57,6005,' 01A0585B14000052',1,'2023-03-29 08:12:33','2023-03-29 08:12:33'),(420,'3000002864',93,'2014-07-01',10,35,1,'2018-11-28',NULL,1,0,'',1,1505,'01CB12EF140000A2',1,'2023-03-29 08:12:33','2023-03-29 08:12:33'),(421,'3000002865',93,'2011-07-01',10,35,1,'2018-11-19',NULL,1,0,'-',7,16006,'011E0FEF1400001D',1,'2023-03-29 08:12:33','2023-03-29 08:12:33'),(422,'3000002869',93,'2011-07-01',10,35,1,'2018-11-11',NULL,1,0,'',13001,6,'0106E1EE14000010',1,'2023-03-29 08:12:33','2023-03-29 08:12:33'),(423,'3000002875',93,'2011-07-01',10,35,1,'2018-11-28',NULL,1,0,'',2,1504,'011720EF1400001C',1,'2023-03-29 08:12:33','2023-03-29 08:12:33'),(424,'3000002876',93,'2011-07-01',10,33,1,'2018-12-06',NULL,1,0,'',65,105,'01DD5980140000D8',1,'2023-03-29 08:12:33','2023-03-29 08:12:33'),(425,'3000002878',93,'2011-07-01',10,35,1,'2018-11-11',NULL,1,0,'',13002,7,'016FD7B9150000A8',1,'2023-03-29 08:12:33','2023-03-29 08:12:33'),(426,'3000002880',93,'2011-07-01',10,35,1,'2018-11-01',NULL,1,0,'',17004,2,'01090FEF140000C3',1,'2023-03-29 08:12:33','2023-03-29 08:12:33'),(427,'3000002886',93,'2011-07-01',10,35,1,'2018-11-21',NULL,1,0,'',23,2001,'01411BEF14000074',1,'2023-03-29 08:12:33','2023-03-29 08:12:33'),(428,'3000002887',93,'2011-07-01',10,35,1,'2018-11-22',NULL,1,0,'',68,1001,' 01740AEF140000C3',1,'2023-03-29 08:12:33','2023-03-29 08:12:33'),(429,'3000002889',93,'2011-07-01',10,36,1,'2018-12-03',NULL,1,0,'-',6,7905,'013FCBEE1400002E',1,'2023-03-29 08:12:33','2023-03-29 08:12:33'),(430,'3000002890',93,'2011-07-01',10,35,1,'2018-11-19',NULL,1,0,'-',3,13504,'014F1DEF140000FB',1,'2023-03-29 08:12:33','2023-03-29 08:12:33'),(431,'3000002891',93,'2011-07-01',10,35,1,'2018-11-22',NULL,1,0,'',70,1004,' 013317EF140000A3',1,'2023-03-29 08:12:33','2023-03-29 08:12:33'),(432,'3000002892',93,'2011-07-01',10,35,1,'2018-11-19',NULL,1,0,'-',2,18007,'01B1E3EE14000011',1,'2023-03-29 08:12:33','2023-03-29 08:12:33'),(433,'3000002894',93,'2011-07-01',10,33,1,'2018-12-06',NULL,1,0,'',39,305,'0170F8EE140000B5',1,'2023-03-29 08:12:33','2023-03-29 08:12:33'),(434,'3000002898',93,'2011-07-01',10,33,1,'2018-12-06',NULL,1,0,'',67,103,'016CF5EE1400007F',1,'2023-03-29 08:12:33','2023-03-29 08:12:33'),(435,'3000002901',93,'2011-07-01',10,36,1,'2018-12-07',NULL,1,0,'',91,91,'01D7E8EE14000010',1,'2023-03-29 08:12:33','2023-03-29 08:12:33'),(436,'3000002902',93,'2011-07-01',10,35,1,'2018-11-11',NULL,1,0,'',3501,1,'011817EF140000ED',1,'2023-03-29 08:12:33','2023-03-29 08:12:33'),(437,'3000002903',93,'2011-07-01',10,35,1,'2018-11-20',NULL,1,0,'',15,3001,'01300FEF140000B8',1,'2023-03-29 08:12:33','2023-03-29 08:12:33'),(438,'3000002904',93,'2011-07-01',10,33,1,'2018-12-06',NULL,1,0,'',41,41,'013824EF14000091',1,'2023-03-29 08:12:33','2023-03-29 08:12:33'),(439,'3000002905',93,'2011-07-01',10,33,1,'2018-12-06',NULL,1,0,'',40,301,'01C5F2EE140000E4',1,'2023-03-29 08:12:33','2023-03-29 08:12:33'),(440,'3000002910',93,'2011-07-01',10,35,1,'2018-11-19',NULL,1,0,'-',6,17502,'019BC1EE14000013',1,'2023-03-29 08:12:33','2023-03-29 08:12:33'),(441,'3000002911',93,'2011-07-01',10,33,1,'2018-12-06',NULL,1,0,'',38,308,'0100F7EE14000042',1,'2023-03-29 08:12:33','2023-03-29 08:12:33'),(442,'3000002912',93,'2011-07-01',10,35,1,'2018-11-22',NULL,1,0,'',69,1002,' 01EFF2EE1400009D',1,'2023-03-29 08:12:33','2023-03-29 08:12:33'),(443,'3000002915',93,'2011-07-01',10,35,1,'2018-11-20',NULL,1,0,'',14,3002,'018CB8B9150000A6',1,'2023-03-29 08:12:33','2023-03-29 08:12:33'),(444,'3000002916',93,'2011-07-01',10,33,1,'2018-12-03',NULL,1,0,'-',7,204,'01CE1CEF140000EB',1,'2023-03-29 08:12:33','2023-03-29 08:12:33'),(445,'3000002920',93,'2011-07-01',10,35,1,'2018-11-19',NULL,1,0,'-',7,17501,'0154DCEE14000038',1,'2023-03-29 08:12:33','2023-03-29 08:12:33'),(446,'3000002921',93,'2011-07-01',10,33,1,'2018-12-06',NULL,1,0,'',63,63,'010217EF14000079',1,'2023-03-29 08:12:33','2023-03-29 08:12:33'),(447,'3000002922',93,'2011-07-01',10,33,1,'2018-12-06',NULL,1,0,'',66,108,'0182E2EE14000068',1,'2023-03-29 08:12:33','2023-03-29 08:12:33'),(448,'3000002923',93,'2011-07-01',10,33,1,'2018-12-03',NULL,1,0,'-',4,7903,'01DB0FFE1700003A',1,'2023-03-29 08:12:33','2023-03-29 08:12:33'),(449,'3000002926',93,'2011-07-01',10,33,1,'2018-12-03',NULL,1,0,'-',4,7903,'0103DFD116000040',1,'2023-03-29 08:12:33','2023-03-29 08:12:33'),(450,'3000002928',93,'2011-07-01',10,33,1,'2018-12-03',NULL,1,0,'-',9,106,'01CC01EF14000015',1,'2023-03-29 08:12:33','2023-03-29 08:12:33'),(451,'3000002983',93,'2011-07-01',10,35,1,'2018-11-19',NULL,1,0,'-',6,18504,'0100CEEE14000035',1,'2023-03-29 08:12:33','2023-03-29 08:12:33'),(452,'3000002985',93,'2011-07-01',10,35,1,'2018-11-19',NULL,1,0,'-',2,11502,'01ADD6EE14000061',1,'2023-03-29 08:12:33','2023-03-29 08:12:33'),(453,'3000002989',93,'2011-07-01',10,35,1,'2018-11-19',NULL,1,0,'-',5,7601,'01435A5B140000A1',1,'2023-03-29 08:12:33','2023-03-29 08:12:33'),(454,'3000003035',93,'2011-07-01',10,35,1,'2018-11-19',NULL,1,0,'-',1,11503,'014DC7EE140000F9',1,'2023-03-29 08:12:33','2023-03-29 08:12:33'),(455,'3000003045',93,'2011-07-01',10,35,1,'2016-11-22',NULL,1,0,'',51,1107,' 01BFD6EE14000054',1,'2023-03-29 08:12:33','2023-03-29 08:12:33'),(456,'3000003047',93,'2011-07-01',10,35,1,'2018-11-19',NULL,1,0,'-',1,13506,'01B9D6EE140000E6',1,'2023-03-29 08:12:33','2023-03-29 08:12:33'),(457,'3000003049',93,'2011-07-01',10,35,1,'2018-11-22',NULL,1,0,'',54,1108,' 0137CBEE1400008F',1,'2023-03-29 08:12:33','2023-03-29 08:12:33'),(458,'3000003052',93,'2011-07-01',10,35,1,'2018-11-11',NULL,1,0,'',3502,2,'014D9EE140000CC',1,'2023-03-29 08:12:33','2023-03-29 08:12:33'),(459,'3000003053',93,'2011-07-01',10,35,1,'2018-11-19',NULL,1,0,'-',7,11002,'013AE0EE1400004D',1,'2023-03-29 08:12:33','2023-03-29 08:12:33'),(460,'3000003054',93,'2011-07-01',10,35,1,'2011-07-01',NULL,1,0,'',3,3503,'0188E8ER1400001A',1,'2023-03-29 08:12:33','2023-03-29 08:12:33'),(461,'3000003055',93,'2011-07-01',10,35,1,'2018-11-20',NULL,1,0,'',21,10501,'01CCD6EE14000095',1,'2023-03-29 08:12:33','2023-03-29 08:12:33'),(462,'3000003740',93,'2011-09-01',10,36,1,'2018-12-06',NULL,1,0,'',60,60,'0112E2EE140000D9',1,'2023-03-29 08:12:33','2023-03-29 08:12:33'),(463,'3000003777',93,'2010-10-01',10,36,1,'2018-12-06',NULL,1,0,'',61,61,'01EACFEE1400001E',1,'2023-03-29 08:12:33','2023-03-29 08:12:33'),(464,'3000003911',93,'2011-10-01',10,35,1,'2018-11-20',NULL,1,0,'',6,7004,'014BEC06160000D9',1,'2023-03-29 08:12:33','2023-03-29 08:12:33'),(465,'3000003919',93,'2011-10-01',10,35,1,'2011-11-11',NULL,1,0,'',8004,8,'0165E8EE14000079',1,'2023-03-29 08:12:33','2023-03-29 08:12:33'),(466,'3000003925',93,'2011-10-01',10,35,1,'2018-11-19',NULL,1,0,'-',3,17606,'01C4CAEE14000069',1,'2023-03-29 08:12:33','2023-03-29 08:12:33'),(467,'3000003926',93,'2011-10-01',10,35,1,'2018-11-19',NULL,1,0,'-',5,16501,'01B38AB915000068',1,'2023-03-29 08:12:33','2023-03-29 08:12:33'),(468,'3000003935',93,'2011-10-01',10,35,1,'2018-11-21',NULL,1,0,'',32,2501,'0190C1EE140000EB',1,'2023-03-29 08:12:33','2023-03-29 08:12:33'),(469,'3000003942',93,'2011-10-01',10,35,1,'2019-11-19',NULL,1,0,'-',1,12002,'015EDCEE140000F7',1,'2023-03-29 08:12:33','2023-03-29 08:12:33'),(470,'3000003948',93,'2011-10-01',10,35,1,'2018-11-19',NULL,1,0,'-',4,17605,'0196CDEE14000078',1,'2023-03-29 08:12:33','2023-03-29 08:12:33'),(471,'3000003949',93,'2011-07-01',10,35,1,'2018-11-19',NULL,1,0,'-',2,13505,'019BC3EE14000090',1,'2023-03-29 08:12:33','2023-03-29 08:12:33'),(472,'3000003950',93,'2011-10-01',10,35,1,'2018-11-21',NULL,1,0,'',31,2502,'0174D2EE1400002C',1,'2023-03-29 08:12:33','2023-03-29 08:12:33'),(473,'3000003958',93,'2011-10-01',10,35,1,'2018-11-19',NULL,1,0,'-',3,18006,'0156FCEE140000AE',1,'2023-03-29 08:12:33','2023-03-29 08:12:33'),(474,'3000003964',93,'2011-07-01',10,35,1,'2018-11-22',NULL,1,0,'',52,1110,' 0189CCEE140000CA',1,'2023-03-29 08:12:33','2023-03-29 08:12:33'),(475,'3000003965',93,'2011-10-01',10,35,1,'2018-11-14',NULL,1,0,'',8003,3,'018231B91800009D',1,'2023-03-29 08:12:33','2023-03-29 08:12:33'),(476,'3000003967',93,'2011-10-01',10,35,1,'2018-11-19',NULL,1,0,'-',6,19004,'0115D5EE14000089',1,'2023-03-29 08:12:33','2023-03-29 08:12:33'),(477,'3000003971',93,'2011-10-01',10,35,1,'2018-11-19',NULL,1,0,'-',4,19502,'01A1CBEE1400008C',1,'2023-03-29 08:12:33','2023-03-29 08:12:33'),(478,'3000003973',93,'2011-07-01',10,35,1,'2018-11-22',NULL,1,0,'',53,1109,' 01A1D4EE1400009F',1,'2023-03-29 08:12:33','2023-03-29 08:12:33'),(479,'3000003976',93,'2011-10-01',10,35,1,'2018-11-19',NULL,1,0,'-',2,12003,'0184BDEE14000020',1,'2023-03-29 08:12:33','2023-03-29 08:12:33'),(480,'3000003977',93,'2011-10-01',10,35,1,'2018-11-19',NULL,1,0,'-',6,16502,'01D6D6EE14000001',1,'2023-03-29 08:12:33','2023-03-29 08:12:33'),(481,'3000004317',93,'2011-12-01',10,32,1,'2018-12-07',NULL,1,0,'',86,86,'01D7B7021500001A',1,'2023-03-29 08:12:33','2023-03-29 08:12:33'),(482,'3000004318',56,'2011-12-01',10,37,1,'2018-10-15',NULL,1,0,'Smoking Hall bank 72',7175,7248,'01E7758915000053',0,'2023-03-29 08:12:33','2023-03-29 08:12:33'),(483,'3000004321',93,'2011-12-01',10,37,1,'2018-11-05',NULL,1,0,'Main Hall',3214,3367,'01F30A031500005C',1,'2023-03-29 08:12:33','2023-03-29 08:12:33'),(484,'3000004328',56,'2011-12-01',10,37,1,'2018-10-17',NULL,1,0,'Under smoking hall near stairs',7173,7246,'01120C03150000DE',1,'2023-03-29 08:12:33','2023-03-29 08:12:33'),(485,'3000004330',56,'2011-12-01',10,37,1,'2018-10-17',NULL,1,0,'Under smoking hall near stairs',7174,7247,'016D08031500007D',1,'2023-03-29 08:12:33','2023-03-29 08:12:33'),(486,'3000004332',93,'2011-12-01',10,37,1,'2018-11-05',NULL,1,0,'Main Hall',3211,3364,'01CCE9021500008E',1,'2023-03-29 08:12:33','2023-03-29 08:12:33'),(487,'3000004333',93,'2011-12-01',10,37,1,'2018-11-05',NULL,1,0,'Multi Hall',3212,3365,'751F4E03000000A6',1,'2023-03-29 08:12:33','2023-03-29 08:12:33'),(488,'3000004334',93,'2011-12-01',10,37,1,'2018-11-12',NULL,1,0,'Smoking Area',3213,3366,'0168FB0215000F1',1,'2023-03-29 08:12:33','2023-03-29 08:12:33'),(489,'3000004335',56,'2011-12-01',10,37,1,'2018-10-17',NULL,1,0,'Under smoking hall near stairs',7171,7244,'01070F0315000020',1,'2023-03-29 08:12:33','2023-03-29 08:12:33'),(490,'3000004336',93,'2011-12-01',10,32,1,'2018-12-07',NULL,1,0,'',85,85,'01290C0315000CB',1,'2023-03-29 08:12:33','2023-03-29 08:12:33'),(491,'3000004338',93,'2011-12-01',10,37,1,'2018-11-13',NULL,1,0,'Smoking Area',3217,3370,'01D9B80215000066',1,'2023-03-29 08:12:33','2023-03-29 08:12:33'),(492,'3000004339',56,'2011-12-01',10,37,1,'2018-10-15',NULL,1,0,'Smoking Hall bank 72',7172,7245,'01120A0315000042',0,'2023-03-29 08:12:33','2023-03-29 08:12:33'),(493,'3000004340',93,'2011-12-01',10,37,1,'2018-11-13',NULL,1,0,'Smoking Area',3216,3369,'017F130315000044',1,'2023-03-29 08:12:33','2023-03-29 08:12:33'),(494,'3000004341',93,'2011-12-01',10,37,1,'2018-11-13',NULL,1,0,'Smoking area ',3215,3368,'01746A5B1400004D',1,'2023-03-29 08:12:33','2023-03-29 08:12:33'),(495,'3000004345',29,'2010-08-01',10,31,1,'2010-08-01',NULL,1,0,'Along wall by bathroom',9299,2306,'01CD1C0315000042',1,'2023-03-29 08:12:33','2023-03-29 08:12:33'),(496,'3000011124',56,'2013-08-01',10,37,1,'2018-10-15',NULL,1,0,'Smoking Hall bank 73',7210,7300,'014E584916000018',0,'2023-03-29 08:12:33','2023-03-29 08:12:33'),(497,'3000011135',56,'2013-08-01',10,37,1,'2018-10-17',NULL,1,0,'Next to poker hall',7208,7298,'01396349160000F1',1,'2023-03-29 08:12:33','2023-03-29 08:12:33'),(498,'3000011136',56,'2013-08-01',10,37,1,'2018-10-17',NULL,1,0,'Next to poker hall',7209,7299,'01EB2E491600005E',1,'2023-03-29 08:12:33','2023-03-29 08:12:33'),(499,'3000011140',56,'2013-08-01',10,37,1,'2018-11-12',NULL,1,0,'Main hall',7205,3495,'019C7B4916000004',1,'2023-03-29 08:12:33','2023-03-29 08:12:33'),(500,'3000011141',56,'2013-08-01',10,37,1,'2018-10-15',NULL,1,0,'Smoking Hall bank 73',7206,7302,'011E544916000017',0,'2023-03-29 08:12:33','2023-03-29 08:12:33'),(501,'3000011145',56,'2013-08-01',10,37,1,'2018-11-05',NULL,1,0,'Main Hall',7207,3446,'01D17B491600003B',1,'2023-03-29 08:12:33','2023-03-29 08:12:33'),(502,'3000011146',56,'2013-08-01',10,37,1,'2018-11-05',NULL,1,0,'Main Hall',3257,3411,'01C44F4916000010',1,'2023-03-29 08:12:33','2023-03-29 08:12:33'),(503,'3000011147',56,'2013-08-01',10,37,1,'2018-11-05',NULL,1,0,'Main Hall',3256,3410,'0166714816000004',1,'2023-03-29 08:12:33','2023-03-29 08:12:33'),(504,'3000011149',56,'2013-08-01',10,37,1,'2018-11-05',NULL,1,0,'Main Hall',3258,3412,'013F59491600007',1,'2023-03-29 08:12:33','2023-03-29 08:12:33'),(505,'3000011150',56,'2013-08-01',10,37,1,'2018-11-05',NULL,1,0,'Main Hall',3254,3408,'012B4349160000F1',1,'2023-03-29 08:12:33','2023-03-29 08:12:33'),(506,'3000011151',56,'2013-08-01',10,37,1,'2018-11-05',NULL,1,0,'Main Hall',3259,3413,'01D65E4916000094',1,'2023-03-29 08:12:33','2023-03-29 08:12:33'),(507,'3000011155',56,'2013-08-01',10,37,1,'2013-08-01',NULL,1,0,'Main Hall',3255,3409,'01D0304916000095',1,'2023-03-29 08:12:33','2023-03-29 08:12:33'),(508,'3000011981',56,'2014-01-01',10,37,1,'2018-11-05',NULL,1,0,'Main Hall',3263,3419,'017f8dac16000086',1,'2023-03-29 08:12:33','2023-03-29 08:12:33'),(509,'3000011982',56,'2014-01-01',10,37,1,'2018-11-05',NULL,1,0,'Main Hall',3261,3417,'01D3A957160000A5',1,'2023-03-29 08:12:33','2023-03-29 08:12:33'),(510,'3000012001',56,'2014-01-01',10,37,1,'2018-11-05',NULL,1,0,'Main Hall',3265,3421,'01E6E85716000087',1,'2023-03-29 08:12:33','2023-03-29 08:12:33'),(511,'3000012002',56,'2014-01-01',10,37,1,'2018-11-05',NULL,1,0,'Main Hall',3264,3420,'013C7D5816000073',1,'2023-03-29 08:12:33','2023-03-29 08:12:33'),(512,'3000012003',56,'2014-01-01',10,37,1,'2018-11-05',NULL,1,0,'Main Hall',3262,3418,'01D1EE5716000073',1,'2023-03-29 08:12:33','2023-03-29 08:12:33'),(513,'3000012004',56,'2014-01-01',10,37,1,'2018-11-05',NULL,1,0,'Main Hall',3260,3416,'01528BAC160000E6',1,'2023-03-29 08:12:33','2023-03-29 08:12:33'),(514,'3000017948',29,'2015-03-01',10,30,1,'2018-10-05',NULL,1,0,'Bank 16 smoking area near Bov ATM',2123,1603,'ATR_00026B13A324',0,'2023-03-29 08:12:33','2023-03-29 08:12:33'),(515,'3000017959',29,'2015-03-01',10,30,1,'2018-10-05',NULL,1,0,'Bank 16 smoking area near Bov ATM',2122,1602,'ATR_00026B13A3DE',0,'2023-03-29 08:12:33','2023-03-29 08:12:33'),(516,'3000017963',29,'2015-03-01',10,30,1,'2018-10-05',NULL,1,0,'Bank 16 smoking area near Bov ATM',2124,1604,'ATR_00026B13A388',0,'2023-03-29 08:12:33','2023-03-29 08:12:33'),(517,'3000017964',29,'2015-03-01',10,30,1,'2018-10-05',NULL,1,0,'Bank 16 smoking area near Bov ATM',2125,1605,'ATR_00026B13A330',0,'2023-03-29 08:12:33','2023-03-29 08:12:33'),(518,'3000017965',29,'2015-03-01',10,30,1,'2018-10-05',NULL,1,0,'Bank 16 smoking area near Bov ATM',2126,1606,'ATR_00026B13D63A',0,'2023-03-29 08:12:33','2023-03-29 08:12:33'),(519,'3000017966',29,'2015-03-01',10,30,1,'2018-10-05',NULL,1,0,'Bank 16 smoking area near Bov ATM',2121,1601,'ATR_00026B13D656',0,'2023-03-29 08:12:33','2023-03-29 08:12:33'),(520,'3000018036',29,'2015-03-01',10,30,1,'2018-10-03',NULL,1,0,'Bank 01 Hall before entering the smoking area ',2033,107,'ATR_00026B13A5E0',1,'2023-03-29 08:12:33','2023-03-29 08:12:33'),(521,'3000018040',29,'2015-03-01',10,30,1,'2018-10-03',NULL,1,0,'Bank 05 Hall before entering the smoking area ',2074,504,'ATR_00026B13A5DC',1,'2023-03-29 08:12:33','2023-03-29 08:12:33'),(522,'3000018041',29,'2015-03-01',10,30,1,'2018-10-03',NULL,1,0,'Bank 01 Hall before entering the smoking area ',2038,105,'ATR_00026B13D6C8',1,'2023-03-29 08:12:33','2023-03-29 08:12:33'),(523,'3000018045',29,'2015-03-01',10,30,1,'2018-10-03',NULL,1,0,'Bank 05 Hall before entering the smoking area ',2073,503,'ATR_00026B13D70A',1,'2023-03-29 08:12:33','2023-03-29 08:12:33'),(524,'3000018046',29,'2018-10-03',10,30,1,'2018-10-03',NULL,1,0,'Bank 01 Hall next to smoking Entrance an VIP room',2035,104,'ATR_00026B13D63E',1,'2023-03-29 08:12:33','2023-03-29 08:12:33'),(525,'3000018047',29,'2015-03-01',10,30,1,'2018-10-03',NULL,1,0,'Bank 01 Hall before entering the smoking area ',2032,106,'ATR_00026B13D7E8',1,'2023-03-29 08:12:33','2023-03-29 08:12:33'),(526,'3000018048',29,'2015-03-01',10,30,1,'2018-10-01',NULL,1,0,'Bank 31 in far corner in Bar Area',243,3111,'150416-00486581',1,'2023-03-29 08:12:33','2023-03-29 08:12:33'),(527,'3000018049',29,'2015-03-01',10,30,1,'2018-10-02',NULL,1,0,'Bank 26 Area next to the bar, where there is the VIP  Entrance',2029,2606,'ATR_00026B13D9A4',1,'2023-03-29 08:12:33','2023-03-29 08:12:33'),(528,'3000018051',29,'2015-03-01',10,30,1,'2018-10-01',NULL,1,0,'Bank 31 in far corner of Bar Area',2031,3108,'150416-00487717',1,'2023-03-29 08:12:33','2023-03-29 08:12:33'),(529,'3000018052',29,'2015-03-01',10,30,1,'2018-10-08',NULL,1,0,'Bank 08 - smoking area - next to Roulette table',2057,810,'ATR_00026B13D9A8',0,'2023-03-29 08:12:33','2023-03-29 08:12:33'),(530,'3000018053',29,'2015-03-01',10,30,1,'2018-10-08',NULL,1,0,'Bank 08 - smoking area - next to Roulette table',2058,811,'ATR_00026B13D9B4',0,'2023-03-29 08:12:33','2023-03-29 08:12:33'),(531,'3000018054',29,'2015-03-01',10,30,1,'2018-10-01',NULL,1,0,'Bank 31 in far corner of Bar Area',2238,3104,'150417-00488485',1,'2023-03-29 08:12:33','2023-03-29 08:12:33'),(532,'3000018056',29,'2015-01-03',10,30,1,'2018-10-01',NULL,1,0,'Bank 31 in far corner of Bar Area',2030,3107,'36',1,'2023-03-29 08:12:33','2023-03-29 08:12:33'),(533,'3000018057',29,'2015-03-01',10,30,1,'2018-10-03',NULL,1,0,'Bank 05 Hall before entering the smoking area ',2072,502,'ATR_00026B13D7DA',1,'2023-03-29 08:12:33','2023-03-29 08:12:33'),(534,'3000018059',29,'2015-03-01',10,30,1,'2018-10-01',NULL,1,0,'Bank 31 in far corner of Bar Area',2239,3105,'1504117-00489430',1,'2023-03-29 08:12:33','2023-03-29 08:12:33'),(535,'3000018062',29,'2015-03-01',10,30,1,'2018-10-03',NULL,1,0,'Bank 05 Hall before entering the smoking area ',2075,505,'ATR_00026B13D9D0',1,'2023-03-29 08:12:33','2023-03-29 08:12:33'),(536,'3000018063',29,'2015-03-01',10,30,1,'2018-10-03',NULL,1,0,'Bank 01 Hall next to smoking Entrance an VIP room',2037,101,'ATR_00026B13D7A4',1,'2023-03-29 08:12:33','2023-03-29 08:12:33'),(537,'3000018064',29,'2015-03-01',10,30,1,'2018-10-08',NULL,1,0,'Bank 08 - smoking area - next to Roulette table',2059,812,'ATR_00026B13D9C6',0,'2023-03-29 08:12:33','2023-03-29 08:12:33'),(538,'3000018065',29,'2015-03-01',10,30,1,'2018-10-02',NULL,1,0,'Area next to the bar, where there is the VIP entrance',2117,2607,'ATR_00026B13D674',0,'2023-03-29 08:12:33','2023-03-29 08:12:33'),(539,'3000018066',29,'2015-03-01',10,30,1,'2018-10-03',NULL,1,0,'Bank 01 Hall next to smoking Entrance an VIP room',2034,103,'ATR_00026B13D66C',1,'2023-03-29 08:12:33','2023-03-29 08:12:33'),(540,'3000018067',29,'2015-03-01',10,30,1,'2018-10-03',NULL,1,0,'Bank 01 Hall next to smoking Entrance an VIP room',2036,102,'ATR_00026B13D71C',1,'2023-03-29 08:12:33','2023-03-29 08:12:33'),(541,'3000018068',29,'2015-03-01',10,30,1,'2018-10-01',NULL,1,0,'Area next to the bar where there is the VIP Area',2119,2609,'ATR_00026B13D782',1,'2023-03-29 08:12:33','2023-03-29 08:12:33'),(542,'3000018070',29,'2015-03-01',10,30,1,'2018-10-08',NULL,1,0,'Bank 08 - smoking area - next to Roulette table',2056,809,'ATR_00026B13D6A0',0,'2023-03-29 08:12:33','2023-03-29 08:12:33'),(543,'3000018071',29,'2015-03-01',10,30,1,'2018-10-08',NULL,1,0,'Bank 08 - smoking area - next to Roulette table',2055,808,'ATR_00026B13D64C',0,'2023-03-29 08:12:33','2023-03-29 08:12:33'),(544,'3000018074',29,'2015-03-01',10,30,1,'2018-10-08',NULL,1,0,'Bank 08 - smoking area - next to Roulette table',2060,813,'ATR_00026B13D8CC',0,'2023-03-29 08:12:33','2023-03-29 08:12:33'),(545,'3000018075',29,'2015-03-01',10,30,1,'2018-10-01',NULL,1,0,'Bank 31 in far corner of Bar Area',2236,3102,'150421-00493150',1,'2023-03-29 08:12:33','2023-03-29 08:12:33'),(546,'3000018076',29,'2015-03-01',10,30,1,'2018-10-01',NULL,1,0,'Bank 42 in hallway past restrooms',2290,4204,'ATR_00026B13D72E',1,'2023-03-29 08:12:33','2023-03-29 08:12:33'),(547,'3000018077',29,'2015-03-01',10,30,1,'2018-10-03',NULL,1,0,'Bank 05 Hall before entering the smoking area',2071,501,'ATR_00026B13D940',1,'2023-03-29 08:12:33','2023-03-29 08:12:33'),(548,'3000018078',29,'2015-03-01',10,30,1,'2018-10-01',NULL,1,0,'Bank 36 near fountain by restroom',2270,3603,'ATR_00026B13D65A',1,'2023-03-29 08:12:33','2023-03-29 08:12:33'),(549,'3000018080',29,'2018-10-02',10,30,1,'2018-10-02',NULL,1,0,'Bank 26 Bar Area next the VIP Entrance ',2120,2610,'ATR_00026B13D764',1,'2023-03-29 08:12:33','2023-03-29 08:12:33'),(550,'3000018081',29,'2015-03-01',10,30,1,'2018-10-01',NULL,1,0,'Bank 31 in far corner of Bar Area',2240,3106,'150421-00493116',1,'2023-03-29 08:12:33','2023-03-29 08:12:33'),(551,'3000018082',29,'2015-03-01',10,30,1,'2018-10-01',NULL,1,0,'Bank 31 in far corner of Bar Area',2242,3110,'150422-00493655',1,'2023-03-29 08:12:33','2023-03-29 08:12:33'),(552,'3000018090',29,'2015-03-01',10,30,1,'2018-10-01',NULL,1,0,'Bank 31 in far corner of Bar Area',2237,3103,'150422-00493839',1,'2023-03-29 08:12:33','2023-03-29 08:12:33'),(553,'3000018091',29,'2015-03-01',10,30,1,'2018-10-01',NULL,0,0,'Bank 36 near fountain by restroom',2269,3602,'ATR_00026B13D9F2',1,'2023-03-29 08:12:33','2023-03-29 08:12:33'),(554,'3000018093',29,'2015-03-01',10,30,1,'2018-10-02',NULL,1,0,'Bank 26 Area next to the bar, where there is the VIP Entrance',2118,2608,'ATR_00026B13D9C4',1,'2023-03-29 08:12:33','2023-03-29 08:12:33'),(555,'3000018094',29,'2015-03-01',10,30,1,'2018-10-01',NULL,1,0,'Bank 31 in far corner of Bar Area',2244,3112,'150422-00494032',1,'2023-03-29 08:12:33','2023-03-29 08:12:33'),(556,'3000018097',29,'2015-03-01',10,30,1,'2018-10-01',NULL,1,0,'Bank 31 in far corner of Bar Area',2235,3101,'150422-00493956',1,'2023-03-29 08:12:33','2023-03-29 08:12:33'),(557,'3000018099',29,'2015-03-01',10,30,1,'2018-10-01',NULL,1,0,'Bank 42 in hallway past restrooms',2288,4202,'ATR_00026B13D7E4',1,'2023-03-29 08:12:33','2023-03-29 08:12:33'),(558,'3000018102',29,'2015-03-01',10,30,1,'2018-10-01',NULL,0,0,'Bank 36 near fountain by restroom',2268,3601,'ATR_00026B13D6D4',1,'2023-03-29 08:12:33','2023-03-29 08:12:33'),(559,'3000018104',29,'2015-03-01',10,30,1,'2018-10-01',NULL,0,0,'Bank 42 in hallway past restrooms',2291,4205,'ATR_00026B13D8D2',1,'2023-03-29 08:12:33','2023-03-29 08:12:33'),(560,'3000018105',29,'2015-03-01',10,30,1,'2018-10-01',NULL,1,0,'Bank 42 in hallway past restrooms',2287,4201,'ATR_00026B13D824',1,'2023-03-29 08:12:33','2023-03-29 08:12:33'),(561,'3000018109',29,'2015-03-01',10,30,1,'2018-10-01',NULL,1,0,'Bank 31 in far corner of Bar Area',2241,3109,'150422-00494026',1,'2023-03-29 08:12:33','2023-03-29 08:12:33'),(562,'3000018722',96,'2015-06-01',10,37,1,'2018-11-05',NULL,1,0,'Main Hall',3307,3468,'0117DDE1170000A7',1,'2023-03-29 08:12:33','2023-03-29 08:12:33'),(563,'3000018730',96,'2015-06-01',10,37,1,'2018-11-05',NULL,1,0,'Main Hall',3305,3466,'0181BFE117000036',1,'2023-03-29 08:12:33','2023-03-29 08:12:33'),(564,'3000018732',96,'2015-06-01',10,37,1,'2018-11-05',NULL,1,0,'Main Hall',3306,3467,'0123D0E11700007A',1,'2023-03-29 08:12:33','2023-03-29 08:12:33'),(565,'3000018741',96,'2015-06-01',10,37,1,'2018-11-05',NULL,1,0,'Main Hall',3465,3304,'0102C1E11700004A',1,'2023-03-29 08:12:33','2023-03-29 08:12:33'),(566,'3000018744',96,'2015-06-01',10,37,1,'2018-11-05',NULL,1,0,'Main Hall',3303,3464,'0103ECE117000069',1,'2023-03-29 08:12:33','2023-03-29 08:12:33'),(567,'3000018757',96,'2013-06-01',10,37,1,'2018-11-05',NULL,1,0,'Main Hall',3302,3463,'019578E417000043',1,'2023-03-29 08:12:33','2023-03-29 08:12:33'),(568,'3000018761',29,'2015-06-01',10,37,1,'2018-10-15',NULL,1,0,'Smoking Hall bank 73',7245,7345,'014AC7E117000002',0,'2023-03-29 08:12:33','2023-03-29 08:12:33'),(569,'3000018771',29,'2015-06-01',10,37,1,'2018-10-17',NULL,1,0,'Next to poker hall',7247,7347,'013143E417000037',1,'2023-03-29 08:12:33','2023-03-29 08:12:33'),(570,'3000018772',29,'2015-06-01',10,37,1,'2018-10-17',NULL,1,0,'Under smoking hall near stairs',7248,7348,'015E4EE41700003C',1,'2023-03-29 08:12:33','2023-03-29 08:12:33'),(571,'3000018773',29,'2015-06-01',10,37,1,'2018-10-17',NULL,1,0,'Next to poker hall',7249,7349,'01AEDDE117000036',1,'2023-03-29 08:12:33','2023-03-29 08:12:33'),(572,'3000018775',29,'2015-06-01',10,37,1,'2018-10-17',NULL,1,0,'Next to poker hall',7250,7350,'01B5C5E1170000D7',1,'2023-03-29 08:12:33','2023-03-29 08:12:33'),(573,'3000018779',29,'2015-06-01',10,37,1,'2018-10-15',NULL,1,0,'Smoking Hall bank 73',7246,7346,'011B0AE21700005D',0,'2023-03-29 08:12:33','2023-03-29 08:12:33'),(574,'300004346',29,'2010-08-01',10,31,1,'2010-08-01',NULL,1,0,'Along wall by bathroom',9298,2305,'019DCAEE140000D1',1,'2023-03-29 08:12:33','2023-03-29 08:12:33'),(575,'300018110',29,'2015-03-01',10,30,1,'2018-10-01',NULL,1,0,'Bank 42 in hallway past restrooms',2289,4203,'ATR_00026B13D7D6',1,'2023-03-29 08:12:33','2023-03-29 08:12:33'),(576,'309399',49,'2015-11-10',10,35,1,'2018-11-10',NULL,1,0,'',3,3006,'000018A07263',1,'2023-03-29 08:12:33','2023-03-29 08:12:33'),(577,'309400',36,'2007-11-01',10,35,1,'2018-11-19',NULL,1,0,'-',2,17507,'000018A13BB2',1,'2023-03-29 08:12:33','2023-03-29 08:12:33'),(578,'309401',36,'2007-11-01',10,35,1,'2018-11-19',NULL,1,0,'-',5,17604,'000018A1307A',1,'2023-03-29 08:12:33','2023-03-29 08:12:33'),(579,'309407',36,'2007-11-01',10,35,1,'2018-11-28',NULL,0,0,'',4,1502,'000018CD60B1',1,'2023-03-29 08:12:33','2023-03-29 08:12:33'),(580,'309412',36,'2007-11-01',10,35,1,'2018-11-19',NULL,1,0,'-',3,16506,'000018CD7BEC ',1,'2023-03-29 08:12:33','2023-03-29 08:12:33'),(581,'309413',36,'2007-11-01',10,35,1,'2018-11-19',NULL,1,0,'-',3,11005,'00001892F02B',1,'2023-03-29 08:12:33','2023-03-29 08:12:33'),(582,'309415',36,'2005-11-01',10,35,1,'2018-11-22',NULL,1,0,'',60,6008,' 000018CD9A3E',1,'2023-03-29 08:12:33','2023-03-29 08:12:33'),(583,'309418',36,'2018-11-01',10,35,1,'2018-11-11',NULL,1,0,'',3505,6,'00001892F7OE',1,'2023-03-29 08:12:33','2023-03-29 08:12:33'),(584,'309420',36,'2007-11-01',10,35,1,'2017-11-22',NULL,1,0,'',58,6007,'000018D1C126',1,'2023-03-29 08:12:33','2023-03-29 08:12:33'),(585,'309422',36,'2007-11-01',10,35,1,'2018-11-19',NULL,1,0,'-',3,12004,'000018CD9ADC',1,'2023-03-29 08:12:33','2023-03-29 08:12:33'),(586,'309425',36,'2007-11-01',10,35,1,'2018-11-11',NULL,1,0,'',3507,5,'000018932CC3',1,'2023-03-29 08:12:33','2023-03-29 08:12:33'),(587,'309426',36,'2008-02-01',10,35,1,'2018-11-11',NULL,1,0,'',4,3504,'000018CD8129',1,'2023-03-29 08:12:33','2023-03-29 08:12:33'),(588,'309428',36,'2007-11-01',10,35,1,'2018-11-19',NULL,1,0,'-',6,13507,'000018CD9D73',1,'2023-03-29 08:12:33','2023-03-29 08:12:33'),(589,'309432',36,'2007-11-01',10,35,1,'2018-11-19',NULL,1,0,'-',3,19504,'000018A0632A',1,'2023-03-29 08:12:33','2023-03-29 08:12:33'),(590,'309433',36,'2007-11-01',10,35,1,'2018-11-19',NULL,1,0,'-',3,18501,'000018CD9592',1,'2023-03-29 08:12:33','2023-03-29 08:12:33'),(591,'309434',36,'2007-11-01',10,35,1,'2018-11-11',NULL,1,0,'',17002,5,'000018A13119',1,'2023-03-29 08:12:33','2023-03-29 08:12:33'),(592,'309437',36,'2007-11-01',10,35,1,'2018-11-21',NULL,1,0,'',25,2004,'0000189302AF',1,'2023-03-29 08:12:33','2023-03-29 08:12:33'),(593,'309439',36,'2007-11-01',10,35,1,'2018-11-19',NULL,1,0,'-',4,17505,'000018CD720D',1,'2023-03-29 08:12:33','2023-03-29 08:12:33'),(594,'309440',36,'2007-11-01',10,35,1,'2018-11-20',NULL,1,0,'',20,10506,'000018CD9EA9',1,'2023-03-29 08:12:33','2023-03-29 08:12:33'),(595,'309446',36,'2007-01-01',10,35,1,'2018-11-20',NULL,1,0,'',3,7005,'000018A05419',1,'2023-03-29 08:12:33','2023-03-29 08:12:33'),(596,'3100000409',45,'2011-11-01',8,31,1,'2011-11-01',NULL,1,0,'Small smoking area',9289,204,'01AD1303150000EE',1,'2023-03-29 08:12:33','2023-03-29 08:12:33'),(597,'3100000412',45,'2011-11-01',8,31,1,'2011-11-01',NULL,1,0,'Small smoking area',9286,201,'01E21803150000CF',1,'2023-03-29 08:12:33','2023-03-29 08:12:33'),(598,'3100000413',45,'2011-11-01',8,31,1,'2011-11-01',NULL,1,0,'Small smoking area',9291,206,'01C3B7021500009D',1,'2023-03-29 08:12:33','2023-03-29 08:12:33'),(599,'3100000417',45,'2011-11-01',8,31,1,'2011-11-01',NULL,1,0,'Small smoking area',9287,202,'015717031500004C',1,'2023-03-29 08:12:33','2023-03-29 08:12:33'),(600,'3100000441',45,'2011-11-01',8,31,1,'2011-11-01',NULL,1,0,'Small smoking area',9288,203,'01301203150000D8',1,'2023-03-29 08:12:33','2023-03-29 08:12:33'),(601,'3100003062',45,'2015-06-01',8,30,1,'2018-10-01',NULL,1,0,'Bank 34 near fountain in Bar Area',2260,3404,'00026B13E9D5',1,'2023-03-29 08:12:33','2023-03-29 08:12:33'),(602,'3100003065',45,'2015-06-01',8,30,1,'2018-10-01',NULL,1,0,'Bank 34 near fountain in Bar Area',2259,3403,'00026B13E972',0,'2023-03-29 08:12:33','2023-03-29 08:12:33'),(603,'3100003072',45,'2015-06-01',8,30,1,'2018-10-01',NULL,0,0,'Bank 36 near fountain by restroom',2192,3702,'ATR_00026B13E902',1,'2023-03-29 08:12:33','2023-03-29 08:12:33'),(604,'310000419',45,'2011-11-01',8,31,1,'2011-11-01',NULL,1,0,'Small smoking area',9290,205,'01010B031500008D',1,'2023-03-29 08:12:33','2023-03-29 08:12:33'),(605,'310003069',45,'2015-06-01',8,30,1,'2018-10-01',NULL,0,0,'Bank 36 near fountain by restroom',2191,3701,'ATR_00026B13E7A2',1,'2023-03-29 08:12:33','2023-03-29 08:12:33'),(606,'325374',36,'2008-02-01',10,35,1,'2018-11-20',NULL,1,0,'',18,10504,'000018A05D2E',1,'2023-03-29 08:12:33','2023-03-29 08:12:33'),(607,'325375',36,'2008-02-01',10,35,1,'2018-11-19',NULL,1,0,'-',3,11103,'000018CD78A4',1,'2023-03-29 08:12:33','2023-03-29 08:12:33'),(608,'325376',36,'2007-02-01',10,35,1,'2006-02-01',NULL,1,0,'',46,1102,' 000018A6C5A',1,'2023-03-29 08:12:33','2023-03-29 08:12:33'),(609,'325377',36,'2008-02-01',10,35,1,'2018-11-19',NULL,1,0,'-',4,13503,'000018933507',1,'2023-03-29 08:12:33','2023-03-29 08:12:33'),(610,'325380',36,'2008-02-01',10,35,1,'2018-11-22',NULL,1,0,'',65,1006,' 000018CD6289',1,'2023-03-29 08:12:33','2023-03-29 08:12:33'),(611,'325381',36,'2008-02-01',8,35,1,'2018-11-19',NULL,1,0,'-',3,16003,'000018930419',1,'2023-03-29 08:12:33','2023-03-29 08:12:33'),(612,'325383',36,'2008-02-01',10,35,1,'2018-11-20',NULL,1,0,'',13,3007,'000018A151C5',1,'2023-03-29 08:12:33','2023-03-29 08:12:33'),(613,'325384',36,'2008-02-01',10,35,1,'2018-11-19',NULL,1,0,'-',2,16005,'000018A160C0',1,'2023-03-29 08:12:33','2023-03-29 08:12:33'),(614,'325386',36,'2008-02-01',10,35,1,'2018-11-19',NULL,1,0,'-',2,14002,'00001894966B',1,'2023-03-29 08:12:33','2023-03-29 08:12:33'),(615,'325387',36,'2008-02-01',10,35,1,'2018-11-19',NULL,1,0,'-',7,13501,'000018A13517',1,'2023-03-29 08:12:33','2023-03-29 08:12:33'),(616,'325388',36,'2008-02-01',10,35,1,'2018-11-19',NULL,1,0,'-',3,14003,'000018A13CBC',1,'2023-03-29 08:12:33','2023-03-29 08:12:33'),(617,'325390',36,'2008-02-01',10,35,1,'2018-11-19',NULL,1,0,'-',5,18505,'000018932D4D',1,'2023-03-29 08:12:33','2023-03-29 08:12:33'),(618,'325392',36,'2008-02-01',10,35,1,'2018-11-22',NULL,1,0,'',50,1106,' 000018A14C57',1,'2023-03-29 08:12:33','2023-03-29 08:12:33'),(619,'325393',36,'2008-02-01',10,35,1,'2018-11-11',NULL,1,0,'',8,3508,'000018931C40',1,'2023-03-29 08:12:33','2023-03-29 08:12:33'),(620,'325395',36,'2008-02-01',10,35,1,'2018-11-19',NULL,1,0,'-',4,16508,'000018CD9D12',1,'2023-03-29 08:12:33','2023-03-29 08:12:33'),(621,'325396',36,'2008-02-01',10,35,1,'2018-11-22',NULL,1,0,'',61,6009,' 000018949FC4',1,'2023-03-29 08:12:33','2023-03-29 08:12:33'),(622,'325399',36,'2008-02-01',10,35,1,'2018-11-11',NULL,1,0,'',17001,4,'000018A134BF',1,'2023-03-29 08:12:33','2023-03-29 08:12:33'),(623,'325403',36,'2008-02-01',10,35,1,'2018-11-22',NULL,1,0,'',66,1005,' 000018CD6E24',1,'2023-03-29 08:12:33','2023-03-29 08:12:33'),(624,'325404',36,'2018-11-19',10,35,1,'2018-11-19',NULL,1,0,'-',4,11004,'000018A15CDE',1,'2023-03-29 08:12:33','2023-03-29 08:12:33'),(625,'325405',36,'2005-02-01',10,35,1,'2017-11-20',NULL,1,0,'',19,10502,'000018A15E39',1,'2023-03-29 08:12:33','2023-03-29 08:12:33'),(626,'325406',36,'2008-02-01',10,35,1,'2008-02-01',NULL,1,0,'',8002,4,'000018A130C8',1,'2023-03-29 08:12:33','2023-03-29 08:12:33'),(627,'325409',36,'2006-02-01',10,35,1,'2018-11-19',NULL,1,0,'-',3,11507,'0000189305FB',1,'2023-03-29 08:12:33','2023-03-29 08:12:33'),(628,'325412',36,'2008-02-01',10,35,1,'2018-11-10',NULL,1,0,'',3,3,'000018AA0541F',1,'2023-03-29 08:12:33','2023-03-29 08:12:33'),(629,'325413',36,'2008-02-01',10,35,1,'2018-11-20',NULL,1,0,'',2,7008,'000018A12916',1,'2023-03-29 08:12:33','2023-03-29 08:12:33'),(630,'325415',36,'2008-02-01',10,35,1,'2018-11-21',NULL,1,0,'',30,2506,'000018CD8F64',1,'2023-03-29 08:12:33','2023-03-29 08:12:33'),(631,'325416',36,'2008-02-01',10,35,1,'2018-11-22',NULL,1,0,'',63,1003,' 0000189302AF',1,'2023-03-29 08:12:33','2023-03-29 08:12:33'),(632,'325417',36,'2008-02-01',10,35,1,'2018-11-19',NULL,1,0,'-',4,18502,'000018931F35',1,'2023-03-29 08:12:33','2023-03-29 08:12:33'),(633,'325418',36,'2008-02-01',10,35,1,'2018-11-19',NULL,1,0,'-',2,11006,'000018955896',1,'2023-03-29 08:12:33','2023-03-29 08:12:33'),(634,'325419',36,'2008-02-01',10,35,1,'2018-11-19',NULL,1,0,'-',1,19006,'000018CD7056',1,'2023-03-29 08:12:33','2023-03-29 08:12:33'),(635,'325421',36,'2008-02-01',10,35,1,'2018-11-19',NULL,1,0,'-',4,14004,'000018CD8710',1,'2023-03-29 08:12:33','2023-03-29 08:12:33'),(636,'325422',36,'2008-02-01',10,35,1,'2018-11-22',NULL,1,0,'',47,1103,'000018CD6285',1,'2023-03-29 08:12:33','2023-03-29 08:12:33'),(637,'325425',36,'2008-02-01',10,35,1,'2018-11-19',NULL,1,0,'-',6,17603,'000018A06495',1,'2023-03-29 08:12:33','2023-03-29 08:12:33'),(638,'325426',36,'2008-02-01',10,35,1,'2018-11-10',NULL,1,0,'',2,2,'0000189575AA',1,'2023-03-29 08:12:33','2023-03-29 08:12:33'),(639,'325427',36,'2008-02-01',10,35,1,'2018-11-19',NULL,1,0,'-',5,19005,'000018A14755',1,'2023-03-29 08:12:33','2023-03-29 08:12:33'),(640,'325428',36,'2008-02-01',10,35,1,'2018-11-19',NULL,1,0,'-',1,16001,'000018CD7A00',1,'2023-03-29 08:12:33','2023-03-29 08:12:33'),(641,'325429',36,'2008-02-01',10,35,1,'2018-11-19',NULL,1,0,'-',4,7603,'000018A15526',1,'2023-03-29 08:12:33','2023-03-29 08:12:33'),(642,'325430',36,'2008-02-01',10,35,1,'2018-11-19',NULL,1,0,'-',1,11007,'000018A1449E',1,'2023-03-29 08:12:33','2023-03-29 08:12:33'),(643,'335762',36,'2018-11-05',10,37,1,'2018-11-05',NULL,1,0,'Main Hall',3181,3333,'00001891FB84',1,'2023-03-29 08:12:33','2023-03-29 08:12:33'),(644,'335776',36,'2008-08-01',10,37,1,'2018-11-13',NULL,1,0,'Smoking Area',3186,3329,'0000189213F7',1,'2023-03-29 08:12:33','2023-03-29 08:12:33'),(645,'335778',36,'2008-08-01',10,37,1,'2018-11-05',NULL,1,0,'Multi Hall',3182,3332,'00001891EFD7',1,'2023-03-29 08:12:33','2023-03-29 08:12:33'),(646,'335798',36,'2008-08-01',10,37,1,'2018-11-13',NULL,1,0,'Smoking Area',3183,3326,'00001891100B',1,'2023-03-29 08:12:33','2023-03-29 08:12:33'),(647,'337645',36,'2008-08-01',10,37,1,'2018-11-13',NULL,1,0,'Smoking Area',3185,3328,'0000189215D1',1,'2023-03-29 08:12:33','2023-03-29 08:12:33'),(648,'339850',36,'2008-03-01',10,35,1,'2018-11-19',NULL,1,0,'-',1,11101,'000018D1C126',1,'2023-03-29 08:12:33','2023-03-29 08:12:33'),(649,'339851',36,'2008-03-01',10,35,1,'2018-11-11',NULL,1,0,'',8010,7,'000018A05419',1,'2023-03-29 08:12:33','2023-03-29 08:12:33'),(650,'339852',36,'2008-03-01',10,35,1,'2018-11-21',NULL,1,0,'',34,4002,' 00001893101A',1,'2023-03-29 08:12:33','2023-03-29 08:12:33'),(651,'339853',36,'2008-03-01',10,35,1,'2018-11-21',NULL,1,0,'',27,2505,'18930556',1,'2023-03-29 08:12:33','2023-03-29 08:12:33'),(652,'339854',36,'2008-03-01',10,35,1,'2018-11-21',NULL,1,0,'',24,2003,'000018A15526',1,'2023-03-29 08:12:33','2023-03-29 08:12:33'),(653,'339855',36,'2008-03-01',10,35,1,'2018-11-19',NULL,1,0,'-',4,16004,'000018CDA2DC',1,'2023-03-29 08:12:33','2023-03-29 08:12:33'),(654,'339858',36,'2008-03-01',10,35,1,'2018-11-26',NULL,1,0,'-',3,12504,'000018A06DAD',1,'2023-03-29 08:12:33','2023-03-29 08:12:33'),(655,'339859',36,'2008-03-01',10,35,1,'2018-11-14',NULL,1,0,'',8005,3,'0000189488AA',1,'2023-03-29 08:12:33','2023-03-29 08:12:33'),(656,'339865',36,'2008-03-01',10,35,1,'2018-11-22',NULL,1,0,'',67,1009,' 00001893125B',1,'2023-03-29 08:12:33','2023-03-29 08:12:33'),(657,'339866',36,'2008-03-01',10,35,1,'2018-11-19',NULL,1,0,'-',7,17602,'000018A05EFD',1,'2023-03-29 08:12:33','2023-03-29 08:12:33'),(658,'339869',36,'2008-03-01',10,35,1,'2018-11-21',NULL,1,0,'',26,2000,'000018A14907',1,'2023-03-29 08:12:33','2023-03-29 08:12:33'),(659,'339870',36,'2008-03-01',10,35,1,'2018-11-19',NULL,1,0,'-',5,11505,'000018CD9597',1,'2023-03-29 08:12:33','2023-03-29 08:12:33'),(660,'339873',36,'2008-03-01',10,35,1,'2018-11-19',NULL,1,0,'-',8,17503,'000018CD6C0E',1,'2023-03-29 08:12:33','2023-03-29 08:12:33'),(661,'339874',36,'2008-03-01',10,35,1,'2017-11-10',NULL,1,0,'',4,3005,'000018A12FA1',1,'2023-03-29 08:12:33','2023-03-29 08:12:33'),(662,'339875',36,'2008-03-01',10,35,1,'2018-11-19',NULL,1,0,'- ',5,17504,'18956429',1,'2023-03-29 08:12:33','2023-03-29 08:12:33'),(663,'339877',36,'2008-03-01',10,35,1,'2018-11-01',NULL,1,0,'',1,1,'000018A12916',1,'2023-03-29 08:12:33','2023-03-29 08:12:33'),(664,'339878',36,'2008-03-01',10,35,1,'2018-11-20',NULL,1,0,'',1,7006,'0000189488AA',1,'2023-03-29 08:12:33','2023-03-29 08:12:33'),(665,'339880',36,'2008-03-01',10,35,1,'2018-11-19',NULL,1,0,'-',1,19505,'000018A06411',1,'2023-03-29 08:12:33','2023-03-29 08:12:33'),(666,'339883',36,'2008-03-01',10,35,1,'2013-11-20',NULL,1,0,'',17,10505,'000018CD8C1E',1,'2023-03-29 08:12:33','2023-03-29 08:12:33'),(667,'339885',36,'2008-03-01',10,35,1,'2017-11-21',NULL,1,0,'',35,4003,'00001892EAD5',1,'2023-03-29 08:12:33','2023-03-29 08:12:33'),(668,'339886',36,'2008-03-01',10,35,1,'2018-11-19',NULL,1,0,'-',6,11001,'000018CD62C2',1,'2023-03-29 08:12:33','2023-03-29 08:12:33'),(669,'339890',36,'2008-03-01',10,35,1,'2018-11-22',NULL,1,0,'',64,1007,' 000018CD9533',1,'2023-03-29 08:12:33','2023-03-29 08:12:33'),(670,'339892',36,'2008-03-01',10,35,1,'2018-11-19',NULL,1,0,'- ',3,19002,'000018D1BB2A',1,'2023-03-29 08:12:33','2023-03-29 08:12:33'),(671,'339895',36,'2008-03-01',10,35,1,'2018-11-21',NULL,1,0,'',28,2504,'000018CD64A6',1,'2023-03-29 08:12:33','2023-03-29 08:12:33'),(672,'339898',36,'2008-03-01',10,35,1,'2018-11-19',NULL,1,0,'-',4,12005,'000018CD7056',1,'2023-03-29 08:12:33','2023-03-29 08:12:33'),(673,'339900',36,'2008-03-01',10,35,1,'2018-11-22',NULL,1,0,'',10,1104,'000018934B1F',1,'2023-03-29 08:12:33','2023-03-29 08:12:33'),(674,'339901',36,'2006-03-01',10,35,1,'2018-11-21',NULL,1,0,'',22,2002,'000018A070E1',1,'2023-03-29 08:12:33','2023-03-29 08:12:33'),(675,'339903',36,'2008-03-01',10,35,1,'2018-11-22',NULL,1,0,'',49,1105,' 00001892EAD5',1,'2023-03-29 08:12:33','2023-03-29 08:12:33'),(676,'339915',36,'2008-03-01',10,35,1,'2018-11-26',NULL,1,0,'-',4,12503,'000018A064FA',1,'2023-03-29 08:12:33','2023-03-29 08:12:33'),(677,'339919',36,'2008-03-01',10,35,1,'2015-11-20',NULL,1,0,'',16,10503,'000018A12F72',1,'2023-03-29 08:12:33','2023-03-29 08:12:33'),(678,'339920',36,'2008-03-01',10,35,1,'2018-11-19',NULL,1,0,'-',1,14001,'000018CD9629',1,'2023-03-29 08:12:33','2023-03-29 08:12:33'),(679,'3400002324',28,'2014-01-01',10,37,1,'2018-11-12',NULL,1,0,'Smoking Area',3266,3414,'140110-00043437',1,'2023-03-29 08:12:33','2023-03-29 08:12:33'),(680,'3400002327',28,'2014-01-01',10,37,1,'2018-11-12',NULL,1,0,'Smoking Area',3267,3415,'140114-00044702',1,'2023-03-29 08:12:33','2023-03-29 08:12:33'),(681,'3400002736',28,'2014-09-01',8,30,1,'2018-10-03',NULL,0,0,'Bank 05 Hall before entering the smoking area ',2187,202,'GTK_00026B111C43',1,'2023-03-29 08:12:33','2023-03-29 08:12:33'),(682,'3400002738',28,'2014-09-01',8,30,1,'2018-10-03',NULL,0,0,'Bank 02 Hall before entering the smoking area ',2186,201,'GTK_00026B120CDC',1,'2023-03-29 08:12:33','2023-03-29 08:12:33'),(683,'3400002761',28,'2014-09-01',8,30,1,'2018-10-03',NULL,0,0,'Bank 02 Hall before entering the smoking area \r\n\r\n',2188,203,'GTK_00026B120B22',1,'2023-03-29 08:12:33','2023-03-29 08:12:33'),(684,'342382',36,'2008-04-01',10,35,1,'2018-11-19',NULL,1,0,'-',5,18001,'00001892E6CF',1,'2023-03-29 08:12:33','2023-03-29 08:12:33'),(685,'342384',36,'2008-04-01',10,35,1,'2018-11-19',NULL,1,0,'-',3,17506,'000018CD65AC',1,'2023-03-29 08:12:33','2023-03-29 08:12:33'),(686,'342387',36,'2009-04-01',10,35,1,'2018-11-19',NULL,1,0,'-',1,17508,'000018CD99AF',1,'2023-03-29 08:12:33','2023-03-29 08:12:33'),(687,'342391',36,'2008-04-01',10,35,1,'2018-11-19',NULL,1,0,'-',2,17003,'000018CD9414',1,'2023-03-29 08:12:33','2023-03-29 08:12:33'),(688,'342393',36,'2008-04-01',10,35,1,'2018-11-19',NULL,1,0,'-',7,18003,'000018CDA25E',1,'2023-03-29 08:12:33','2023-03-29 08:12:33'),(689,'342395',36,'2008-04-01',10,35,1,'2018-11-19',NULL,1,0,'-',3,7605,'000018A072D8',1,'2023-03-29 08:12:33','2023-03-29 08:12:33'),(690,'342397',36,'2008-04-01',10,35,1,'2018-11-21',NULL,1,0,'',33,4001,' 000018CD64D3',1,'2023-03-29 08:12:33','2023-03-29 08:12:33'),(691,'342400',36,'2008-04-01',10,35,1,'2018-11-19',NULL,1,0,'-',2,19001,'000018CD9F9E',1,'2023-03-29 08:12:33','2023-03-29 08:12:33'),(692,'342402',36,'2009-04-01',10,35,1,'2018-11-19',NULL,1,0,'-',4,18005,'000018CD85EB',1,'2023-03-29 08:12:33','2023-03-29 08:12:33'),(693,'342403',36,'2008-04-01',10,35,1,'2018-11-19',NULL,1,0,'-',4,19003,'000018CD8C53',1,'2023-03-29 08:12:33','2023-03-29 08:12:33'),(694,'342406',36,'2011-03-29',10,35,1,'2017-11-20',NULL,1,0,'',12,3003,'000018A14F01',1,'2023-03-29 08:12:33','2023-03-29 08:12:33'),(695,'342407',36,'2008-04-01',10,35,1,'2018-11-20',NULL,1,0,'',4,7007,'000018A070E1',1,'2023-03-29 08:12:33','2023-03-29 08:12:33'),(696,'342409',36,'2008-03-01',10,35,1,'2018-11-19',NULL,1,0,'-',8,17601,'000018932FB7',1,'2023-03-29 08:12:33','2023-03-29 08:12:33'),(697,'342411',36,'2008-04-01',10,35,1,'2018-11-19',NULL,1,0,'-',2,7604,'000018A16A89',1,'2023-03-29 08:12:33','2023-03-29 08:12:33'),(698,'342414',36,'2008-04-01',10,35,1,'2018-11-19',NULL,1,0,'-',6,19008,'00001892EEA0',1,'2023-03-29 08:12:33','2023-03-29 08:12:33'),(699,'342417',36,'2008-04-01',10,35,1,'2018-11-20',NULL,1,0,'',5,7002,'000018A130CB',1,'2023-03-29 08:12:33','2023-03-29 08:12:33'),(700,'342422',36,'2008-04-01',10,35,1,'2018-11-19',NULL,1,0,'-',6,18002,'000018D218EE',1,'2023-03-29 08:12:33','2023-03-29 08:12:33'),(701,'342424',36,'2008-04-01',10,35,1,'2018-11-19',NULL,1,0,'-',5,11003,'0000189532A3',1,'2023-03-29 08:12:33','2023-03-29 08:12:33'),(702,'342867',36,'2008-07-01',10,37,1,'2018-10-15',NULL,1,0,'Smoking Hall Bank 71',7018,7193,'000018953474',0,'2023-03-29 08:12:33','2023-03-29 08:12:33'),(703,'342886',36,'2008-07-01',10,37,1,'2018-10-15',NULL,1,0,'Smoking Hall Bank 71',7019,7192,'0000189485a1',0,'2023-03-29 08:12:33','2023-03-29 08:12:33'),(704,'342927',36,'2008-04-01',10,35,1,'2018-11-19',NULL,1,0,'-',2,11102,'000018CD9593',1,'2023-03-29 08:12:33','2023-03-29 08:12:33'),(705,'342932',36,'2008-04-01',10,35,1,'2018-11-19',NULL,1,0,'-',4,11506,'000018CD9C30',1,'2023-03-29 08:12:33','2023-03-29 08:12:33'),(706,'342934',36,'2008-04-01',10,35,1,'2018-11-21',NULL,1,0,'',29,2503,'00001892FAD3',1,'2023-03-29 08:12:33','2023-03-29 08:12:33'),(707,'342936',36,'2008-04-01',10,35,1,'2018-11-19',NULL,1,0,'-',5,19007,'000018931F35',1,'2023-03-29 08:12:33','2023-03-29 08:12:33'),(708,'342942',36,'2008-04-01',10,35,1,'2018-11-22',NULL,1,0,'',59,6003,' 000018CD78A4',1,'2023-03-29 08:12:33','2023-03-29 08:12:33'),(709,'342943',36,'2008-04-01',10,35,1,'2017-11-22',NULL,1,0,'',45,1101,' 000018CD89A8',1,'2023-03-29 08:12:33','2023-03-29 08:12:33'),(710,'342947',36,'2008-04-14',10,35,1,'2018-11-14',NULL,1,0,'',8009,5,'000018CD9593',1,'2023-03-29 08:12:33','2023-03-29 08:12:33'),(711,'342951',36,'2018-11-05',10,37,1,'2018-11-05',NULL,1,0,'Main Hall',3010,3308,'00001891E446',1,'2023-03-29 08:12:33','2023-03-29 08:12:33'),(712,'342964',36,'2008-04-01',10,37,1,'2018-11-05',NULL,1,0,'Main Hall',3014,3304,'0000189129E6',1,'2023-03-29 08:12:33','2023-03-29 08:12:33'),(713,'342994',36,'2008-04-01',10,37,1,'2018-11-05',NULL,1,0,'Main Hall',3016,3306,'000018910CEA',1,'2023-03-29 08:12:33','2023-03-29 08:12:33'),(714,'345365',36,'2008-04-01',10,37,1,'2018-11-05',NULL,1,0,'Main Hall',3017,3307,'00001891ECF1',1,'2023-03-29 08:12:33','2023-03-29 08:12:33'),(715,'345379',36,'2008-04-01',10,37,1,'2018-10-15',NULL,1,0,'Smoking Hall Bank 72',7113,7203,'00001894999E',0,'2023-03-29 08:12:33','2023-03-29 08:12:33'),(716,'345381',36,'2008-04-01',10,37,1,'2018-11-13',NULL,1,0,'Smoking Area',3187,3330,'000018920AF1',1,'2023-03-29 08:12:33','2023-03-29 08:12:33'),(717,'345387',36,'2008-04-01',10,37,1,'2018-11-13',NULL,1,0,'Smoking Area ',3188,3331,'000018921553',1,'2023-03-29 08:12:33','2023-03-29 08:12:33'),(718,'345388',36,'2008-04-01',10,37,1,'2018-10-15',NULL,1,0,'Smoking Hall Bank 72',7153,7226,'000018957229',0,'2023-03-29 08:12:33','2023-03-29 08:12:33'),(719,'345390',36,'2008-04-01',10,37,1,'2018-10-15',NULL,1,0,'Smoking Hall Bank 72',7151,7227,'000018952901',0,'2023-03-29 08:12:33','2023-03-29 08:12:33'),(720,'345392',36,'2008-04-01',10,37,1,'2018-10-15',NULL,1,0,'Smoking Hall Bank 72',7150,7222,'00001895466D',0,'2023-03-29 08:12:33','2023-03-29 08:12:33'),(721,'346553',36,'2008-04-01',10,37,1,'2018-11-05',NULL,1,0,'Main Hall',3011,3309,'00001891F5FC',1,'2023-03-29 08:12:33','2023-03-29 08:12:33'),(722,'346557',36,'2008-04-01',10,37,1,'2018-11-13',NULL,1,0,'Smoking Area',3013,3303,'0000189114B8',1,'2023-03-29 08:12:33','2023-03-29 08:12:33'),(723,'346560',36,'2008-04-01',10,37,1,'2018-10-15',NULL,1,0,'Smoking Hall Bank 72',7110,7200,'000018951410',0,'2023-03-29 08:12:33','2023-03-29 08:12:33'),(724,'349081',36,'2008-04-01',10,37,1,'2018-10-15',NULL,1,0,'Smoking Hall Bank 72',7152,7223,'000018951D82',0,'2023-03-29 08:12:33','2023-03-29 08:12:33'),(725,'353750',36,'2008-07-01',10,37,1,'2018-10-15',NULL,1,0,'Smoking Hall Bank 71',7016,7194,'000018954fas',0,'2023-03-29 08:12:33','2023-03-29 08:12:33'),(726,'3700002421',99,'2015-01-01',10,37,1,'2018-11-12',NULL,1,0,'In Main hall',3287,3448,'150203-00387703',1,'2023-03-29 08:12:33','2023-03-29 08:12:33'),(727,'3700002428',99,'2015-01-01',10,37,1,'2018-11-12',NULL,1,0,'In main hall',3288,3449,'150203-00387737',1,'2023-03-29 08:12:33','2023-03-29 08:12:33'),(728,'3700002923',21,'2015-03-01',10,31,1,'2015-03-01',NULL,0,0,'Outside High Limit area',9316,910,'150324-00455131',1,'2023-03-29 08:12:33','2023-03-29 08:12:33'),(729,'3700002941',21,'2015-03-01',10,31,1,'2015-03-01',NULL,0,0,'Outside High Limit area',9315,909,'150325-00457287',1,'2023-03-29 08:12:33','2023-03-29 08:12:33'),(730,'3700003203',20,'2015-04-02',8,30,1,'2018-10-02',NULL,0,0,'Bank 24 In front VIP Door',2180,2401,'GTK_00026B135F61',1,'2023-03-29 08:12:33','2023-03-29 08:12:33'),(731,'3700003560',21,'2015-07-01',10,37,1,'2018-11-12',NULL,1,0,'In Main Hall',7251,3530,'150625-00569176',1,'2023-03-29 08:12:33','2023-03-29 08:12:33'),(732,'3700003567',21,'2015-07-01',10,37,1,'2018-11-12',NULL,1,0,'In main hall',7252,3531,'150630-00571856',1,'2023-03-29 08:12:33','2023-03-29 08:12:33'),(733,'370003198',20,'2015-04-01',10,30,1,'2018-10-01',NULL,0,0,'Bank 48 Bar Area across from Table Games',2182,4801,'3700003198',1,'2023-03-29 08:12:33','2023-03-29 08:12:33'),(734,'370756',36,'2008-07-01',10,32,1,'2018-12-07',NULL,1,0,'',88,88,'000018D15057',1,'2023-03-29 08:12:33','2023-03-29 08:12:33'),(735,'37400003169',20,'2015-04-01',10,30,1,'2018-10-02',NULL,0,0,'Bank 47 Bar Area across from Table Games',2181,4701,'3700003169',1,'2023-03-29 08:12:33','2023-03-29 08:12:33'),(736,'377876',36,'2008-07-01',10,37,1,'2018-11-05',NULL,1,0,'Main Hall',3015,3305,'00001891ECEF',1,'2023-03-29 08:12:33','2023-03-29 08:12:33'),(737,'377887',36,'2008-07-01',10,37,1,'2018-10-15',NULL,1,0,'Smoking Hall Bank 72',7112,7202,'0000189515E3',0,'2023-03-29 08:12:33','2023-03-29 08:12:33'),(738,'382800',36,'2008-07-01',10,37,1,'2018-11-13',NULL,1,0,'Smoking Area',3012,3302,'00001891E1B4',1,'2023-03-29 08:12:33','2023-03-29 08:12:33'),(739,'382841',36,'2008-07-01',10,37,1,'2018-10-15',NULL,1,0,'Next to cash desk Bank 72',7148,7224,'000018949809',0,'2023-03-29 08:12:33','2023-03-29 08:12:33'),(740,'382843',36,'2008-07-01',10,37,1,'2018-10-15',NULL,1,0,'Next to cash desk Bank 72',7149,7225,'0000189619F1',0,'2023-03-29 08:12:33','2023-03-29 08:12:33'),(741,'382846',36,'2008-07-01',10,37,1,'2018-10-15',NULL,1,0,'Smoking Hall Bank 72',7146,7228,'0000189613A7',0,'2023-03-29 08:12:33','2023-03-29 08:12:33'),(742,'382882',36,'2008-07-01',10,37,1,'2018-10-15',NULL,1,0,'Smoking Hall Bank 72',7111,7201,'000018955257',0,'2023-03-29 08:12:33','2023-03-29 08:12:33'),(743,'401062',36,'2008-10-01',10,37,1,'2018-10-15',NULL,1,0,'Next to cash desk Bank 72',7147,7229,'000018955118',0,'2023-03-29 08:12:33','2023-03-29 08:12:33'),(744,'401631',36,'2008-07-01',10,37,1,'2018-10-15',NULL,1,0,'Smoking Hall Bank 72',7138,7215,'000018952928',0,'2023-03-29 08:12:33','2023-03-29 08:12:33'),(745,'401634',36,'2008-10-01',10,37,1,'2018-11-13',NULL,1,0,'Smoking area',3184,3327,'000018920B05',1,'2023-03-29 08:12:33','2023-03-29 08:12:33'),(746,'401650',36,'2008-10-01',10,37,1,'2018-10-15',NULL,1,0,'Smoking Hall Bank 72',7137,7214,'00001895696D',0,'2023-03-29 08:12:33','2023-03-29 08:12:33'),(747,'43140975',77,'2006-03-18',10,37,1,'2018-10-18',NULL,1,0,'NEAR BOV ATM',7010,7269,'8335150499',1,'2023-03-29 08:12:33','2023-03-29 08:12:33'),(748,'437731',10,'2010-06-01',10,31,1,'2010-06-01',NULL,1,0,'Outside restaurant wall',9021,504,'000018A12C30',1,'2023-03-29 08:12:33','2023-03-29 08:12:33'),(749,'47772',10,'2010-06-01',10,31,1,'2010-06-01',NULL,1,0,'Outside smoking area wall by cashier',9216,4002,'000018A06A37',1,'2023-03-29 08:12:33','2023-03-29 08:12:33'),(750,'486150',85,'2010-06-01',8,31,1,'2010-06-01',NULL,1,0,'By columns on main floor',9272,1708,'000018A05EBC',1,'2023-03-29 08:12:33','2023-03-29 08:12:33'),(751,'486151',85,'2010-06-01',8,31,1,'2010-06-01',NULL,1,0,'By columns in main floor area',9270,1706,'000018A15_7_',1,'2023-03-29 08:12:33','2023-03-29 08:12:33'),(752,'486154',85,'2010-06-01',8,31,1,'2010-06-01',NULL,1,0,'By columns in main floor area',9269,1705,'000018A1465E',1,'2023-03-29 08:12:33','2023-03-29 08:12:33'),(753,'486155',85,'2010-06-01',8,31,1,'2010-06-01',NULL,1,0,'By columns in main floor area',9266,1702,'000018A13A10',1,'2023-03-29 08:12:33','2023-03-29 08:12:33'),(754,'486160',85,'2010-06-01',8,31,1,'2010-06-01',NULL,1,0,'By columns on main floor',9268,1704,'000018A0647E',1,'2023-03-29 08:12:33','2023-03-29 08:12:33'),(755,'486162',85,'2010-06-01',8,31,1,'2010-06-01',NULL,1,0,'By columns on main floor',9271,1707,'000018A16B6F',1,'2023-03-29 08:12:33','2023-03-29 08:12:33'),(756,'486163',85,'2010-06-01',8,31,1,'2010-06-01',NULL,1,0,'By columns on main floor',9267,1703,'000018A167FB',1,'2023-03-29 08:12:33','2023-03-29 08:12:33'),(757,'486173',85,'2010-06-01',8,31,1,'2010-06-01',NULL,1,0,'By columns in main floor area',9265,1701,'000018A14776',1,'2023-03-29 08:12:33','2023-03-29 08:12:33'),(758,'487704',10,'2010-06-01',10,31,1,'2010-06-01',NULL,1,0,'In VIP Room',9024,603,'000018A1299D',1,'2023-03-29 08:12:33','2023-03-29 08:12:33'),(759,'487705',10,'2010-06-01',10,31,1,'2010-06-01',NULL,1,0,'Outside restaurant wall',9034,707,'000018A168F3',1,'2023-03-29 08:12:33','2023-03-29 08:12:33'),(760,'487710',10,'2010-06-01',10,31,1,'2010-01-06',NULL,0,0,'Against wall in smoking area',9156,4406,'000018a07210',1,'2023-03-29 08:12:33','2023-03-29 08:12:33'),(761,'487712',10,'2010-06-01',10,31,1,'2010-06-01',NULL,0,0,'Against wall in smoking area',9153,4403,'000018a06222',1,'2023-03-29 08:12:33','2023-03-29 08:12:33'),(762,'487721',10,'2010-06-01',10,31,1,'2010-06-01',NULL,1,0,'Outside restaurant wall',9035,708,'000018A14FCD',1,'2023-03-29 08:12:33','2023-03-29 08:12:33'),(763,'487729',10,'2010-06-01',10,31,1,'2010-06-01',NULL,1,0,'Outside restaurant wall',9023,506,'000018A062DD',1,'2023-03-29 08:12:33','2023-03-29 08:12:33'),(764,'487730',10,'2010-06-01',10,31,1,'2010-06-01',NULL,1,0,'Outside restaurant wall',9022,505,'000018A12DA7',1,'2023-03-29 08:12:33','2023-03-29 08:12:33'),(765,'487733',10,'2010-06-01',10,31,1,'2010-06-01',NULL,1,0,'Outside restaurant wall',9032,705,'000018A1398A',1,'2023-03-29 08:12:33','2023-03-29 08:12:33'),(766,'487735',10,'2010-06-01',10,31,1,'2010-06-01',NULL,1,0,'Outside restaurant wall',9033,706,'000018A065DD',1,'2023-03-29 08:12:33','2023-03-29 08:12:33'),(767,'487737',10,'2010-06-01',10,31,1,'2010-06-01',NULL,0,0,'Against wall in smoking area',9154,4404,'000018a14d9c',1,'2023-03-29 08:12:33','2023-03-29 08:12:33'),(768,'487738',10,'2010-06-01',10,31,1,'2010-06-01',NULL,0,0,'Against wall in smoking area',9152,4402,'000018a05650',1,'2023-03-29 08:12:33','2023-03-29 08:12:33'),(769,'487739',10,'2010-06-01',10,31,1,'2010-06-01',NULL,1,0,'Outside smoking area\'s far door',9068,1202,'000018A14978',1,'2023-03-29 08:12:33','2023-03-29 08:12:33'),(770,'487740',10,'2010-06-01',10,31,1,'2010-06-01',NULL,0,0,'Outside restaurant wall',9127,1501,'000018A13773',1,'2023-03-29 08:12:33','2023-03-29 08:12:33'),(771,'487741',10,'2010-06-01',10,31,1,'2010-06-01',NULL,0,0,'Outside restaurant wall',9130,1504,'000018A142EC',1,'2023-03-29 08:12:33','2023-03-29 08:12:33'),(772,'487742',10,'2010-06-01',10,31,1,'2010-06-01',NULL,0,0,'Outside restaurant wall',9129,1503,'000018A05448',1,'2023-03-29 08:12:33','2023-03-29 08:12:33'),(773,'487743',10,'2010-06-01',10,31,1,'2010-06-01',NULL,0,0,'Outside restaurant wall',9128,1502,'000018A1592B',1,'2023-03-29 08:12:33','2023-03-29 08:12:33'),(774,'487744',10,'2010-06-01',10,31,1,'2010-06-01',NULL,0,0,'Outside restaurant wall',9132,1506,'000018A0548D',1,'2023-03-29 08:12:33','2023-03-29 08:12:33'),(775,'487745',10,'2010-06-01',10,31,1,'2010-06-01',NULL,0,0,'Outside restaurant wall',9277,1403,'000018A14684',1,'2023-03-29 08:12:33','2023-03-29 08:12:33'),(776,'487746',10,'2010-06-01',10,31,1,'2010-06-01',NULL,0,0,'Outside restaurant wall',9131,1505,'000018A06AAE',1,'2023-03-29 08:12:33','2023-03-29 08:12:33'),(777,'487748',10,'2010-06-01',10,31,1,'2010-06-01',NULL,0,0,'Against wall in smoking area',9155,4405,'000018a15f13',1,'2023-03-29 08:12:33','2023-03-29 08:12:33'),(778,'487749',10,'2010-06-01',10,31,1,'2010-06-01',NULL,0,0,'Against wall in smoking area',9151,4401,'000018a15347',1,'2023-03-29 08:12:33','2023-03-29 08:12:33'),(779,'487750',10,'2010-06-01',10,31,1,'2010-06-01',NULL,1,0,'Against wall near cashier in smoking area',9072,1206,'000018A05B5F',1,'2023-03-29 08:12:33','2023-03-29 08:12:33'),(780,'487751',10,'2010-06-01',10,31,1,'2010-06-01',NULL,1,0,'Against wall near cashier in smoking area',9074,1208,'000018a07117',1,'2023-03-29 08:12:33','2023-03-29 08:12:33'),(781,'487754',10,'2010-06-01',10,31,1,'2010-06-01',NULL,0,0,'Outside restaurant wall',9276,1402,'000018A0574E',1,'2023-03-29 08:12:33','2023-03-29 08:12:33'),(782,'487757',10,'2010-06-01',10,31,1,'2010-06-01',NULL,1,0,'In VIP Room',9026,601,'000018A16AC9',1,'2023-03-29 08:12:33','2023-03-29 08:12:33'),(783,'487758',10,'2010-06-01',10,31,1,'2010-06-01',NULL,1,0,'In VIP Room',9025,602,'000018A12F82',1,'2023-03-29 08:12:33','2023-03-29 08:12:33'),(784,'487760',10,'2010-06-01',10,31,1,'2010-06-01',NULL,0,0,'Outside restaurant wall',9275,1401,'000018A14A8E',1,'2023-03-29 08:12:33','2023-03-29 08:12:33'),(785,'487763',10,'2010-06-01',10,31,1,'2010-06-01',NULL,1,0,'Outside smoking area\'s far door',9069,1203,'000018A157AA',1,'2023-03-29 08:12:33','2023-03-29 08:12:33'),(786,'487766',10,'2010-06-01',10,31,1,'2010-06-01',NULL,1,0,'Outside smoking area\'s far door',9067,1201,'000018A16CAF',1,'2023-03-29 08:12:33','2023-03-29 08:12:33'),(787,'487767',10,'2010-06-01',10,31,1,'2010-06-01',NULL,1,0,'Against wall near cashier in smoking area',9073,1207,'000018A0712B',1,'2023-03-29 08:12:33','2023-03-29 08:12:33'),(788,'487768',10,'2010-06-01',10,31,1,'2010-06-01',NULL,1,0,'Against wall near cashier in smoking area',9071,1205,'000018a13502',1,'2023-03-29 08:12:33','2023-03-29 08:12:33'),(789,'487771',10,'2010-06-01',10,31,1,'2010-06-01',NULL,1,0,'Outside smoking area wall by cashier',9218,4004,'000018A06252',1,'2023-03-29 08:12:33','2023-03-29 08:12:33'),(790,'487774',10,'2010-06-01',10,31,1,'2010-06-01',NULL,1,0,'Outside smoking area wall by cashier',9217,4003,'000018A142F9',1,'2023-03-29 08:12:33','2023-03-29 08:12:33'),(791,'487775',10,'2010-06-01',10,31,1,'2010-06-01',NULL,1,0,'Outside smoking area wall by cashier',9215,4001,'000018A13F77',1,'2023-03-29 08:12:33','2023-03-29 08:12:33'),(792,'490961',82,'2010-06-01',8,31,1,'2010-06-01',NULL,1,0,'In smoking area',9199,5001,'000018a12d7f',1,'2023-03-29 08:12:33','2023-03-29 08:12:33'),(793,'490962',82,'2010-06-01',8,31,1,'2010-06-01',NULL,1,0,'In smoking area',9198,4804,'000018a15ebf',1,'2023-03-29 08:12:33','2023-03-29 08:12:33'),(794,'490963',82,'2010-06-01',8,31,1,'2010-06-01',NULL,1,0,'In smoking area',9202,5004,'000018a1650b',1,'2023-03-29 08:12:33','2023-03-29 08:12:33'),(795,'490964',82,'2010-06-01',8,31,1,'2010-06-01',NULL,1,0,'In smoking area',9200,5002,'000018a06b0f',1,'2023-03-29 08:12:33','2023-03-29 08:12:33'),(796,'490965',82,'2010-06-01',8,31,1,'2010-06-01',NULL,1,0,'In smoking area',9167,4604,'000018a148f8',1,'2023-03-29 08:12:33','2023-03-29 08:12:33'),(797,'490966',82,'2010-06-01',8,31,1,'2010-06-01',NULL,1,0,'In smoking area',9201,5003,'000018a135c2',1,'2023-03-29 08:12:33','2023-03-29 08:12:33'),(798,'490967',82,'2010-06-01',8,31,1,'2010-06-01',NULL,1,0,'In smoking area',9196,4802,'000018a06298',1,'2023-03-29 08:12:33','2023-03-29 08:12:33'),(799,'490968',82,'2010-06-01',8,31,1,'2010-06-01',NULL,1,0,'In smoking area',9165,4601,'000018a05b0d',1,'2023-03-29 08:12:33','2023-03-29 08:12:33'),(800,'490969',82,'2010-06-01',8,31,1,'2010-06-01',NULL,1,0,'In smoking area',9195,4801,'000018a146a8',1,'2023-03-29 08:12:33','2023-03-29 08:12:33'),(801,'490970',82,'2010-06-01',8,31,1,'2010-06-01',NULL,1,0,'In smoking area',9197,4803,'000018a07171',1,'2023-03-29 08:12:33','2023-03-29 08:12:33'),(802,'490971',82,'2010-06-01',8,31,1,'2010-06-01',NULL,1,0,'In smoking area',9166,4602,'000018a164f3',1,'2023-03-29 08:12:33','2023-03-29 08:12:33'),(803,'490972',82,'2010-06-01',8,31,1,'2010-06-01',NULL,1,0,'In smoking area',9168,4603,'000018a15ceb',1,'2023-03-29 08:12:33','2023-03-29 08:12:33'),(804,'492282',85,'2010-06-01',8,31,1,'2010-06-01',NULL,1,0,'By columns on main floor',9258,1604,'000018A15C4E',1,'2023-03-29 08:12:33','2023-03-29 08:12:33'),(805,'492283',85,'2010-06-01',8,31,1,'2010-06-01',NULL,1,0,'By columns on main floor',9257,1603,'000018A1374E',1,'2023-03-29 08:12:33','2023-03-29 08:12:33'),(806,'492284',85,'2010-06-01',8,31,1,'2010-06-01',NULL,1,0,'By columns in main floor area',9259,905,'000018A15FD6',1,'2023-03-29 08:12:33','2023-03-29 08:12:33'),(807,'492285',82,'2010-06-01',8,31,1,'2010-06-01',NULL,1,0,'In smoking area',9235,4501,'000018a15454',1,'2023-03-29 08:12:33','2023-03-29 08:12:33'),(808,'492286',85,'2010-06-01',8,31,1,'2010-06-01',NULL,1,0,'By columns on main floor',9204,1711,'000018A0720F',1,'2023-03-29 08:12:33','2023-03-29 08:12:33'),(809,'492287',82,'2010-06-01',8,31,1,'2010-06-01',NULL,1,0,'In smoking area',9237,4503,'000018a159ce',1,'2023-03-29 08:12:33','2023-03-29 08:12:33'),(810,'492288',85,'2010-06-01',8,31,1,'2010-06-01',NULL,1,0,'By columns in main floor area',9260,906,'000018A14476',1,'2023-03-29 08:12:33','2023-03-29 08:12:33'),(811,'492289',85,'2010-06-01',8,31,1,'2010-06-01',NULL,1,0,'By columns on main floor',9206,904,'000018A14C34',1,'2023-03-29 08:12:33','2023-03-29 08:12:33'),(812,'492290',85,'2010-06-01',8,31,1,'2010-06-01',NULL,1,0,'By columns in main floor area',9255,1601,'000018A05C21',1,'2023-03-29 08:12:33','2023-03-29 08:12:33'),(813,'492291',85,'2010-06-01',8,31,1,'2010-06-01',NULL,1,0,'By columns in main floor area',9256,1602,'000018A143D4',1,'2023-03-29 08:12:33','2023-03-29 08:12:33'),(814,'492292',82,'2010-06-01',8,31,1,'2010-06-01',NULL,1,0,'In smoking area',9184,4904,'000018a07010',1,'2023-03-29 08:12:33','2023-03-29 08:12:33'),(815,'492293',85,'2010-06-01',8,31,1,'2010-06-01',NULL,1,0,'By columns on main floor',9262,908,'000018A16C67',1,'2023-03-29 08:12:33','2023-03-29 08:12:33'),(816,'492294',85,'2010-06-01',8,31,1,'2010-06-01',NULL,1,0,'By columns in main floor area',9273,1709,'000018A1643B',1,'2023-03-29 08:12:33','2023-03-29 08:12:33'),(817,'492295',82,'2010-06-01',8,31,1,'2010-06-01',NULL,1,0,'In smoking area',9182,4901,'000018a06ed0',1,'2023-03-29 08:12:33','2023-03-29 08:12:33'),(818,'492296',82,'2010-06-01',8,31,1,'2010-06-01',NULL,1,0,'In smoking area',91848,4903,'000018a1473a',1,'2023-03-29 08:12:33','2023-03-29 08:12:33'),(819,'492297',82,'2010-06-01',8,31,1,'2010-06-01',NULL,1,0,'In smoking area',9183,4902,'000018a16961',1,'2023-03-29 08:12:33','2023-03-29 08:12:33'),(820,'492298',85,'2010-06-01',8,31,1,'2010-06-01',NULL,1,0,'Outside smoking area wall by cashier',9274,1710,'000018A1645C',1,'2023-03-29 08:12:33','2023-03-29 08:12:33'),(821,'492299',85,'2010-06-01',8,31,1,'2010-06-01',NULL,1,0,'By columns on main floor',9261,907,'000018A056EB',1,'2023-03-29 08:12:33','2023-03-29 08:12:33'),(822,'492300',85,'2010-06-01',8,31,1,'2010-06-01',NULL,1,0,'By columns in main floor area',92540,902,'000018A14803',1,'2023-03-29 08:12:33','2023-03-29 08:12:33'),(823,'492301',85,'2010-06-01',8,31,1,'2010-06-01',NULL,1,0,'By columns in main floor area',9263,901,'000018A14A76',1,'2023-03-29 08:12:33','2023-03-29 08:12:33'),(824,'492302',82,'2010-06-01',8,31,1,'2010-06-01',NULL,1,0,'In smoking area',9233,4703,'000018a14bb8',1,'2023-03-29 08:12:33','2023-03-29 08:12:33'),(825,'492303',82,'2010-06-01',8,31,1,'2010-06-01',NULL,1,0,'In smoking area',9236,4502,'000018a1361f',1,'2023-03-29 08:12:33','2023-03-29 08:12:33'),(826,'492304',85,'2010-06-01',8,31,1,'2010-06-01',NULL,1,0,'By columns on main floor',9203,1712,'000018A13F1A',1,'2023-03-29 08:12:33','2023-03-29 08:12:33'),(827,'492305',82,'2010-06-01',8,31,1,'2010-06-01',NULL,1,0,'In smoking area',9234,4704,'000018a14228',1,'2023-03-29 08:12:33','2023-03-29 08:12:33'),(828,'492306',82,'2010-06-01',8,31,1,'2010-06-01',NULL,1,0,'In smoking area',9238,4504,'000018a06b64',1,'2023-03-29 08:12:33','2023-03-29 08:12:33'),(829,'492307',82,'2010-06-01',8,31,1,'2010-06-01',NULL,1,0,'In smoking area',9231,4701,'000018a06714',1,'2023-03-29 08:12:33','2023-03-29 08:12:33'),(830,'492308',85,'2010-06-01',8,31,1,'2010-06-01',NULL,1,0,'By columns on main floor',9205,903,'000018A16C5F',1,'2023-03-29 08:12:33','2023-03-29 08:12:33'),(831,'492309',82,'2010-06-01',8,31,1,'2010-06-01',NULL,1,0,'In smoking area',9232,4702,'000018a12aba',1,'2023-03-29 08:12:33','2023-03-29 08:12:33'),(832,'49968',82,'2010-06-01',8,31,1,'2010-06-01',NULL,1,0,'In smoking area',9165,4601,'000018a05b0d',1,'2023-03-29 08:12:33','2023-03-29 08:12:33'),(833,'5073139',33,'2014-10-31',10,30,1,'2018-10-03',NULL,1,0,'Bank 05 the hall next to bar before entering the smoking area ',2077,507,'$$$A0179990402R01PECT221304462',1,'2023-03-29 08:12:33','2023-03-29 08:12:33'),(834,'5073140',33,'2014-10-31',10,30,1,'2018-10-01',NULL,1,0,'Bank 29 in far corner of Bar Area',2081,2907,'$$$A0179990402R01PECT221304446',1,'2023-03-29 08:12:33','2023-03-29 08:12:33'),(835,'5073142',33,'2014-10-31',10,30,1,'2018-10-01',NULL,1,0,'Bank 38 in hallway just past restrooms',2297,3802,'$$$A0263520302R073058301700002',1,'2023-03-29 08:12:33','2023-03-29 08:12:33'),(836,'5073145',33,'2014-10-31',10,30,1,'2018-10-01',NULL,1,0,'Bank 29 in far corner of Bar Area',2082,2908,'$$$A0179990402R03PECT251404401',1,'2023-03-29 08:12:33','2023-03-29 08:12:33'),(837,'5073147',33,'2014-10-31',10,30,1,'2018-10-01',NULL,1,0,'Bank 29 in far corner of Bar Area',2299,2912,'$$$A0179990402R03PECT251404436',1,'2023-03-29 08:12:33','2023-03-29 08:12:33'),(838,'5073149',33,'2014-10-31',10,30,1,'2018-10-01',NULL,1,0,'Bank 38 in hallway just past restrooms',2296,3801,'$$$A0179990402R03PECT251404454',1,'2023-03-29 08:12:33','2023-03-29 08:12:33'),(839,'5073150',33,'2014-10-31',10,30,1,'2018-10-01',NULL,1,0,'Bank 29 in far corner of Bar Area',2085,2911,'$$$A0179990402R03PECT251404453',1,'2023-03-29 08:12:33','2023-03-29 08:12:33'),(840,'5073154',33,'2014-10-31',10,30,1,'2018-10-01',NULL,1,0,'Bank 29 in far corner of Bar Area',2083,2909,'$$$a0179990402r0pect2110304193',1,'2023-03-29 08:12:33','2023-03-29 08:12:33'),(841,'5073159',33,'2014-10-31',10,30,1,'2018-10-01',NULL,1,0,'Bank 29 in far corner of Bar Area',2084,2910,'$$$A0179990402R01PECT211304185',1,'2023-03-29 08:12:33','2023-03-29 08:12:33'),(842,'5073160',33,'2014-10-31',10,30,1,'2018-10-03',NULL,1,0,'Bank 05 the hall next to bar before entering the smoking area ',2079,509,'$$$A0179990402R01PECT211304190',1,'2023-03-29 08:12:33','2023-03-29 08:12:33'),(843,'5073161',33,'2014-10-31',10,30,1,'2018-10-03',NULL,1,0,'Bank 05 the hall next to bar before entering the smoking area ',2080,510,'$$$A0179990402R03PECT251404408',1,'2023-03-29 08:12:33','2023-03-29 08:12:33'),(844,'5073162',33,'2014-10-31',10,30,1,'2018-10-01',NULL,1,0,'Bank 38 in hallway just past restrooms',2298,3803,'$$$A0263520302R073058301700034',1,'2023-03-29 08:12:33','2023-03-29 08:12:33'),(845,'5073163',33,'2014-10-31',10,30,1,'2018-10-03',NULL,1,0,'Bank 05 the hall next to bar before entering the smoking area ',2076,506,'$$$A0179990402R03PECT241403994',1,'2023-03-29 08:12:33','2023-03-29 08:12:33'),(846,'5073164',33,'2014-10-31',10,30,1,'2018-10-03',NULL,1,0,'Bank 05 the hall next to bar before entering the smoking area ',2078,508,'$$$A0179990402R03PECT251404402',1,'2023-03-29 08:12:33','2023-03-29 08:12:33'),(847,'5073211',40,'2014-10-31',10,30,1,'2018-10-08',NULL,1,0,'Bank 20 Smoking Hall- next to Roulette Station ',2250,2006,'SPG2013121802879',0,'2023-03-29 08:12:33','2023-03-29 08:12:33'),(848,'5073218',40,'2014-10-31',10,30,1,'2018-10-08',NULL,1,0,'Bank 20 Smoking Hall- next to Roulette Station ',2247,2003,'SPG2014121701102',0,'2023-03-29 08:12:33','2023-03-29 08:12:33'),(849,'5073240',40,'2014-10-31',10,30,1,'2018-10-08',NULL,1,0,'Bank 20 Smoking Hall- next to Roulette Station ',2248,2004,'SPG2015021300218',0,'2023-03-29 08:12:33','2023-03-29 08:12:33'),(850,'5073246',40,'2014-10-31',10,30,1,'2018-10-08',NULL,1,0,'Bank 20 Smoking Hall- next to Roulette Station ',2246,2002,'60093431',0,'2023-03-29 08:12:33','2023-03-29 08:12:33'),(851,'5074783',40,'2014-10-31',10,30,1,'2018-10-08',NULL,1,0,'Bank 20 Smoking Hall- next to Roulette Station ',2249,2005,'SPG2014121701099',0,'2023-03-29 08:12:33','2023-03-29 08:12:33'),(852,'5078630',40,'2015-01-30',10,30,1,'2018-10-02',NULL,1,0,'Bank 06 Area next to the bar before entering the smoking room ',2040,602,'$$$A0263520302R033058521400264',1,'2023-03-29 08:12:33','2023-03-29 08:12:33'),(853,'5078640',40,'2015-02-03',10,30,1,'2018-10-02',NULL,1,0,'Bank 06 Area next to the bar before entering the smoking room ',2039,601,'$$$A0263520302R033058521400267',1,'2023-03-29 08:12:33','2023-03-29 08:12:33'),(854,'5078652',40,'2015-04-02',10,30,1,'2018-10-02',NULL,1,0,'Bank 06 Area next to the bar before entering the smoking room ',2042,604,'$$$A0263520302R03MX03461403579',1,'2023-03-29 08:12:33','2023-03-29 08:12:33'),(855,'5078656',40,'2015-02-04',10,30,1,'2018-10-01',NULL,0,0,'Bank 32 Corner of Bar Area',2292,3202,'$$$A0262070300R033058511400177',1,'2023-03-29 08:12:33','2023-03-29 08:12:33'),(856,'5078659',40,'2014-10-31',10,30,1,'2018-10-08',NULL,1,0,'Bank 20 Smoking Hall- next to Roulette Station ',2245,2001,'SPG2013121802645',0,'2023-03-29 08:12:33','2023-03-29 08:12:33'),(857,'5078662',40,'2015-02-05',10,30,1,'2018-10-01',NULL,1,0,'Bank 32 Corner of Bar Area',2293,3205,'$$$A0262070300R033058511400197',1,'2023-03-29 08:12:33','2023-03-29 08:12:33'),(858,'5078668',40,'2015-02-05',10,30,1,'2018-10-01',NULL,0,0,'Bank 32 Corner of Bar Area',2294,3201,'$$$A0262070300R033058511400077',1,'2023-03-29 08:12:33','2023-03-29 08:12:33'),(859,'508254',40,'2013-12-03',10,30,1,'2018-10-02',NULL,1,0,'Bank 06 Area next to the bar before entering the smoking room ',2041,603,'$$$A0263520302R033058361400044',1,'2023-03-29 08:12:33','2023-03-29 08:12:33'),(860,'5082555',40,'2015-03-18',10,30,1,'2018-10-01',NULL,0,0,'Bank 32 Corner of Bar Area',2271,3204,'$$$A0262070300R033058391400369',1,'2023-03-29 08:12:33','2023-03-29 08:12:33'),(861,'5082560',40,'2015-03-19',10,30,1,'2018-10-01',NULL,0,0,'Bank 32 corner of Bar Area',2295,3203,'$$$A0262070300R033058201400291',1,'2023-03-29 08:12:33','2023-03-29 08:12:33'),(862,'5082564',40,'2015-03-23',10,30,1,'2018-10-01',NULL,1,0,'Bank 32 Corner of Bar Area',2272,3206,'$$$A0262070300R033058381400072',1,'2023-03-29 08:12:33','2023-03-29 08:12:33'),(863,'5085802',32,'2015-04-24',10,30,1,'2018-10-01',NULL,1,0,'Bank 34 near fountain in Bar Area',2258,3402,'$$$$$$$1439750R013058111500142',1,'2023-03-29 08:12:33','2023-03-29 08:12:33'),(864,'5085807',32,'2015-04-24',10,30,1,'2018-10-01',NULL,1,0,'Bank 34 near fountain in Bar Area',2257,3401,'$$$$$$$1439750R013058111500265',1,'2023-03-29 08:12:33','2023-03-29 08:12:33'),(865,'5096234',40,'2014-04-01',10,31,1,'2014-04-01',NULL,1,0,'By center bar',9375,1821,'$$$$$$$1439750R073058361500139',1,'2023-03-29 08:12:33','2023-03-29 08:12:33'),(866,'5096235',40,'2014-06-01',10,31,1,'2014-04-01',NULL,1,0,'By center bar',9379,1825,'$$$$$$$1439750R013058161500156',1,'2023-03-29 08:12:33','2023-03-29 08:12:33'),(867,'5096236',40,'2014-04-01',10,31,1,'2014-04-01',NULL,1,0,'By center bar',9380,1826,'$$$$$$$1439750R013058161500159',1,'2023-03-29 08:12:33','2023-03-29 08:12:33'),(868,'5096242',40,'2014-04-01',10,31,1,'2014-04-01',NULL,0,0,'By center bar',9381,1827,'$$$$$$$1439750R013058161500190',1,'2023-03-29 08:12:33','2023-03-29 08:12:33'),(869,'5096580',40,'2014-04-01',10,31,1,'2014-04-01',NULL,0,0,'By center bar',9382,1828,'$$$$$$$1439750R073058361500129',1,'2023-03-29 08:12:33','2023-03-29 08:12:33'),(870,'5096584',40,'2010-04-01',10,31,1,'2010-04-01',NULL,1,0,'By center bar',9377,1823,'$$$$$$$1439750R073058361500132',1,'2023-03-29 08:12:33','2023-03-29 08:12:33'),(871,'5096590',40,'2014-04-01',10,31,1,'2014-04-01',NULL,1,0,'By center bar',9378,1824,'$$$$$$$1439750R073058361500119',1,'2023-03-29 08:12:33','2023-03-29 08:12:33'),(872,'5096600',40,'2010-04-01',10,31,1,'2014-04-01',NULL,0,0,'By center bar',9376,1822,'$$$$$$$1439750R073058361500114',1,'2023-03-29 08:12:33','2023-03-29 08:12:33'),(873,'529472',83,'2010-06-01',8,31,1,'2010-06-01',NULL,1,0,'In smoking area',9240,402,'000018A14464',1,'2023-03-29 08:12:33','2023-03-29 08:12:33'),(874,'529473',83,'2010-06-01',8,31,1,'2010-06-01',NULL,1,0,'In smoking area',9245,407,'000018a06537',1,'2023-03-29 08:12:33','2023-03-29 08:12:33'),(875,'529476',83,'2010-06-01',8,31,1,'2010-06-01',NULL,1,0,'In smoking area',9242,404,'000018A14FC1',1,'2023-03-29 08:12:33','2023-03-29 08:12:33'),(876,'529477',83,'2010-06-01',8,31,1,'2010-06-01',NULL,1,0,'In smoking area',9243,405,'000018a053bc',1,'2023-03-29 08:12:33','2023-03-29 08:12:33'),(877,'529478',83,'2010-06-01',8,31,1,'2010-06-01',NULL,1,0,'In smoking area',9246,408,'000018a15b6c',1,'2023-03-29 08:12:33','2023-03-29 08:12:33'),(878,'529479',83,'2010-06-01',8,31,1,'2010-06-01',NULL,1,0,'In smoking area',9239,401,'000018A0666A',1,'2023-03-29 08:12:33','2023-03-29 08:12:33'),(879,'529482',83,'2010-06-01',8,31,1,'2010-06-01',NULL,1,0,'In smoking area',9241,403,'000018A15FB9',1,'2023-03-29 08:12:33','2023-03-29 08:12:33'),(880,'529483',83,'2010-06-01',8,31,1,'2010-06-01',NULL,1,0,'In smoking area',9244,406,'000018a12dda',1,'2023-03-29 08:12:33','2023-03-29 08:12:33'),(881,'550258',36,'2011-04-08',10,32,1,'2018-12-07',NULL,1,0,'',87,87,'000018D21B0F',1,'2023-03-29 08:12:33','2023-03-29 08:12:33'),(882,'550259',36,'2011-04-08',10,32,1,'2018-12-07',NULL,1,0,'',79,79,'000018D1525C',1,'2023-03-29 08:12:33','2023-03-29 08:12:33'),(883,'550260',36,'2011-04-08',10,32,1,'2018-12-06',NULL,1,0,'',31,31,'000018D16230',1,'2023-03-29 08:12:33','2023-03-29 08:12:33'),(884,'550261',36,'2011-04-08',10,37,1,'2018-10-15',NULL,1,0,'Smoking Hall Bank 72',7178,7252,'0000189549B3',0,'2023-03-29 08:12:33','2023-03-29 08:12:33'),(885,'558707',36,'2011-06-17',10,32,1,'2018-12-06',NULL,1,0,'',30,30,'000018D12E12',1,'2023-03-29 08:12:33','2023-03-29 08:12:33'),(886,'558708',36,'2011-06-17',10,32,1,'2018-12-07',NULL,1,0,'',78,78,'000018D222A3',1,'2023-03-29 08:12:33','2023-03-29 08:12:33'),(887,'579758',53,'2015-11-01',10,30,1,'2018-10-08',NULL,0,1,'Bank 21 Smoking Hall Roulette Terminal- The Main Roulette- Without MGA and Operator Tag',11111,11111,'411',0,'2023-03-29 08:12:33','2023-03-29 08:12:33'),(888,'611319',11,'2015-07-01',10,36,1,'2018-12-03',NULL,1,0,'-',9,7908,'000019BB49AD',1,'2023-03-29 08:12:33','2023-03-29 08:12:33'),(889,'611320',36,'2015-07-01',10,33,1,'2018-12-06',NULL,1,0,'',45,45,'000018EDABFC',1,'2023-03-29 08:12:33','2023-03-29 08:12:33'),(890,'611321',11,'2015-07-01',10,36,1,'2018-12-03',NULL,1,0,'-',7,7906,'000018EE4E66',1,'2023-03-29 08:12:33','2023-03-29 08:12:33'),(891,'611324',36,'2015-07-01',10,33,1,'2018-12-06',NULL,1,0,'',70,70001,'000018EE79B6',1,'2023-03-29 08:12:33','2023-03-29 08:12:33'),(892,'611325',11,'2015-07-01',10,36,1,'2018-12-03',NULL,1,0,'-',8,7907,'000019BC1736',1,'2023-03-29 08:12:33','2023-03-29 08:12:33'),(893,'611327',11,'2015-07-01',10,36,1,'2018-12-03',NULL,1,0,'-',5,7904,'000018EDCCF4',1,'2023-03-29 08:12:33','2023-03-29 08:12:33'),(894,'611328',36,'2015-07-01',10,33,1,'2018-12-06',NULL,1,0,'',44,44,'000018EDEC11',1,'2023-03-29 08:12:33','2023-03-29 08:12:33'),(895,'620642',11,'2015-07-01',10,33,1,'2018-12-03',NULL,1,0,'-',3,90003,'000018EDBA8D',1,'2023-03-29 08:12:33','2023-03-29 08:12:33'),(896,'620643',36,'2015-07-01',10,36,1,'2018-12-07',NULL,1,0,'',92,92,'000018EDC18D',1,'2023-03-29 08:12:33','2023-03-29 08:12:33'),(897,'652135',11,'2015-04-01',10,37,1,'2018-11-07',NULL,1,0,'Entrance right side ',3291,3453,'00001798FC31',1,'2023-03-29 08:12:33','2023-03-29 08:12:33'),(898,'652136',11,'2015-04-01',10,37,1,'2018-11-07',NULL,1,0,'Entrance right side',3292,3452,'00001798fa76',1,'2023-03-29 08:12:33','2023-03-29 08:12:33'),(899,'652137',11,'2015-04-01',10,37,1,'2018-11-07',NULL,1,0,'Entrance Right side',3293,3451,'00001798F72D',1,'2023-03-29 08:12:33','2023-03-29 08:12:33'),(900,'652138',11,'2015-04-01',10,37,1,'2018-10-15',NULL,1,0,'Smoking Hall Bank 73',7284,7334,'000017990D7B',0,'2023-03-29 08:12:33','2023-03-29 08:12:33'),(901,'652139',11,'2015-04-01',10,37,1,'2018-11-07',NULL,1,0,'Entrance right side ',3294,3450,'00001799147D',1,'2023-03-29 08:12:33','2023-03-29 08:12:33'),(902,'652140',11,'2015-04-01',10,37,1,'2018-10-15',NULL,1,0,'Smoking Hall Bank 73',7235,7335,'00001799E198',0,'2023-03-29 08:12:33','2023-03-29 08:12:33'),(903,'662033',64,'2015-06-01',8,37,1,'2018-10-15',NULL,1,0,'Smoking Hall bank 13',7233,7333,'DE1900615',1,'2023-03-29 08:12:33','2023-03-29 08:12:33'),(904,'662034',64,'2015-06-01',8,37,1,'2018-10-15',NULL,1,0,'Smoking Hall bank 73',7232,7332,'DE1900675',1,'2023-03-29 08:12:33','2023-03-29 08:12:33'),(905,'662035',64,'2015-06-01',8,37,1,'2018-10-15',NULL,1,0,'Smoking Hall bank 73',7231,7331,'DE1900704',1,'2023-03-29 08:12:33','2023-03-29 08:12:33'),(906,'662036',64,'2015-06-01',8,37,1,'2018-10-15',NULL,1,0,'Smoking Hall bank 73',7230,7330,'DE1900713',1,'2023-03-29 08:12:33','2023-03-29 08:12:33'),(907,'662037',64,'2015-06-01',8,37,1,'2018-10-16',NULL,1,0,'Smoking Area',3290,7415,'I45113774',1,'2023-03-29 08:12:33','2023-03-29 08:12:33'),(908,'662038',64,'2015-06-01',8,37,1,'2018-10-16',NULL,1,0,'Bank 32 Smoking Area',3289,7416,'De1900619',1,'2023-03-29 08:12:33','2023-03-29 08:12:33'),(909,'663871',9,'2015-06-01',8,31,1,'2015-06-01',NULL,1,0,'High Limit room',9318,813,'DC3600866',1,'2023-03-29 08:12:33','2023-03-29 08:12:33'),(910,'663872',9,'2015-06-01',8,31,1,'2015-06-01',NULL,1,0,'High Limit room',9317,814,'I41904468',1,'2023-03-29 08:12:33','2023-03-29 08:12:33'),(911,'671808',42,'2015-09-01',8,30,1,'2018-10-01',NULL,1,1,'Bank 28 in Bar Area next to Table Games',2211,2801,'I51919688',1,'2023-03-29 08:12:33','2023-03-29 08:12:33'),(912,'671809',42,'2015-09-01',8,30,1,'2018-10-01',NULL,1,1,'Bank 28 in Bar Area next to Table Games',2212,2802,'I51919633',1,'2023-03-29 08:12:33','2023-03-29 08:12:33'),(913,'671811',42,'2015-09-01',8,30,1,'2018-10-01',NULL,1,1,'Bank 28 in Bar Area next to Table Games',2214,2804,'I51919727',1,'2023-03-29 08:12:33','2023-03-29 08:12:33'),(914,'671812',42,'2015-09-01',8,30,1,'2018-10-01',NULL,1,1,'Bank 28 in Bar Area next to Table Games',2215,2805,'I52021293',1,'2023-03-29 08:12:33','2023-03-29 08:12:33'),(915,'671813',42,'2015-09-01',8,30,1,'2018-10-01',NULL,1,1,'Bank 28 in Bar Area next to Table Games',2216,2806,'I51919977',1,'2023-03-29 08:12:33','2023-03-29 08:12:33'),(916,'671814',42,'2015-09-01',8,30,1,'2018-10-01',NULL,1,1,'Bank 28 in Bar Area next to Table Games',2217,2807,'I51920221',1,'2023-03-29 08:12:33','2023-03-29 08:12:33'),(917,'671815',42,'2015-09-01',8,30,1,'2018-10-01',NULL,1,1,'Bank 28 in Bar Area next to Table Games',2218,2808,'I51919691',1,'2023-03-29 08:12:33','2023-03-29 08:12:33'),(918,'671817',38,'2015-09-01',8,30,1,'2018-10-01',NULL,1,0,'Bank 34 near fountain in Bar Area',2262,3406,'0000195A8A22',1,'2023-03-29 08:12:33','2023-03-29 08:12:33'),(919,'671818',38,'2015-09-01',8,30,1,'2018-10-01',NULL,1,0,'Bank 34 near fountain in Bar Area',2261,3405,'0000195A1F5B',1,'2023-03-29 08:12:33','2023-03-29 08:12:33'),(920,'672770',52,'2015-09-01',10,30,1,'2018-10-08',NULL,1,1,'Bank 21 Smoking Hall Roulette Terminal',2168,2101,'I43980161',0,'2023-03-29 08:12:33','2023-03-29 08:12:33'),(921,'672771',52,'2015-09-01',10,30,1,'2018-10-08',NULL,1,1,'Bank 21 Smoking Hall Roulette Terminal',2169,2102,'I32268152',0,'2023-03-29 08:12:33','2023-03-29 08:12:33'),(922,'672772',52,'2015-09-01',10,30,1,'2018-10-08',NULL,1,1,'Bank 21 Smoking Hall Roulette Terminal',2170,2103,'I23244958',0,'2023-03-29 08:12:33','2023-03-29 08:12:33'),(923,'672773',52,'2015-09-01',10,30,1,'2018-10-08',NULL,1,1,'Bank 21 Smoking Hall Roulette Terminal',2171,2104,'I30960977',0,'2023-03-29 08:12:33','2023-03-29 08:12:33'),(924,'672774',52,'2015-09-01',10,30,1,'2018-10-08',NULL,1,1,'Bank 21 Smoking Hall Roulette Terminal',2172,2105,'I30660917',0,'2023-03-29 08:12:33','2023-03-29 08:12:33'),(925,'672775',52,'2015-09-01',10,30,1,'2018-10-08',NULL,1,1,'Bank 21 Smoking Hall Roulette Terminal',2173,2106,'I30961183',0,'2023-03-29 08:12:33','2023-03-29 08:12:33'),(926,'672776',52,'2015-09-01',10,30,1,'2018-10-08',NULL,1,1,'Bank 21 Smoking Hall Roulette Terminal',2174,2107,'I32268927',0,'2023-03-29 08:12:33','2023-03-29 08:12:33'),(927,'672777',52,'2007-09-01',10,30,1,'2018-10-08',NULL,1,1,'Bank 21 Smoking Hall Roulette Terminal',2175,2108,'I31565159',0,'2023-03-29 08:12:33','2023-03-29 08:12:33'),(928,'672778',52,'2015-09-01',10,30,1,'2018-10-08',NULL,1,1,'Bank 21 Smoking Hall Roulette Terminal',2176,2109,'I32571493',0,'2023-03-29 08:12:33','2023-03-29 08:12:33'),(929,'672779',52,'2015-09-01',10,30,1,'2018-10-08',NULL,1,1,'Bank 21 Smoking Hall Roulette Terminal',2177,2110,'I33778210',0,'2023-03-29 08:12:33','2023-03-29 08:12:33'),(930,'673541',9,'2015-09-01',8,30,1,'2018-10-01',NULL,0,0,'Bank 45 Near Table Games',2300,4501,'I51919662',1,'2023-03-29 08:12:33','2023-03-29 08:12:33'),(931,'673542',9,'2015-09-01',10,30,1,'2018-10-01',NULL,1,0,'Bank 45 far corner in Bar Area',2301,4502,'I51919622',1,'2023-03-29 08:12:33','2023-03-29 08:12:33'),(932,'673543',9,'2015-08-01',8,30,1,'2018-10-01',NULL,0,0,'Bank 46 next to Table Games',2302,4601,'I5191624',1,'2023-03-29 08:12:33','2023-03-29 08:12:33'),(933,'673544',9,'2015-09-01',10,30,1,'2018-10-01',NULL,0,0,'Bank 46 far corner in Bar Area',2303,4602,'I51919623',1,'2023-03-29 08:12:33','2023-03-29 08:12:33'),(934,'673545',9,'2015-09-01',8,30,1,'2018-10-01',NULL,0,0,'Bank 45 far corner in Bar Area',2178,4503,'I52021277',1,'2023-03-29 08:12:33','2023-03-29 08:12:33'),(935,'673546',9,'2015-09-01',10,30,1,'2018-10-01',NULL,1,0,'Bank 46 far corner in Bar Area',2179,4603,'I52021285',1,'2023-03-29 08:12:33','2023-03-29 08:12:33'),(936,'674106',49,'2015-10-01',10,30,1,'2018-10-01',NULL,1,0,'Bank 39 in hallway just past restrooms',2087,3902,'51016385',1,'2023-03-29 08:12:33','2023-03-29 08:12:33'),(937,'674113',11,'2015-10-01',10,30,1,'2018-10-01',NULL,1,0,'Bank 03 Hall before entering the smoking area ',2021,309,'0000195A8A6F',1,'2023-03-29 08:12:33','2023-03-29 08:12:33'),(938,'674114',11,'2015-10-01',10,30,1,'2018-10-03',NULL,1,0,'Bank 03 Hall before entering the smoking area ',2024,307,'000018edbf17',1,'2023-03-29 08:12:33','2023-03-29 08:12:33'),(939,'674115',11,'2015-10-01',10,30,1,'2018-10-03',NULL,1,0,'Bank 03 Hall before entering the smoking area ',2022,310,'0000195a19e3',1,'2023-03-29 08:12:33','2023-03-29 08:12:33'),(940,'674116',11,'2015-10-01',10,30,1,'2018-10-01',NULL,1,0,'Bank 03 Hall before entering the smoking area ',2023,308,'000018e83cf9',1,'2023-03-29 08:12:33','2023-03-29 08:12:33'),(941,'674117',11,'2015-10-01',10,30,1,'2018-10-05',NULL,1,0,'Bank 12 smoking Hall next to Black jack table ',2278,1205,'0000195a7c6b',0,'2023-03-29 08:12:33','2023-03-29 08:12:33'),(942,'674118',11,'2015-10-01',10,30,1,'2018-10-08',NULL,1,0,'Bank 17 Smoking Hall- next to Roulette Station ',2281,1702,'0000195aa6c3',0,'2023-03-29 08:12:33','2023-03-29 08:12:33'),(943,'674119',11,'2015-10-01',10,30,1,'2018-10-01',NULL,1,0,'Bank 03 Hall before entering the smoking area ',2003,303,'000018EDBDBB',1,'2023-03-29 08:12:33','2023-03-29 08:12:33'),(944,'674120',11,'2015-10-01',10,30,1,'2018-10-03',NULL,1,0,'Bank 05 Hall before entering the smoking area ',2004,306,'000018F0D706',1,'2023-03-29 08:12:33','2023-03-29 08:12:33'),(945,'674121',11,'2015-10-01',10,30,1,'2018-10-05',NULL,1,0,'Bank 13 smoking Hall next to Black jack table ',2279,1302,'000018edd27f',0,'2023-03-29 08:12:33','2023-03-29 08:12:33'),(946,'674122',11,'2015-10-01',10,30,1,'2018-10-05',NULL,1,0,'Bank 11 smoking Hall next to the black jack table',2228,1109,'000018ee4dba',0,'2023-03-29 08:12:33','2023-03-29 08:12:33'),(947,'674123',11,'2015-10-01',10,30,1,'2018-10-05',NULL,0,0,'Bank 12 smoking Hall next to the black jack table',2277,1204,'000018EDB233',0,'2023-03-29 08:12:33','2023-03-29 08:12:33'),(948,'674124',11,'2015-10-01',10,30,1,'2018-10-05',NULL,1,0,'Bank 12 smoking Hall next to Black jack table ',2161,1208,'00001959b234',0,'2023-03-29 08:12:33','2023-03-29 08:12:33'),(949,'674125',11,'2015-10-01',10,30,1,'2018-10-01',NULL,1,0,'Bank 29 in far corner of Bar Area',2219,2901,'00001959daaf',1,'2023-03-29 08:12:33','2023-03-29 08:12:33'),(950,'674126',11,'2015-10-01',10,30,1,'2018-10-01',NULL,1,0,'Bank 29 in far corner of Bar Area',2222,2904,'000018e749d9',1,'2023-03-29 08:12:33','2023-03-29 08:12:33'),(951,'674127',11,'2015-10-01',10,30,1,'2018-10-01',NULL,1,0,'Bank 29 in far corner of Bar Area',2224,2906,'00001959d2b8',1,'2023-03-29 08:12:33','2023-03-29 08:12:33'),(952,'674128',11,'2015-10-01',10,30,1,'2018-10-05',NULL,1,0,'Bank 13 smoking Hall next to Black jack table ',2225,1303,'000018e83c31',0,'2023-03-29 08:12:33','2023-03-29 08:12:33'),(953,'674129',11,'2015-10-01',10,30,1,'2018-10-05',NULL,1,0,'Bank 14 smoking Area next to Black jack table',2111,1405,'000018edd0d3',0,'2023-03-29 08:12:33','2023-03-29 08:12:33'),(954,'674130',11,'2015-10-01',10,30,1,'2018-10-05',NULL,1,0,'Bank 11 smoking Hall next to the black jack table',2115,1110,'000018edec96',0,'2023-03-29 08:12:33','2023-03-29 08:12:33'),(955,'674131',11,'2015-10-01',10,30,1,'2018-10-08',NULL,1,0,'Bank 17 Smoking Hall- next to Roulette Station ',2128,1703,'0000195aabb9',0,'2023-03-29 08:12:33','2023-03-29 08:12:33'),(956,'674132',11,'2015-10-01',10,30,1,'2018-10-08',NULL,1,0,'Bank 17 Smoking Hall- next to Roulette Station ',2129,1704,'000018edc8e8',0,'2023-03-29 08:12:33','2023-03-29 08:12:33'),(957,'674133',11,'2015-10-01',10,30,1,'2018-10-08',NULL,1,0,'Bank 18 Smoking Hall- next to Roulette Station ',2146,1811,'000018edca96',0,'2023-03-29 08:12:33','2023-03-29 08:12:33'),(958,'674134',11,'2015-10-01',10,30,1,'2018-10-08',NULL,1,0,'Bank 18 Smoking Hall- next to Roulette Station ',2147,1812,'000018eddc76',0,'2023-03-29 08:12:33','2023-03-29 08:12:33'),(959,'674135',11,'2015-10-01',10,30,1,'2018-10-05',NULL,1,0,'Bank 12 smoking Hall next to Black jack table ',2163,1207,'000018edeae0',0,'2023-03-29 08:12:33','2023-03-29 08:12:33'),(960,'674136',11,'2015-10-01',10,30,1,'2018-10-01',NULL,1,0,'Bank 29 in far corner of Bar Area',2221,2903,'000018ee85ab',1,'2023-03-29 08:12:33','2023-03-29 08:12:33'),(961,'674137',11,'2015-10-01',10,30,1,'2018-10-05',NULL,1,0,'Bank 12 smoking Hall next to Black jack table ',2165,1206,'000018e844d3',0,'2023-03-29 08:12:33','2023-03-29 08:12:33'),(962,'674138',11,'2015-10-01',10,30,1,'2018-10-01',NULL,0,0,'Bank 25 by smoking room',2193,2501,'000018EEA38C',1,'2023-03-29 08:12:33','2023-03-29 08:12:33'),(963,'674139',11,'2015-10-01',10,30,1,'2018-10-01',NULL,0,0,'Bank 25 by smoking room',2194,2502,'000018E84989',1,'2023-03-29 08:12:33','2023-03-29 08:12:33'),(964,'674140',11,'2015-10-01',10,30,1,'2018-10-01',NULL,1,0,'Bank 25 by smoking room',2195,2503,'00001A6D5FC9',1,'2023-03-29 08:12:33','2023-03-29 08:12:33'),(965,'674141',11,'2015-10-01',10,30,1,'2018-10-01',NULL,1,0,'Bank 25 by smoking room',2196,2504,'000018E83B64',1,'2023-03-29 08:12:33','2023-03-29 08:12:33'),(966,'674142',11,'2015-10-01',10,30,1,'2018-10-01',NULL,1,0,'Bank 25 by Smoking Room',2197,2505,'000018EE9FBC',1,'2023-03-29 08:12:33','2023-03-29 08:12:33'),(967,'674143',11,'2015-10-01',10,30,1,'2018-10-01',NULL,1,0,'Bank 25 by Smoking Room',2198,2506,'000018E73ED1',1,'2023-03-29 08:12:33','2023-03-29 08:12:33'),(968,'674144',11,'2015-10-01',10,30,1,'2018-10-08',NULL,1,0,'Bank 17 Smoking Hall- next to Roulette Station ',2131,1706,'000018E854D4',0,'2023-03-29 08:12:33','2023-03-29 08:12:33'),(969,'674145',11,'2015-10-01',10,30,1,'2018-10-08',NULL,1,0,'Bank 18 Smoking Hall- next to Roulette Station ',2144,1808,'000018e839d4',0,'2023-03-29 08:12:33','2023-03-29 08:12:33'),(970,'674146',11,'2015-10-01',10,30,1,'2018-10-08',NULL,1,0,'Bank 18 Smoking Hall- next to Roulette Station ',2145,1809,'000018e8429f',0,'2023-03-29 08:12:33','2023-03-29 08:12:33'),(971,'674147',11,'2015-10-10',10,30,1,'2018-10-05',NULL,1,0,'Bank 12 smoking Hall next to the black jack table',2164,1203,'000018e839f1',0,'2023-03-29 08:12:33','2023-03-29 08:12:33'),(972,'674148',11,'2015-10-01',10,30,1,'2018-10-03',NULL,1,0,'Bank 03 Hall before entering the smoking area ',2001,302,'000018ee4d9f',1,'2023-03-29 08:12:33','2023-03-29 08:12:33'),(973,'674149',11,'2015-10-01',10,30,1,'2018-10-03',NULL,1,0,'Bank 03 Hall before entering the smoking area ',2002,304,'000018edb046',1,'2023-03-29 08:12:33','2023-03-29 08:12:33'),(974,'674150',11,'2015-10-01',10,30,1,'2018-10-05',NULL,1,0,'Bank 14 smoking Area next to Black jack table',2110,1404,'0000195a05a8',0,'2023-03-29 08:12:33','2023-03-29 08:12:33'),(975,'674151',11,'2015-10-01',10,30,1,'2018-10-05',NULL,1,0,'Bank 11 smoking Hall next to the black jack table',2113,1106,'000018edcdcb',0,'2023-03-29 08:12:33','2023-03-29 08:12:33'),(976,'674152',11,'2015-10-01',10,30,1,'2018-10-05',NULL,1,0,'Bank 13 smoking Hall next to Black jack table ',2114,1301,'0000195a9397',0,'2023-03-29 08:12:33','2023-03-29 08:12:33'),(977,'674153',11,'2015-10-01',10,30,1,'2018-10-08',NULL,1,0,'Bank 17 Smoking Hall- next to Roulette Station ',2127,1701,'0000195a8389',0,'2023-03-29 08:12:33','2023-03-29 08:12:33'),(978,'674154',11,'2015-10-01',10,30,1,'2018-10-08',NULL,1,0,'Bank 18 Smoking Hall- next to Roulette Station ',2148,1813,'000018edd17f',0,'2023-03-29 08:12:33','2023-03-29 08:12:33'),(979,'674155',11,'2015-10-01',10,30,1,'2018-10-08',NULL,1,0,'Bank 18 Smoking Hall- next to Roulette Station ',2149,1814,'00001959B8D8',0,'2023-03-29 08:12:33','2023-03-29 08:12:33'),(980,'674156',11,'2015-10-01',10,30,1,'2018-10-05',NULL,1,0,'Bank 12 smoking Hall next to the black jack table',2160,1201,'000018edb6e1',0,'2023-03-29 08:12:33','2023-03-29 08:12:33'),(981,'674157',11,'2015-10-01',10,30,1,'2018-10-01',NULL,1,0,'Bank 29 in far corner of Bar Area',2220,2902,'00001959a713',1,'2023-03-29 08:12:33','2023-03-29 08:12:33'),(982,'674158',11,'2015-10-01',10,30,1,'2018-10-01',NULL,1,0,'Bank 29 in far corner of Bar Area',2223,2905,'000018ee48f4',1,'2023-03-29 08:12:33','2023-03-29 08:12:33'),(983,'674159',11,'2015-10-01',10,30,1,'2018-10-05',NULL,0,0,'Bank 11 smoking Hall next to the black jack table',2226,1108,'000018e74243',0,'2023-03-29 08:12:33','2023-03-29 08:12:33'),(984,'674160',11,'2015-10-01',10,30,1,'2018-10-05',NULL,1,0,'Bank 11 smoking Hall next to the black jack table',2227,1107,'000018ee6f5c',0,'2023-03-29 08:12:33','2023-03-29 08:12:33'),(985,'674161',11,'2015-10-01',10,30,1,'2018-10-08',NULL,1,0,'Bank 18 Smoking Hall- next to Roulette Station ',2280,1810,'000018ee5048',0,'2023-03-29 08:12:33','2023-03-29 08:12:33'),(986,'674162',11,'2015-10-01',10,30,1,'2018-10-05',NULL,1,0,'Bank 12 smoking Hall next to the black jack table',2162,1202,'00001959c451',0,'2023-03-29 08:12:33','2023-03-29 08:12:33'),(987,'674163',11,'2015-10-01',10,30,1,'2018-10-03',NULL,1,0,'Bank 03 Hall before entering the smoking area ',2005,301,'000018E825B3',1,'2023-03-29 08:12:33','2023-03-29 08:12:33'),(988,'674164',11,'2015-10-01',10,30,1,'2018-10-03',NULL,1,0,'Bank 03 Hall before entering the smoking area ',2006,305,'000018ee851f',1,'2023-03-29 08:12:33','2023-03-29 08:12:33'),(989,'674165',11,'2015-10-01',10,30,1,'2018-10-05',NULL,1,0,'Bank 14 smoking Area next to Black jack table',2112,1406,'000018ee8f63',0,'2023-03-29 08:12:33','2023-03-29 08:12:33'),(990,'674166',11,'2015-10-01',10,30,1,'2018-10-05',NULL,1,0,'Bank 13 smoking Hall next to black jack table',2116,1304,'00001959b2fc',0,'2023-03-29 08:12:33','2023-03-29 08:12:33'),(991,'674167',11,'2015-10-01',10,30,1,'2018-10-08',NULL,1,0,'Bank 17 Smoking Hall- next to Roulette Station ',2130,1705,'000018e842db',0,'2023-03-29 08:12:33','2023-03-29 08:12:33'),(992,'674168',11,'2015-10-01',10,30,1,'2018-10-08',NULL,1,0,'Bank 19 Smoking Hall- next to Roulette Station ',2154,1905,'000018EDB4A6',1,'2023-03-29 08:12:33','2023-03-29 08:12:33'),(993,'674169',11,'2015-10-01',10,30,1,'2018-10-08',NULL,1,0,'Bank 19 Smoking Hall- next to Roulette Station ',2155,1906,'000018edd38',0,'2023-03-29 08:12:33','2023-03-29 08:12:33'),(994,'674170',11,'2015-10-01',10,30,1,'2018-10-08',NULL,1,0,'Bank 19 Smoking Hall- next to Roulette Station ',2156,1907,'0000195a9978',0,'2023-03-29 08:12:33','2023-03-29 08:12:33'),(995,'674171',11,'2015-10-01',10,30,1,'2018-10-08',NULL,1,0,'Bank 19 Smoking Hall- next to Roulette Station \r\n',2157,1908,'00001959d13d',0,'2023-03-29 08:12:33','2023-03-29 08:12:33'),(996,'674172',11,'2015-10-01',10,30,1,'2018-10-08',NULL,1,0,'Bank 19 Smoking Hall- next to Roulette Station ',2167,1912,'00001959fee8',0,'2023-03-29 08:12:33','2023-03-29 08:12:33'),(997,'674173',11,'2015-10-01',10,30,1,'2018-10-08',NULL,1,0,'Bank 19 Smoking Hall- next to Roulette Station ',2152,1903,'00001959f149',0,'2023-03-29 08:12:33','2023-03-29 08:12:33'),(998,'674174',11,'2015-10-01',10,30,1,'2018-10-08',NULL,1,0,'Bank 19 Smoking Hall- next to Roulette Station ',2153,1904,'000018f0f3bd',0,'2023-03-29 08:12:33','2023-03-29 08:12:33'),(999,'674175',11,'2015-10-01',10,30,1,'2018-10-08',NULL,1,0,'Bank 19 Smoking Hall- next to Roulette Station ',2166,1911,'000018ee4ba0',0,'2023-03-29 08:12:33','2023-03-29 08:12:33'),(1000,'674176',11,'2015-10-01',10,30,1,'2018-10-08',NULL,1,0,'Bank 19 Smoking Hall- next to Roulette Station ',2150,1901,'000018e84c4f',0,'2023-03-29 08:12:33','2023-03-29 08:12:33'),(1001,'674177',11,'2015-10-01',10,30,1,'2018-10-08',NULL,1,0,'Bank 19 Smoking Hall- next to Roulette Station ',2151,1902,'000018E83FEA',0,'2023-03-29 08:12:33','2023-03-29 08:12:33'),(1002,'674178',11,'2015-10-01',10,30,1,'2018-10-08',NULL,1,0,'Bank 19 Smoking Hall- next to Roulette Station ',2158,1909,'000018e8565a',0,'2023-03-29 08:12:33','2023-03-29 08:12:33'),(1003,'674179',11,'2015-10-01',10,30,1,'2018-10-08',NULL,1,0,'Bank 19 Smoking Hall- next to Roulette Station ',2159,1910,'000018e8457e',0,'2023-03-29 08:12:33','2023-03-29 08:12:33'),(1004,'674185',49,'2015-10-01',10,30,1,'2018-10-01',NULL,1,0,'Bank 39 in hallway just past restrooms',2086,3901,'41904653',1,'2023-03-29 08:12:33','2023-03-29 08:12:33'),(1005,'674187',49,'2015-10-01',10,30,1,'2018-10-03',NULL,1,0,'Bank 50 VIP Room 2 of 2 machines',2088,5001,'51016438',1,'2023-03-29 08:12:33','2023-03-29 08:12:33'),(1006,'674188',49,'2015-10-01',10,30,1,'2018-10-05',NULL,1,0,'Bank 11 smoking Hall next to the black jack table',2089,1104,'I51015102',1,'2023-03-29 08:12:33','2023-03-29 08:12:33'),(1007,'674195',49,'2015-10-01',10,30,1,'2018-10-01',NULL,1,0,'Bank 44 in hallway just past restrooms',2092,4401,'51015183',1,'2023-03-29 08:12:33','2023-03-29 08:12:33'),(1008,'674196',49,'2015-10-01',10,30,1,'2018-10-01',NULL,1,0,'Bank 44 in hallway just past restrooms',2093,4402,'51016066',1,'2023-03-29 08:12:33','2023-03-29 08:12:33'),(1009,'674197',49,'2015-10-01',10,30,1,'2018-10-01',NULL,1,0,'Bank 44 in hallway just past restrooms',2094,4403,'51016132',1,'2023-03-29 08:12:33','2023-03-29 08:12:33'),(1010,'674198',49,'2015-10-01',10,30,1,'2018-10-01',NULL,1,0,'Bank 44 in hallway just past restrooms',2095,4404,'41904606',1,'2023-03-29 08:12:33','2023-03-29 08:12:33'),(1011,'674199',49,'2015-10-01',10,30,1,'2018-10-01',NULL,1,0,'Bank 44 in hallway just past restrooms',2096,4405,'42107596',1,'2023-03-29 08:12:33','2023-03-29 08:12:33'),(1012,'674202',49,'2015-10-01',10,30,1,'2018-10-01',NULL,1,0,'Bank 35 near fountain by restroom',2263,3501,'51016089',1,'2023-03-29 08:12:33','2023-03-29 08:12:33'),(1013,'674203',49,'2015-10-01',10,30,1,'2018-10-01',NULL,1,0,'Bank 35 near fountain by restroom',2264,3502,'51016087',1,'2023-03-29 08:12:33','2023-03-29 08:12:33'),(1014,'674204',49,'2015-10-01',10,30,1,'2018-10-01',NULL,1,0,'Bank 35 near fountain by restroom',2265,3503,'51015182',1,'2023-03-29 08:12:33','2023-03-29 08:12:33'),(1015,'674205',49,'2015-10-01',10,30,1,'2018-10-01',NULL,1,0,'Bank 35 near fountain by restroom',2266,3504,'51016070',1,'2023-03-29 08:12:33','2023-03-29 08:12:33'),(1016,'674206',49,'2015-10-01',10,30,1,'2018-10-01',NULL,1,0,'Bank 35 near fountain by restroom',2267,3505,'51216894',1,'2023-03-29 08:12:33','2023-03-29 08:12:33'),(1017,'674207',49,'2015-10-01',10,30,1,'2018-10-05',NULL,1,0,'Bank 11 smoking Hall next to the black jack table',2090,1105,'I51015133',1,'2023-03-29 08:12:33','2023-03-29 08:12:33'),(1018,'674208',49,'2015-10-01',10,30,1,'2018-10-05',NULL,1,0,'Bank 11 smoking Hall next to the black jack table',2099,1103,'I51016547',1,'2023-03-29 08:12:33','2023-03-29 08:12:33'),(1019,'674209',49,'2015-10-01',10,30,1,'2018-10-05',NULL,1,0,'Bank 11 smoking Hall next to the black jack table',2100,1102,'I51016094',1,'2023-03-29 08:12:33','2023-03-29 08:12:33'),(1020,'674210',49,'2015-10-01',10,30,1,'2018-10-03',NULL,1,0,'Bank 50 VIP Room 1 out of 2 machines ',2101,5002,'51015114',1,'2023-03-29 08:12:33','2023-03-29 08:12:33'),(1021,'674211',49,'2015-10-01',10,30,1,'2018-10-05',NULL,1,0,'Bank 11 smoking Hall next to the black jack table',2102,1101,'I51016404',1,'2023-03-29 08:12:33','2023-03-29 08:12:33'),(1022,'67810',42,'2015-09-01',8,30,1,'2018-10-01',NULL,1,1,'Bank 28 in Bar Area next to Table Games',2213,2803,'I51919983',1,'2023-03-29 08:12:33','2023-03-29 08:12:33'),(1023,'694531',12,'2016-06-01',10,31,1,'2016-06-01',NULL,1,0,'Small smoking area',9359,2605,'I60233654',1,'2023-03-29 08:12:33','2023-03-29 08:12:33'),(1024,'694532',12,'2016-06-01',10,31,1,'2016-06-01',NULL,1,0,'Small smoking area',9362,2608,'I60233672',1,'2023-03-29 08:12:33','2023-03-29 08:12:33'),(1025,'694533',12,'2016-06-01',10,31,1,'2016-06-01',NULL,1,0,'Small smoking area',9360,2606,'I60233662',1,'2023-03-29 08:12:33','2023-03-29 08:12:33'),(1026,'694534',12,'2016-06-01',10,31,1,'2016-06-01',NULL,1,0,'Small smoking area',9361,2607,'I60233671',1,'2023-03-29 08:12:33','2023-03-29 08:12:33'),(1027,'694535',12,'2016-06-01',10,31,1,'2016-06-01',NULL,1,0,'Small smoking area',9355,2601,'I60233655',1,'2023-03-29 08:12:33','2023-03-29 08:12:33'),(1028,'694536',12,'2006-06-01',10,31,1,'2006-06-01',NULL,0,0,'Small smoking area',9357,2603,'I60233653',1,'2023-03-29 08:12:33','2023-03-29 08:12:33'),(1029,'694537',12,'2016-06-01',10,31,1,'2016-06-01',NULL,1,0,'Small smoking area',9358,2604,'I602333650',1,'2023-03-29 08:12:33','2023-03-29 08:12:33'),(1030,'694538',12,'2016-06-01',10,31,1,'2016-06-01',NULL,1,0,'Small smoking area',9356,2602,'I60233651',1,'2023-03-29 08:12:33','2023-03-29 08:12:33'),(1031,'724799',69,'2017-04-01',10,37,1,'2018-11-12',NULL,1,0,'Smoking Area',3334,3513,'I70245965',1,'2023-03-29 08:12:33','2023-03-29 08:12:33'),(1032,'724800',69,'2017-04-01',8,37,1,'2018-10-17',NULL,1,0,'VIP Area',3335,7451,'DD2403643',1,'2023-03-29 08:12:33','2023-03-29 08:12:33'),(1033,'724801',69,'2017-04-01',8,37,1,'2018-10-17',NULL,1,0,'VIP Area',3336,7452,'I41905785',1,'2023-03-29 08:12:33','2023-03-29 08:12:33'),(1034,'724802',69,'2017-04-01',10,37,1,'2018-11-12',NULL,1,0,'Smoking Area',3333,3512,'I53326522',1,'2023-03-29 08:12:33','2023-03-29 08:12:33'),(1035,'725275',67,'2017-04-16',8,37,1,'2018-10-16',NULL,1,0,'Bank 73 In front of live casino and sports lounge',7307,7411,'I53327457',1,'2023-03-29 08:12:33','2023-03-29 08:12:33'),(1036,'725276',67,'2017-04-16',8,37,1,'2018-10-16',NULL,1,0,'Bank 73 In front of live casino and sports lounge',7308,7412,'I53326717',1,'2023-03-29 08:12:33','2023-03-29 08:12:33'),(1037,'725277',67,'2017-04-16',8,37,1,'2018-10-16',NULL,0,0,'Bank 73 In front of live casino and sports lounge',7309,7413,'I51819332',1,'2023-03-29 08:12:33','2023-03-29 08:12:33'),(1038,'725278',67,'2017-04-16',8,37,1,'2018-10-16',NULL,1,0,'Bank 73 In front of live casino and sports lounge',7310,7414,'I52423879',1,'2023-03-29 08:12:33','2023-03-29 08:12:33'),(1039,'725279',67,'2017-04-16',8,37,1,'2018-10-16',NULL,1,0,'Bank 73 In front of live casino and sports lounge',7303,7407,'I51819334',1,'2023-03-29 08:12:33','2023-03-29 08:12:33'),(1040,'725280',67,'2017-04-16',8,37,1,'2018-10-16',NULL,1,0,'Bank 73 In front of live casino and sports lounge',7304,7408,'DD2403613',1,'2023-03-29 08:12:33','2023-03-29 08:12:33'),(1041,'725281',67,'2017-04-16',10,37,1,'2018-10-16',NULL,1,0,'Bank 73 In front of live casino and sports lounge',7305,7409,'I52422572',1,'2023-03-29 08:12:33','2023-03-29 08:12:33'),(1042,'725282',67,'2017-04-16',8,37,1,'2018-10-16',NULL,1,0,'Bank 73 In front of live casino and sports lounge',7306,7410,'I45114444',1,'2023-03-29 08:12:33','2023-03-29 08:12:33'),(1043,'726490',49,'2017-04-01',10,37,1,'2018-11-13',NULL,1,0,'Smoking Area',3340,3511,'I40701940',1,'2023-03-29 08:12:33','2023-03-29 08:12:33'),(1044,'726491',49,'2017-04-01',10,37,1,'2018-11-13',NULL,1,0,'Smoking Area',3338,3509,'I54832575',1,'2023-03-29 08:12:33','2023-03-29 08:12:33'),(1045,'726492',49,'2017-04-01',10,37,1,'2018-11-13',NULL,1,0,'Smoking Area',3339,3510,'I61538521',1,'2023-03-29 08:12:33','2023-03-29 08:12:33'),(1046,'726493',49,'2017-04-01',10,37,1,'2018-11-13',NULL,1,0,'Smoking Area',3337,3508,'DC3600038',1,'2023-03-29 08:12:33','2023-03-29 08:12:33'),(1047,'748543',36,'2008-01-01',10,36,1,'2018-12-07',NULL,1,0,'',94,94,'000019BC08E4',1,'2023-03-29 08:12:33','2023-03-29 08:12:33'),(1048,'748544',104,'2018-01-01',10,36,1,'2018-12-03',NULL,1,0,'-',6,7905,'000019BC23CE',1,'2023-03-29 08:12:33','2023-03-29 08:12:33'),(1049,'748545',104,'2018-01-01',10,36,1,'2018-12-03',NULL,1,0,'-',5,7904,'000019BB758E',1,'2023-03-29 08:12:33','2023-03-29 08:12:33'),(1050,'748546',104,'2018-01-01',10,36,1,'2018-12-03',NULL,1,0,'-',6,7905,'000019BB4E48',1,'2023-03-29 08:12:33','2023-03-29 08:12:33'),(1051,'798542',36,'2008-01-01',10,36,1,'2018-12-07',NULL,1,0,'',93,93,'000019BB2FAB',1,'2023-03-29 08:12:33','2023-03-29 08:12:33'),(1052,'8029222',63,'2015-12-18',8,37,1,'2018-10-18',NULL,1,0,'Bank 73 near sports terminal ',7266,7366,'ES5230861050',1,'2023-03-29 08:12:33','2023-03-29 08:12:33'),(1053,'8029454',63,'2015-12-18',8,37,1,'2018-10-18',NULL,1,0,'Bank73 near sports terminal',7259,7365,'ES5230861437',1,'2023-03-29 08:12:33','2023-03-29 08:12:33'),(1054,'80332',65,'2018-05-01',8,37,1,'2018-11-07',NULL,1,0,'Non Smoking area next to poker table',3355,3542,'1716E3-0042',1,'2023-03-29 08:12:33','2023-03-29 08:12:33'),(1055,'80333',65,'2018-05-01',8,37,1,'2018-11-07',NULL,1,0,'Non Smoking area next to poker table',3353,3540,'1716E3-0137',1,'2023-03-29 08:12:33','2023-03-29 08:12:33'),(1056,'80334',65,'2018-05-01',8,37,1,'2018-11-07',NULL,1,0,'Non Smoking area next to poker table',3356,3543,'1716E3-0192',1,'2023-03-29 08:12:33','2023-03-29 08:12:33'),(1057,'80335',65,'2018-05-01',8,37,1,'2018-11-07',NULL,1,0,'Non Smoking area next to poker table',3351,3538,'1619ED-0093',1,'2023-03-29 08:12:33','2023-03-29 08:12:33'),(1058,'80336',65,'2018-05-01',8,37,1,'2018-11-07',NULL,1,0,'Non Smoking area next to poker table',3354,3541,'1704E3-0808',1,'2023-03-29 08:12:33','2023-03-29 08:12:33'),(1059,'80337',65,'2018-05-01',8,37,1,'2018-11-07',NULL,1,0,'Non Smoking area next to poker table',3352,3539,'1716E3-0184',1,'2023-03-29 08:12:33','2023-03-29 08:12:33'),(1060,'80338',65,'2018-05-16',8,37,1,'2018-10-16',NULL,1,0,'Bank 74 Smoking Area',7342,7458,'1704E3-0427',1,'2023-03-29 08:12:33','2023-03-29 08:12:33'),(1061,'80339',65,'2018-05-16',8,37,1,'2018-10-16',NULL,1,0,'Bank 74 Smoking Area',7341,7457,'1704E30452',1,'2023-03-29 08:12:33','2023-03-29 08:12:33'),(1062,'80340',65,'2018-05-16',8,37,1,'2018-10-16',NULL,1,0,'Bank 74 Smoking Area',7337,7453,'1704E3-0305',1,'2023-03-29 08:12:33','2023-03-29 08:12:33'),(1063,'80341',65,'2018-05-16',8,37,1,'2018-10-16',NULL,1,0,'Bank 74 Smoking Area',7339,7455,'1716E30051',1,'2023-03-29 08:12:33','2023-03-29 08:12:33'),(1064,'80342',65,'2018-05-16',8,37,1,'2018-10-16',NULL,1,0,'Bank 74 Smoking Area',7338,7454,'1704E3-0629',1,'2023-03-29 08:12:33','2023-03-29 08:12:33'),(1065,'80343',65,'2018-05-16',8,37,1,'2018-10-16',NULL,1,0,'Bank 74 Smoking Area',7340,7456,'1716E3-0128',1,'2023-03-29 08:12:33','2023-03-29 08:12:33'),(1066,'9134142375',90,'2016-06-01',10,31,1,'2018-11-05',NULL,1,0,'Second Smoking Hall',9391,2801,'1619A09493',1,'2023-03-29 08:12:33','2023-03-29 08:12:33'),(1067,'9134142376',89,'2016-06-01',10,31,1,'2018-11-05',NULL,1,0,'Second Smoking Hall',9392,2802,'1619A09573',1,'2023-03-29 08:12:33','2023-03-29 08:12:33'),(1068,'9134142377',89,'2016-06-01',10,31,1,'2018-11-05',NULL,1,0,'Second Smoking Hall',9393,2803,'1619A09575',1,'2023-03-29 08:12:33','2023-03-29 08:12:33'),(1069,'9134142378',89,'2018-11-05',10,31,1,'2018-11-05',NULL,1,0,'Second Smoking Hall',9394,2804,'1619A09492',1,'2023-03-29 08:12:33','2023-03-29 08:12:33'),(1070,'9134142379',89,'2016-06-01',10,31,1,'2018-11-05',NULL,1,0,'Second Smoking Hall',9395,2805,'1619A09581',1,'2023-03-29 08:12:33','2023-03-29 08:12:33'),(1071,'9134142380',89,'2016-06-01',10,31,1,'2018-11-05',NULL,1,0,'Second Smoking Hall',9396,2806,'1619A09479',1,'2023-03-29 08:12:33','2023-03-29 08:12:33'),(1072,'9134142381',90,'2016-06-01',10,31,1,'2018-11-05',NULL,1,0,'Second Smoking Hall',9397,2807,'1619A09578',1,'2023-03-29 08:12:33','2023-03-29 08:12:33'),(1073,'9134142382',89,'2016-06-01',10,31,1,'2018-11-05',NULL,1,0,'Second Smoking Hall',9398,2808,'1619A09576',1,'2023-03-29 08:12:33','2023-03-29 08:12:33'),(1074,'9134142384',89,'2016-06-01',10,31,1,'2018-11-05',NULL,1,0,'Second Smoking Hall',9402,2812,'1619A09574',1,'2023-03-29 08:12:33','2023-03-29 08:12:33'),(1075,'9134142385',89,'2016-06-01',10,31,1,'2018-11-05',NULL,1,0,'Second Smoking Hall',9403,2183,'1619A09494',1,'2023-03-29 08:12:33','2023-03-29 08:12:33'),(1076,'9134142386',89,'2016-06-01',10,31,1,'2018-11-05',NULL,1,0,'Second Smoking hall ',9404,2814,'1619A09490',1,'2023-03-29 08:12:33','2023-03-29 08:12:33'),(1077,'9134142387',89,'2016-06-01',10,31,1,'2018-11-05',NULL,1,0,'Second smoking hall',9401,2811,'1619A0252',1,'2023-03-29 08:12:33','2023-03-29 08:12:33'),(1078,'9134142388',89,'2016-06-01',10,31,1,'2018-11-05',NULL,1,0,'Second Smoking Hall',9400,2810,'1619A09483',1,'2023-03-29 08:12:33','2023-03-29 08:12:33'),(1079,'9134142389',89,'2016-06-01',10,31,1,'2018-11-05',NULL,1,0,'Second Smoking Hall',9399,2809,'1619A09582',1,'2023-03-29 08:12:33','2023-03-29 08:12:33'),(1080,'9999',9,'2022-02-01',8,30,1,'2022-02-01',NULL,0,0,'',9999,9999,'9999',0,'2023-03-29 08:12:33','2023-03-29 08:12:33'),(1081,'ARC002558',78,'2015-11-01',10,31,1,'2015-11-01',NULL,0,0,'Far right side of smoking area',9415,2423,'ES5230862492',1,'2023-03-29 08:12:33','2023-03-29 08:12:33'),(1082,'ARC002559',78,'2015-11-01',10,31,1,'2015-11-01',NULL,0,0,'Far right side of smoking area',9416,2424,'ES5230862368',1,'2023-03-29 08:12:33','2023-03-29 08:12:33'),(1083,'ARC111070',78,'2016-01-01',10,31,1,'2016-01-01',NULL,0,0,'Far right side of smoking area',9414,2422,'ES5390917292',1,'2023-03-29 08:12:33','2023-03-29 08:12:33'),(1084,'ARC111074',78,'2016-01-01',10,31,1,'2016-01-01',NULL,0,0,'Far right side of smoking area',9413,2421,'ES5230861199',1,'2023-03-29 08:12:33','2023-03-29 08:12:33'),(1085,'B150940430',41,'2015-09-01',10,30,1,'2018-10-01',NULL,0,0,'Bank 33 Corner of Bar Area',3304,3304,'003',1,'2023-03-29 08:12:33','2023-03-29 08:12:33'),(1086,'B150940431',41,'2015-09-01',10,30,1,'2018-10-01',NULL,1,0,'Corner of Bar Area',2185,3306,'001',1,'2023-03-29 08:12:33','2023-03-29 08:12:33'),(1087,'B150940432',41,'2015-09-01',10,30,1,'2018-10-01',NULL,1,0,'Corner of Bar Area',2184,3305,'002',1,'2023-03-29 08:12:33','2023-03-29 08:12:33'),(1088,'B150940433',50,'2015-09-01',8,30,1,'2018-10-02',NULL,1,0,'Bank 24 In front the VIP door',2189,2403,'013',0,'2023-03-29 08:12:33','2023-03-29 08:12:33'),(1089,'B150940434',50,'2015-09-01',8,30,1,'2018-10-02',NULL,1,0,'Bank 24 In front of the VIP Entrance',2190,2402,'012',0,'2023-03-29 08:12:33','2023-03-29 08:12:33'),(1090,'B150942281',50,'2015-09-01',10,30,1,'2018-10-05',NULL,0,0,'Bank 15 smoking Area next to Black jack table',2199,1501,'004',0,'2023-03-29 08:12:33','2023-03-29 08:12:33'),(1091,'B150942282',50,'2015-09-01',8,30,1,'2018-10-05',NULL,0,0,'Bank 15 Smoking Hall next to the black jack table ',2200,1503,'006',0,'2023-03-29 08:12:33','2023-03-29 08:12:33'),(1092,'B150942283',50,'2015-09-01',8,30,1,'2018-10-05',NULL,0,0,'Bank 15 smoking Area next to BOV ATM',2201,1505,'008',0,'2023-03-29 08:12:33','2023-03-29 08:12:33'),(1093,'B150942284',50,'2015-09-01',8,30,1,'2018-10-05',NULL,0,0,'Bank 15 smoking Area next to BOV ATM',2202,1507,'010',0,'2023-03-29 08:12:33','2023-03-29 08:12:33'),(1094,'B150942285',50,'2015-09-01',8,30,1,'2018-10-05',NULL,0,0,'Bank 15 smoking Area next to Black jack table',2203,1502,'005',0,'2023-03-29 08:12:33','2023-03-29 08:12:33'),(1095,'B150942286',50,'2015-09-01',8,30,1,'2018-10-05',NULL,0,0,'Bank 15 smoking Hall next to Black jack table ',2204,1504,'007',0,'2023-03-29 08:12:33','2023-03-29 08:12:33'),(1096,'B150942287',50,'2015-09-01',8,30,1,'2018-10-05',NULL,0,0,'Bank 15 smoking Area next to BOV ATM',2205,1506,'009',0,'2023-03-29 08:12:33','2023-03-29 08:12:33'),(1097,'B150942288',50,'2015-09-01',8,30,1,'2018-10-05',NULL,0,0,'Bank 15 smoking Hall next to the Bov ATM',2206,1508,'011',0,'2023-03-29 08:12:33','2023-03-29 08:12:33'),(1098,'DX101370V',55,'2011-01-01',10,37,1,'2018-11-12',NULL,1,0,'Smoking Area',3275,3428,'EAL0440402331',1,'2023-03-29 08:12:33','2023-03-29 08:12:33'),(1099,'DX104537V',55,'2011-07-01',10,37,1,'2018-10-15',NULL,1,0,'Smoking Hall bank 73',7223,7313,'EAL6261207245',0,'2023-03-29 08:12:33','2023-03-29 08:12:33'),(1100,'DX105251V',55,'2011-07-01',10,37,1,'2018-11-12',NULL,1,0,'Smoking Area',3220,3373,'EAL1030419085',1,'2023-03-29 08:12:33','2023-03-29 08:12:33'),(1101,'DX105258V',55,'2011-07-01',10,37,1,'2018-10-15',NULL,1,0,'Smoking Hall bank 73',3219,7328,'EAL4400885586',0,'2023-03-29 08:12:33','2023-03-29 08:12:33'),(1102,'DX105281V',55,'2011-07-01',10,37,1,'2018-11-12',NULL,1,0,'Smoking Area',3277,3430,'EAL1180442576',1,'2023-03-29 08:12:33','2023-03-29 08:12:33'),(1103,'DX105285V',55,'2011-07-01',10,37,1,'2018-11-12',NULL,1,0,'Smoking Area',3221,3374,'EAL1180442648',1,'2023-03-29 08:12:33','2023-03-29 08:12:33'),(1104,'DX105312V',55,'2011-07-01',10,37,1,'2018-10-15',NULL,1,0,'Smoking Hall bank 73',3218,7327,'EAL1230449215',0,'2023-03-29 08:12:33','2023-03-29 08:12:33'),(1105,'DX106224V',55,'2011-09-01',10,37,1,'2018-11-12',NULL,1,0,'Smoking Area',3279,3426,'EAL1320462636',1,'2023-03-29 08:12:33','2023-03-29 08:12:33'),(1106,'DX106225V',55,'2011-09-01',10,37,1,'2018-10-18',NULL,1,0,'Next to the sports lounge',7222,7312,'579266113105284',1,'2023-03-29 08:12:33','2023-03-29 08:12:33'),(1107,'DX106244V',55,'2011-09-01',10,37,1,'2018-10-18',NULL,1,0,'Next to the sports lounge',7218,7308,'579266113105180',1,'2023-03-29 08:12:33','2023-03-29 08:12:33'),(1108,'DX107934V',55,'2012-01-01',10,37,1,'2018-10-18',NULL,1,0,'Next to the sports lounge',7221,7311,'579266114201639',1,'2023-03-29 08:12:33','2023-03-29 08:12:33'),(1109,'DX107994V',55,'2011-07-01',10,37,1,'2018-10-15',NULL,1,0,'Smoking Hall bank 73',7220,7310,'EAL6261207296',0,'2023-03-29 08:12:33','2023-03-29 08:12:33'),(1110,'DX109137V',55,'2012-05-01',10,37,1,'2018-11-12',NULL,1,0,'Smoking Area',3276,3429,'EAL2180553485',1,'2023-03-29 08:12:33','2023-03-29 08:12:33'),(1111,'DX109160V',55,'2012-05-01',10,37,1,'2018-11-12',NULL,1,0,'Smoking Area',3274,3427,'EAL4190824937',1,'2023-03-29 08:12:33','2023-03-29 08:12:33'),(1112,'DX109170V',55,'2012-05-01',10,37,1,'2018-11-12',NULL,1,0,'Smoking Area',3278,3431,'EAL2170551147',1,'2023-03-29 08:12:33','2023-03-29 08:12:33'),(1113,'DX11025V',55,'2013-07-01',10,31,1,'2013-07-01',NULL,0,0,'Outside small smoking area door',9306,2105,'EAL3080673448',1,'2023-03-29 08:12:33','2023-03-29 08:12:33'),(1114,'DX115036V',55,'2013-07-01',10,31,1,'2013-07-01',NULL,1,0,'Outside smoking area wall by cashier',9313,4304,'EAL3110657964',1,'2023-03-29 08:12:33','2023-03-29 08:12:33'),(1115,'DX115038V',55,'2013-11-01',10,31,1,'2013-11-01',NULL,1,0,'Outside wall of smoking area',9311,4302,'EAL3010662976',1,'2023-03-29 08:12:33','2023-03-29 08:12:33'),(1116,'DX115083V',55,'2013-07-01',10,31,1,'2013-07-01',NULL,0,0,'Outside smoking area wall by cashier',9314,4305,'EAL3010663302',1,'2023-03-29 08:12:33','2023-03-29 08:12:33'),(1117,'DX115431V',55,'2013-07-01',10,31,1,'2013-07-01',NULL,0,0,'High Limit room',9303,2102,'EAL327074297',1,'2023-03-29 08:12:33','2023-03-29 08:12:33'),(1118,'DX117090V',55,'2013-07-01',10,31,1,'2013-07-01',NULL,0,0,'Outside small smoking area door',9308,2107,'EAL3380726803',1,'2023-03-29 08:12:33','2023-03-29 08:12:33'),(1119,'DX117096V',55,'2013-07-01',10,31,1,'2013-07-01',NULL,0,0,'Outside small smoking area door',9309,2108,'EAL3380726435',1,'2023-03-29 08:12:33','2023-03-29 08:12:33'),(1120,'DX117118V',55,'2013-11-01',10,31,1,'2013-11-01',NULL,0,0,'Outside wall of smoking area',9310,4301,'EAL3380726398',1,'2023-03-29 08:12:33','2023-03-29 08:12:33'),(1121,'DX117122V',55,'2013-11-01',10,31,1,'2013-11-01',NULL,0,0,'High Limit room',9305,2104,'EAL3380726562',1,'2023-03-29 08:12:33','2023-03-29 08:12:33'),(1122,'DX117125V',55,'2013-07-01',10,31,1,'2013-07-01',NULL,0,0,'High Limit room',9304,2103,'EAL3380726743',1,'2023-03-29 08:12:33','2023-03-29 08:12:33'),(1123,'DX117129V',55,'2013-11-01',10,31,1,'2013-11-01',NULL,0,0,'Outside wall of smoking area',9312,4303,'EAL3380726735',1,'2023-03-29 08:12:33','2023-03-29 08:12:33'),(1124,'DX155055V',55,'2013-07-01',10,31,1,'2013-07-01',NULL,0,0,'High Limit Room',9302,2101,'EAL3110657970',1,'2023-03-29 08:12:33','2023-03-29 08:12:33'),(1125,'DX48849V',75,'2004-12-01',10,37,1,'2018-11-12',NULL,1,0,'Stores',3148,3179,'1545851',1,'2023-03-29 08:12:33','2023-03-29 08:12:33'),(1126,'DX48934V',75,'2004-12-01',10,37,1,'2018-11-12',NULL,1,0,'Stores',3163,3181,'1655719',1,'2023-03-29 08:12:33','2023-03-29 08:12:33'),(1127,'DX55060V',43,'2005-08-01',10,37,1,'2018-10-18',NULL,0,0,'Smoking Hall',7091,7017,'PCB 0801-410540',1,'2023-03-29 08:12:33','2023-03-29 08:12:33'),(1128,'DX55064V',75,'2005-08-01',10,37,1,'2018-11-12',NULL,1,0,'Stores',3030,3275,'1654535',1,'2023-03-29 08:12:33','2023-03-29 08:12:33'),(1129,'DX55074V',75,'2005-08-01',10,37,1,'2018-11-12',NULL,1,0,'Stores',7093,3488,'1654592',1,'2023-03-29 08:12:33','2023-03-29 08:12:33'),(1130,'DX63943V',75,'2006-10-01',10,37,1,'2018-11-12',NULL,1,0,'Smoking Area',3173,3214,'1654585',1,'2023-03-29 08:12:33','2023-03-29 08:12:33'),(1131,'DX63949V',75,'2006-10-01',10,37,1,'2018-11-12',NULL,1,0,'Smoking Area',3174,3212,'ES7010264224',1,'2023-03-29 08:12:33','2023-03-29 08:12:33'),(1132,'DX63954V',75,'2006-10-01',10,37,1,'2018-11-12',NULL,1,0,'Smoking Area',3048,3217,'ES7010264293',1,'2023-03-29 08:12:33','2023-03-29 08:12:33'),(1133,'DX63956V',75,'2006-10-01',10,37,1,'2018-11-12',NULL,1,0,'Stores',3052,3211,'1654666',1,'2023-03-29 08:12:33','2023-03-29 08:12:33'),(1134,'DX63985V',75,'2006-10-01',10,37,1,'2018-11-12',NULL,1,0,'Smoking Area',3046,3215,'ES7170303824',1,'2023-03-29 08:12:33','2023-03-29 08:12:33'),(1135,'DX63991V',75,'2006-10-01',10,37,1,'2018-11-12',NULL,1,0,'Smoking Area',3172,3213,'ES7010264218',1,'2023-03-29 08:12:33','2023-03-29 08:12:33'),(1136,'DX64000V',75,'2006-10-01',10,37,1,'2018-11-12',NULL,1,0,'Stores',3045,3210,'ES7010264222',1,'2023-03-29 08:12:33','2023-03-29 08:12:33'),(1137,'DX79262V',75,'2007-07-01',10,37,1,'2018-11-12',NULL,1,0,'Smoking Area',3050,3245,'ES7290349632',1,'2023-03-29 08:12:33','2023-03-29 08:12:33'),(1138,'DX99586V',74,'2010-10-01',10,37,1,'2018-10-01',NULL,1,0,'Next to the sports lounge',7219,7309,'579266103901160',1,'2023-03-29 08:12:33','2023-03-29 08:12:33'),(1139,'G40510000322',90,'2010-01-01',8,37,1,'2018-11-19',NULL,1,1,'Smoking Area',3009,3292,'PW0808618009',1,'2023-03-29 08:12:33','2023-03-29 08:12:33'),(1140,'G40510000323',90,'1111-01-01',8,37,1,'2018-11-13',NULL,1,0,'Smoking Area',3008,3293,'PW0808618010',1,'2023-03-29 08:12:33','2023-03-29 08:12:33'),(1141,'G40510000324',90,'1111-01-01',8,37,1,'2018-11-13',NULL,1,0,'Smoking Area',3007,3294,'PW0808618008',1,'2023-03-29 08:12:33','2023-03-29 08:12:33'),(1142,'G40510000325',90,'1111-01-01',8,37,1,'2018-11-13',NULL,1,0,'Smoking Area',3006,3295,'PW0808618004',1,'2023-03-29 08:12:33','2023-03-29 08:12:33'),(1143,'G40510000326',90,'2010-01-01',8,37,1,'2018-11-19',NULL,1,1,'Smoking Area',3005,3296,'PW0808618002',1,'2023-03-29 08:12:33','2023-03-29 08:12:33'),(1144,'G40510000327',90,'2010-01-01',8,37,1,'2018-11-19',NULL,1,1,'Smoking Area',3004,3297,'PW0808618001',1,'2023-03-29 08:12:33','2023-03-29 08:12:33'),(1145,'G40510000328',90,'1111-01-01',8,37,1,'2018-11-13',NULL,1,0,'Smoking Area',3003,3298,'PW0808618006',1,'2023-03-29 08:12:33','2023-03-29 08:12:33'),(1146,'G40510000329',90,'1111-01-01',10,37,1,'2018-11-13',NULL,1,0,'Smoking Area',3002,3299,'PW0808618005',1,'2023-03-29 08:12:33','2023-03-29 08:12:33'),(1147,'G40510000330',90,'1111-01-01',8,37,1,'2018-11-13',NULL,1,0,'Smoking Area',3001,3300,'PW0808618003',1,'2023-03-29 08:12:33','2023-03-29 08:12:33'),(1148,'G40510000331',90,'1111-01-01',8,37,1,'2018-11-13',NULL,1,0,'Smoking Area',3000,3301,'PW0808618007',1,'2023-03-29 08:12:33','2023-03-29 08:12:33'),(1149,'GE0071595',30,'2014-08-01',10,31,1,'2014-08-01',NULL,1,0,'Outside High Limit area',9418,7003,'1406',1,'2023-03-29 08:12:33','2023-03-29 08:12:33'),(1150,'H3u8021662',43,'2015-10-01',10,31,1,'2015-10-01',NULL,0,0,'Center of floor by bar',9383,2021,'ES5270886009',1,'2023-03-29 08:12:33','2023-03-29 08:12:33'),(1151,'HSX8029768',63,'2015-10-01',8,31,1,'2015-10-01',NULL,0,0,'Smoking room',9411,5227,'ES5390916979',1,'2023-03-29 08:12:33','2023-03-29 08:12:33'),(1152,'HSX8029772',63,'2015-10-01',8,31,1,'2015-10-01',NULL,0,0,'Smoking room',9405,5221,'ES5470933993',1,'2023-03-29 08:12:33','2023-03-29 08:12:33'),(1153,'HSX8029779',63,'2015-10-01',8,31,1,'2015-10-01',NULL,0,0,'Smoking room',9407,5223,'ES5390917673',1,'2023-03-29 08:12:33','2023-03-29 08:12:33'),(1154,'HSX8029860',63,'2015-10-01',8,31,1,'2015-10-01',NULL,0,0,'Smoking room',9409,5225,'ES5470932967',1,'2023-03-29 08:12:33','2023-03-29 08:12:33'),(1155,'HSX8029868',63,'2015-10-01',8,31,1,'2015-10-01',NULL,0,0,'Smoking room',9406,5222,'ES5390918379',1,'2023-03-29 08:12:33','2023-03-29 08:12:33'),(1156,'HSX8029870',63,'2015-10-01',8,31,1,'2015-10-01',NULL,0,0,'Smoking room',9410,5226,'ES5390916995',1,'2023-03-29 08:12:33','2023-03-29 08:12:33'),(1157,'HSX8029885',63,'2015-10-01',8,31,1,'2015-10-01',NULL,0,0,'Smoking room',9408,5224,'ES5390917137',1,'2023-03-29 08:12:33','2023-03-29 08:12:33'),(1158,'HSX8029896',63,'2015-10-01',8,31,1,'2015-10-01',NULL,0,0,'Smoking room',9412,5228,'ES5470932739',1,'2023-03-29 08:12:33','2023-03-29 08:12:33'),(1159,'HXS8029220',63,'2015-08-01',8,37,1,'2018-10-15',NULL,1,0,'Smoking Hall bank 73',7263,7360,'ES5230861056',0,'2023-03-29 08:12:33','2023-03-29 08:12:33'),(1160,'HXS8029230',63,'2015-12-18',8,37,1,'2018-10-18',NULL,1,0,'Bank 73 next to Sports Terminal',7262,7361,'ES5230860915',1,'2023-03-29 08:12:33','2023-03-29 08:12:33'),(1161,'HXS8029231',63,'2015-08-01',8,37,1,'2018-10-15',NULL,1,0,'Smoking Hall bank 73',7265,7363,'ES5230860849',0,'2023-03-29 08:12:33','2023-03-29 08:12:33'),(1162,'HXS8029235',63,'2015-10-01',8,37,1,'2018-10-15',NULL,1,0,'Smoking Hall bank 73',7264,7359,'ES5230860804',0,'2023-03-29 08:12:33','2023-03-29 08:12:33'),(1163,'HXS8029252',63,'2015-12-18',8,37,1,'2018-10-18',NULL,1,0,'Bank73 near sports terminal',7261,7362,'ES5050807263-',1,'2023-03-29 08:12:33','2023-03-29 08:12:33'),(1164,'HXS8029449',63,'2015-12-01',8,37,1,'2018-10-15',NULL,0,0,'Smoking Hall bank 73',7260,7364,'ES5230860971',0,'2023-03-29 08:12:33','2023-03-29 08:12:33'),(1165,'HXU8008194',43,'2015-06-01',10,30,1,'2018-10-08',NULL,1,0,'Bank 08 - smoking area - next to Roulette table',2234,706,'ES5160845169',0,'2023-03-29 08:12:33','2023-03-29 08:12:33'),(1166,'HXU8008195',43,'2015-06-03',10,30,1,'2018-10-03',NULL,1,0,'Bank 04 Hall before entering the smoking area ',2009,403,'ES160845168',1,'2023-03-29 08:12:33','2023-03-29 08:12:33'),(1167,'HXU8008197',43,'2015-10-01',10,31,1,'2015-10-01',NULL,0,0,'HXU8008197',9384,2022,'ES5390916436',1,'2023-03-29 08:12:33','2023-03-29 08:12:33'),(1168,'HXU8008200',43,'2015-06-01',10,30,1,'2018-10-05',NULL,0,0,'Bank 13 smoking Hall next to Black jack table ',2106,1308,'ES5160845141',0,'2023-03-29 08:12:33','2023-03-29 08:12:33'),(1169,'HXU8008208',43,'2015-10-01',10,31,1,'2015-10-01',NULL,0,0,'Center of floor by bar',9388,2026,'ES6401064531',1,'2023-03-29 08:12:33','2023-03-29 08:12:33'),(1170,'HXU8008218',43,'2015-06-01',10,30,1,'2018-10-01',NULL,0,0,'Bank 30 in far corner of Bar Area',2254,3001,'ES5150839956',1,'2023-03-29 08:12:33','2023-03-29 08:12:33'),(1171,'HXU8008219',43,'2015-10-01',10,31,1,'2015-10-01',NULL,0,0,'Center of floor by bar',9385,2023,'ES5470933234',1,'2023-03-29 08:12:33','2023-03-29 08:12:33'),(1172,'HXU8008221',43,'2015-06-01',10,30,1,'2018-10-02',NULL,0,0,'Bank 13 smoking Hall next to Black jack table ',2104,1306,'ES5160845157',0,'2023-03-29 08:12:33','2023-03-29 08:12:33'),(1173,'HXU8008222',43,'2015-06-01',10,30,1,'2018-10-05',NULL,0,0,'Bank 13 smoking Hall next to Black jack table ',2105,1307,'ES5160845179',0,'2023-03-29 08:12:33','2023-03-29 08:12:33'),(1174,'HXU8008227',43,'2015-06-01',10,30,1,'2018-10-03',NULL,1,0,'Bank 04 Hall before entering the smoking area ',2007,401,'ES5160845171',1,'2023-03-29 08:12:33','2023-03-29 08:12:33'),(1175,'HXU8008229',43,'2015-06-01',10,30,1,'2018-10-01',NULL,1,0,'Bank 41 in hallway just past restrooms',2282,4101,'ES5160844520',1,'2023-03-29 08:12:33','2023-03-29 08:12:33'),(1176,'HXU8008230',43,'2015-06-01',10,30,1,'2018-10-01',NULL,1,0,'Bank 41 in hallway just past restrooms',2283,4102,'ES5160845192',1,'2023-03-29 08:12:33','2023-03-29 08:12:33'),(1177,'HXU8008231',43,'2015-06-01',10,30,1,'2018-10-08',NULL,1,0,'Bank 07 - smoking area - next to Roulette table',2232,704,'ES5160845172',0,'2023-03-29 08:12:33','2023-03-29 08:12:33'),(1178,'HXU8008233',43,'2015-06-01',10,30,1,'2018-10-05',NULL,0,0,'Bank 14 smoking Area next to Black jack table',2107,1401,'ES5160845195',0,'2023-03-29 08:12:33','2023-03-29 08:12:33'),(1179,'HXU8008234',43,'2015-06-01',10,30,1,'2018-10-01',NULL,1,0,'Bank 41 in hallway just past restrooms',2284,4103,'ES5160845162',1,'2023-03-29 08:12:33','2023-03-29 08:12:33'),(1180,'HXU8008235',43,'2015-06-01',10,30,1,'2018-10-05',NULL,0,0,'Bank 13 smoking Hall next to Black jack table ',2103,1305,'ES5160845191',1,'2023-03-29 08:12:33','2023-03-29 08:12:33'),(1181,'HXU8008236',43,'2015-06-01',10,30,1,'2018-10-05',NULL,0,0,'Bank 14 smoking Area next to Black jack table',2108,1402,'ES5160845194',0,'2023-03-29 08:12:33','2023-03-29 08:12:33'),(1182,'HXU8008237',43,'2015-06-01',10,30,1,'2018-10-01',NULL,0,0,'Bank 30 in far corner of Bar Area',2256,3003,'ES5150840665',1,'2023-03-29 08:12:33','2023-03-29 08:12:33'),(1183,'HXU8008239',43,'2015-06-01',10,30,1,'2018-10-08',NULL,1,0,'Bank 07 - smoking area - next to Roulette table',2231,703,'ES5160845154',0,'2023-03-29 08:12:33','2023-03-29 08:12:33'),(1184,'HXU8008241',43,'2015-06-01',10,30,1,'2018-10-08',NULL,1,0,'Bank 07 - smoking area - next to Roulette table',2233,705,'ES5160845197',0,'2023-03-29 08:12:33','2023-03-29 08:12:33'),(1185,'HXU8008243',43,'2015-10-01',10,31,1,'2015-10-01',NULL,0,0,'Center of floor by bar',9390,2028,'ES5470933764',1,'2023-03-29 08:12:33','2023-03-29 08:12:33'),(1186,'HXU8008244',43,'2015-06-01',10,30,1,'2018-10-03',NULL,1,0,'Bank 04 Hall before entering the smoking area ',2008,402,'ES5160844554',1,'2023-03-29 08:12:33','2023-03-29 08:12:33'),(1187,'HXU8008299',43,'2015-06-01',10,30,1,'2018-10-08',NULL,1,0,'Bank 07 - smoking area - next to Roulette table',2229,701,'ES5160845173',0,'2023-03-29 08:12:33','2023-03-29 08:12:33'),(1188,'HXU8008303',43,'2015-06-01',10,30,1,'2018-10-01',NULL,1,0,'Bank 41 in hallway just past restrooms',2285,4104,'ES5160844529',1,'2023-03-29 08:12:33','2023-03-29 08:12:33'),(1189,'HXU8008305',43,'2015-07-01',10,30,1,'2018-10-03',NULL,0,0,'Bank 04 Hall before entering the smoking area ',2010,404,'ES5160844528',1,'2023-03-29 08:12:33','2023-03-29 08:12:33'),(1190,'HXU8008324',43,'2015-06-01',10,30,1,'2018-10-01',NULL,1,0,'Bank 41 in hallway just past restrooms',2286,4105,'ES5160844541',1,'2023-03-29 08:12:33','2023-03-29 08:12:33'),(1191,'HXU8008329',43,'2015-06-01',10,30,1,'2018-10-08',NULL,1,0,'Bank 07 - smoking area - next to Roulette table',2230,702,'ES5160845174',0,'2023-03-29 08:12:33','2023-03-29 08:12:33'),(1192,'HXU8021655',43,'2015-10-01',10,31,1,'2015-10-01',NULL,0,0,'Center of floor by bar',9389,2027,'ES5230860216',1,'2023-03-29 08:12:33','2023-03-29 08:12:33'),(1193,'HXU8021657',43,'2015-10-01',10,31,1,'2015-10-01',NULL,0,0,'Center of floor by bar',9386,2024,'ES5230860277',1,'2023-03-29 08:12:33','2023-03-29 08:12:33'),(1194,'HXU8021661',43,'2015-10-01',10,31,1,'2015-10-01',NULL,0,0,'Center of floor by bar',9387,2025,'ES5230860742',1,'2023-03-29 08:12:33','2023-03-29 08:12:33'),(1195,'HXU8072723',43,'2017-03-01',10,37,1,'2018-10-18',NULL,1,0,'Next to the sports terminals',7314,7424,'ES6401064645',1,'2023-03-29 08:12:33','2023-03-29 08:12:33'),(1196,'HXU8072745',43,'2017-03-01',10,37,1,'2018-10-18',NULL,1,0,'Next to the sports terminals',7315,7423,'ES6401065185',1,'2023-03-29 08:12:33','2023-03-29 08:12:33'),(1197,'HXU8072746',43,'2017-05-01',10,37,1,'2018-10-18',NULL,1,0,'Next to the sports terminals',7316,7422,'ES6401065217',1,'2023-03-29 08:12:33','2023-03-29 08:12:33'),(1198,'HXU8072747',43,'2017-03-01',10,37,1,'2018-10-18',NULL,1,0,'Next to the sports terminals',7313,7425,'ES6401064959',1,'2023-03-29 08:12:33','2023-03-29 08:12:33'),(1199,'HXU8072760',43,'2017-03-01',10,37,1,'2018-10-18',NULL,1,0,'Next to the sports terminals',7317,7421,'ES6401065271',1,'2023-03-29 08:12:33','2023-03-29 08:12:33'),(1200,'HXU8072762',43,'2017-03-01',10,37,1,'2018-10-18',NULL,1,0,'Next to the sports terminals',7318,7420,'ES6401065546',1,'2023-03-29 08:12:33','2023-03-29 08:12:33'),(1201,'HXU808199',43,'2015-06-01',10,30,1,'2018-10-01',NULL,0,0,'Bank 30 in far corner of Bar Area',2255,3002,'ES5150840565',1,'2023-03-29 08:12:33','2023-03-29 08:12:33'),(1202,'R244948M-1',68,'2011-09-01',8,37,1,'2018-10-17',NULL,1,1,'In front of cash desk',5144,7280,'177983-003',0,'2023-03-29 08:12:33','2023-03-29 08:12:33'),(1203,'R244948M-10',68,'2011-09-01',8,37,1,'2018-10-17',NULL,1,1,'In front of cash desk',5149,7279,'177983-004',1,'2023-03-29 08:12:33','2023-03-29 08:12:33'),(1204,'R244948M-2',68,'2011-09-01',8,37,1,'2018-10-17',NULL,1,1,'In front of cash desk',5146,7282,'177983-006',1,'2023-03-29 08:12:33','2023-03-29 08:12:33'),(1205,'R244948M-3',68,'2011-09-01',8,37,1,'2018-10-17',NULL,1,1,'In front of cash desk',5145,7281,'177983-002',1,'2023-03-29 08:12:33','2023-03-29 08:12:33'),(1206,'R244948M-4',68,'2011-09-01',8,37,1,'2018-10-17',NULL,1,1,'In front of cash desk',5150,7283,'177983-010',1,'2023-03-29 08:12:33','2023-03-29 08:12:33'),(1207,'R244948M-5',68,'2011-09-01',8,37,1,'2018-10-17',NULL,1,1,'In front of cash desk',7211,7284,'177983-007',1,'2023-03-29 08:12:33','2023-03-29 08:12:33'),(1208,'R244948M-6',68,'2011-09-01',8,37,1,'2018-10-17',NULL,1,1,'In front of cash desk',5148,7285,'177983-009',1,'2023-03-29 08:12:33','2023-03-29 08:12:33'),(1209,'R244948M-7',68,'2011-09-01',8,37,1,'2018-10-17',NULL,1,1,'In front of cash desk',5147,7286,'177983-008',1,'2023-03-29 08:12:33','2023-03-29 08:12:33'),(1210,'R244948M-8',68,'2011-09-01',8,37,1,'2018-10-17',NULL,1,1,'In front of cash desk',7213,7287,'177983-005',1,'2023-03-29 08:12:33','2023-03-29 08:12:33'),(1211,'R244948M-9',68,'2011-09-01',8,37,1,'2018-10-17',NULL,1,1,'In front of cash desk',5151,7278,'177983-001',1,'2023-03-29 08:12:33','2023-03-29 08:12:33'),(1212,'V080311937',100,'2008-03-01',8,37,1,'2018-11-12',NULL,1,0,'Smoking Area',3140,3239,'0810',1,'2023-03-29 08:12:33','2023-03-29 08:12:33'),(1213,'V080311969',100,'2008-03-01',8,37,1,'2018-11-12',NULL,1,0,'Smoking Area',3141,3240,'0732',1,'2023-03-29 08:12:33','2023-03-29 08:12:33'),(1214,'W2217606',101,'2009-02-27',10,37,1,'2018-11-12',NULL,1,0,'Smoking area',7182,3487,'$$$A0154550300R02PECT281113746',1,'2023-03-29 08:12:33','2023-03-29 08:12:33'),(1215,'W2217615',101,'2009-02-27',10,37,1,'2018-11-12',NULL,1,0,'Smoking Area',3228,3381,'$$$A0154550300R02PECT281113811',1,'2023-03-29 08:12:33','2023-03-29 08:12:33'),(1216,'W2217617',101,'2009-02-27',10,37,1,'2018-11-12',NULL,1,0,'Smoking Area',3226,3379,'$$$A0154550300R02PECT281113750',1,'2023-03-29 08:12:33','2023-03-29 08:12:33'),(1217,'W2218795',101,'2009-03-20',10,37,1,'2018-11-12',NULL,1,0,'Smoking Area',3227,3380,'$$$A0154550300R02PECT201108314',1,'2023-03-29 08:12:33','2023-03-29 08:12:33'),(1218,'W2218814',101,'2009-03-20',10,37,1,'2018-11-12',NULL,1,0,'Smoking area',3230,3383,'$$$A0154550300R02PECT281113806',1,'2023-03-29 08:12:33','2023-03-29 08:12:33'),(1219,'W2218816',101,'2009-03-20',10,37,1,'2018-11-12',NULL,1,0,'Smoking Area',3229,3382,'$$$A0154550300R02PECT521022760',1,'2023-03-29 08:12:33','2023-03-29 08:12:33'),(1220,'W2253592',33,'2010-05-14',10,37,1,'2018-11-12',NULL,1,0,'Non-Smoking area near poker tables',3193,3339,'$$$A0154550300R02KONM141000112',1,'2023-03-29 08:12:33','2023-03-29 08:12:33'),(1221,'W2253607',33,'2010-05-14',10,37,1,'2018-11-12',NULL,1,0,'Non-Smoking area near poker tables',3190,3335,'$$$A0154550300R02KONM141000157',1,'2023-03-29 08:12:33','2023-03-29 08:12:33'),(1222,'W2253609',33,'2010-05-14',10,37,1,'2018-11-12',NULL,1,0,'Non-Smoking area near poker tables',3192,3337,'$$$A0154550300R02KONM061100680',1,'2023-03-29 08:12:33','2023-03-29 08:12:33'),(1223,'W2253652',33,'2010-05-14',10,37,1,'2018-11-12',NULL,1,0,'Non-Smoking area near poker tables',3193,3338,'$$$A0154550300R02KONM141000221',1,'2023-03-29 08:12:33','2023-03-29 08:12:33'),(1224,'W2270628',33,'2010-10-22',10,37,1,'2018-11-12',NULL,1,0,'Non-Smoking area near poker tables',3191,3336,'$$$A0154550300R02PECT401015790',1,'2023-03-29 08:12:33','2023-03-29 08:12:33'),(1225,'W2270653',33,'2010-10-22',10,37,1,'2018-11-12',NULL,1,0,'Non-Smoking area near poker tables',3189,3334,'$$$A0154550300R02PECT401015691',1,'2023-03-29 08:12:33','2023-03-29 08:12:33'),(1226,'W2300431',33,'2014-07-18',10,34,1,'2018-11-27',NULL,1,0,'',2,2,'$$$A0263520302R033058061500152',1,'2023-03-29 08:12:33','2023-03-29 08:12:33'),(1227,'WS00019',17,'2011-01-01',10,34,1,'2018-11-28',NULL,1,0,'',3,3,'1412000469',1,'2023-03-29 08:12:33','2023-03-29 08:12:33'),(1228,'WS00029',17,'2012-01-01',10,34,1,'2018-10-11',NULL,1,0,'',29,29,'1206009514',1,'2023-03-29 08:12:33','2023-03-29 08:12:33'),(1229,'WS00048',17,'2012-01-01',10,34,1,'2018-10-11',NULL,1,0,'',48,48,'1111063947',1,'2023-03-29 08:12:33','2023-03-29 08:12:33'),(1230,'WS00061',17,'2012-01-01',10,34,1,'2018-11-28',NULL,1,0,'',7,7,'1206009518',1,'2023-03-29 08:12:33','2023-03-29 08:12:33'),(1231,'WS00067',17,'2012-01-01',10,34,1,'2018-11-28',NULL,1,0,'',4,4,'1206009509',1,'2023-03-29 08:12:33','2023-03-29 08:12:33'),(1232,'WS00069',17,'2011-01-01',10,34,1,'2018-11-28',NULL,1,0,'',6,6,'1206009513',1,'2023-03-29 08:12:33','2023-03-29 08:12:33'),(1233,'WS00070',17,'2012-01-01',10,34,1,'2018-11-28',NULL,1,0,'',5,5,'0901060838',1,'2023-03-29 08:12:33','2023-03-29 08:12:33'),(1234,'WS00074',17,'2012-01-01',10,34,1,'2018-10-12',NULL,1,0,'',74,74,'1111063983',1,'2023-03-29 08:12:33','2023-03-29 08:12:33'),(1235,'WS00079',17,'2018-10-11',10,34,1,'2018-10-11',NULL,1,0,'',79,79,'1111063973',1,'2023-03-29 08:12:33','2023-03-29 08:12:33'),(1236,'WS00093',17,'2012-01-01',10,34,1,'2018-10-11',NULL,1,0,'',93,93,'1206009516',1,'2023-03-29 08:12:33','2023-03-29 08:12:33'),(1237,'WS00100',17,'2012-01-01',10,34,1,'2018-10-11',NULL,1,0,'',100,100,'1111063970',1,'2023-03-29 08:12:33','2023-03-29 08:12:33'),(1238,'WS00101',17,'2012-01-01',10,34,1,'2018-10-11',NULL,1,0,'',101,101,'1111063955',1,'2023-03-29 08:12:33','2023-03-29 08:12:33'),(1239,'WS00102',17,'2012-01-01',10,34,1,'2018-10-12',NULL,0,0,'',102,102,'1111063961',1,'2023-03-29 08:12:33','2023-03-29 08:12:33'),(1240,'WS00103',17,'2012-01-01',10,34,1,'2018-10-10',NULL,1,0,'',103,103,'D1206009517',1,'2023-03-29 08:12:33','2023-03-29 08:12:33'),(1241,'WS00104',17,'2012-01-01',10,34,1,'2018-10-12',NULL,1,0,'',104,104,'1111063966',1,'2023-03-29 08:12:33','2023-03-29 08:12:33'),(1242,'WS00105',17,'2012-01-01',10,34,1,'2018-10-11',NULL,1,0,'',105,105,'1111063981',1,'2023-03-29 08:12:33','2023-03-29 08:12:33'),(1243,'WS00108',17,'2012-01-01',10,34,1,'2018-10-12',NULL,1,0,'',108,108,'1111063951',1,'2023-03-29 08:12:33','2023-03-29 08:12:33'),(1244,'WS00110',17,'2012-01-01',10,34,1,'2018-10-10',NULL,1,0,'',110,110,'1111063957',1,'2023-03-29 08:12:33','2023-03-29 08:12:33'),(1245,'WS00111',17,'2012-01-01',10,34,1,'2018-01-01',NULL,1,0,'',111,111,'1111063964',1,'2023-03-29 08:12:33','2023-03-29 08:12:33'),(1246,'WS00112',17,'2012-01-01',10,34,1,'2018-10-12',NULL,1,0,'',112,112,'1111063965',1,'2023-03-29 08:12:33','2023-03-29 08:12:33'),(1247,'WS00113',17,'2012-01-01',10,34,1,'2018-10-12',NULL,1,0,'',113,113,'1111063953',1,'2023-03-29 08:12:33','2023-03-29 08:12:33'),(1248,'WS00114',17,'2012-01-01',10,34,1,'2018-10-12',NULL,1,0,'',114,114,'1111063972',1,'2023-03-29 08:12:33','2023-03-29 08:12:33'),(1249,'WS00115',17,'2012-01-01',10,34,1,'2018-10-09',NULL,1,0,'',115,115,'1111063982',1,'2023-03-29 08:12:33','2023-03-29 08:12:33'),(1250,'WS00116',17,'2012-01-01',10,34,1,'2018-10-12',NULL,1,0,'',116,116,'1111063948',1,'2023-03-29 08:12:33','2023-03-29 08:12:33'),(1251,'WS00549',17,'2012-01-01',10,34,1,'2018-10-12',NULL,1,0,'',549,549,'1412000463',1,'2023-03-29 08:12:33','2023-03-29 08:12:33'),(1252,'WS00552',17,'2012-01-01',10,34,1,'2018-10-12',NULL,1,0,'',552,552,'1111063985',1,'2023-03-29 08:12:33','2023-03-29 08:12:33'),(1253,'X117085V',55,'2013-07-01',10,31,1,'2013-07-01',NULL,0,0,'Outside small smoking area door',9307,2106,'EAL3380726794',1,'2023-03-29 08:12:33','2023-03-29 08:12:33'),(1254,'XHU8008309',43,'2015-07-01',10,30,1,'2018-10-05',NULL,0,0,'Bank 14 smoking Area next to Black jack table',2109,1403,'ES5160844509',0,'2023-03-29 08:12:33','2023-03-29 08:12:33');
/*!40000 ALTER TABLE `slot_machines` ENABLE KEYS */;
UNLOCK TABLES;

--
-- Table structure for table `slot_machines_establishment`
--

DROP TABLE IF EXISTS `slot_machines_establishment`;
/*!40101 SET @saved_cs_client     = @@character_set_client */;
/*!50503 SET character_set_client = utf8mb4 */;
CREATE TABLE `slot_machines_establishment` (
  `fk_establishment` int(10) unsigned NOT NULL,
  `fk_slot_machines` varchar(30) NOT NULL,
  KEY `idx_contract_fk_slot_machines` (`fk_slot_machines`),
  KEY `idx_contract_fk_establishment` (`fk_establishment`),
  CONSTRAINT `fk_slot_machines_establishment` FOREIGN KEY (`fk_establishment`) REFERENCES `establishment` (`permit_number`),
  CONSTRAINT `fk_slot_machines_establishment2` FOREIGN KEY (`fk_slot_machines`) REFERENCES `slot_machines` (`serial_number`)
) ENGINE=InnoDB DEFAULT CHARSET=utf8;
/*!40101 SET character_set_client = @saved_cs_client */;

--
-- Dumping data for table `slot_machines_establishment`
--

LOCK TABLES `slot_machines_establishment` WRITE;
/*!40000 ALTER TABLE `slot_machines_establishment` DISABLE KEYS */;
INSERT INTO `slot_machines_establishment` VALUES (3,'37400003169'),(3,'370003198'),(3,'673543'),(3,'673541'),(3,'673545'),(3,'5078668'),(3,'5078656'),(3,'5082555'),(3,'5078662'),(3,'5082564'),(3,'2212522'),(3,'2208471'),(3,'2208466'),(3,'671809'),(3,'671808'),(3,'671815'),(3,'671814'),(3,'671813'),(3,'671812'),(3,'671811'),(3,'67810'),(3,'3000018097'),(3,'3000018075'),(3,'3000018090'),(3,'3000018054'),(3,'3000018059'),(3,'3000018081'),(3,'3000018094'),(3,'3000018056'),(3,'3000018051'),(3,'3000018109'),(3,'2219746'),(3,'2219743'),(3,'2219738'),(3,'HXU808199'),(3,'5073147'),(3,'5073150'),(3,'5073159'),(3,'5073154'),(3,'5073145'),(3,'5073140'),(3,'674125'),(3,'674157'),(3,'674136'),(3,'674126'),(3,'674158'),(3,'674127'),(3,'5085807'),(3,'5085802'),(3,'3100003065'),(3,'3100003062'),(3,'671818'),(3,'671817'),(3,'3000018078'),(3,'3000018091'),(3,'3000018102'),(3,'310003069'),(3,'3100003072'),(3,'674206'),(3,'674205'),(3,'674204'),(3,'674203'),(3,'674202'),(3,'5073149'),(3,'5073142'),(3,'5073162'),(3,'674106'),(3,'674185'),(3,'2219737'),(3,'2219742'),(3,'2219739'),(3,'674195'),(3,'674196'),(3,'674197'),(3,'674198'),(3,'674199'),(3,'HXU8008229'),(3,'HXU8008230'),(3,'HXU8008234'),(3,'HXU8008303'),(3,'HXU8008324'),(3,'3000018082'),(3,'3000018048'),(3,'2208469'),(3,'2208467'),(3,'2208470'),(3,'2208444'),(3,'2208446'),(3,'674138'),(3,'674139'),(3,'HXU8008218'),(3,'674140'),(3,'674141'),(3,'3000018105'),(3,'3000018099'),(3,'300018110'),(3,'3000018076'),(3,'3000018104'),(3,'674142'),(3,'674143'),(3,'673544'),(3,'673546'),(3,'673542'),(3,'5082560'),(3,'3000018080'),(3,'3000018068'),(3,'3000018093'),(3,'3000018065'),(3,'3000018049'),(3,'B150940433'),(3,'124142'),(3,'124144'),(3,'124143'),(3,'124145'),(3,'124141'),(3,'3700003203'),(3,'5078652'),(3,'508254'),(3,'5078630'),(3,'5078640'),(3,'5073161'),(3,'5073160'),(3,'5073164'),(3,'5073139'),(3,'5073163'),(3,'3000018077'),(3,'3000018057'),(3,'3000018045'),(3,'3000018040'),(3,'3000018062'),(3,'674120'),(3,'3400002738'),(3,'3400002736'),(3,'3400002761'),(3,'2219741'),(3,'2219740'),(3,'2219745'),(3,'2219744'),(3,'HXU8008305'),(3,'HXU8008195'),(3,'HXU8008244'),(3,'HXU8008227'),(3,'674114'),(3,'674116'),(3,'674113'),(3,'674115'),(3,'674163'),(3,'674148'),(3,'674119'),(3,'674149'),(3,'674164'),(3,'3000018036'),(3,'674210'),(3,'674187'),(3,'3000018047'),(3,'3000018041'),(3,'3000018046'),(3,'3000018066'),(3,'3000018067'),(3,'3000018063'),(3,'3000017965'),(3,'674166'),(3,'3000017964'),(3,'3000017963'),(3,'3000017948'),(3,'3000017959'),(3,'3000017966'),(3,'B150942288'),(3,'B150942283'),(3,'674165'),(3,'674129'),(3,'674150'),(3,'XHU8008309'),(3,'HXU8008236'),(3,'HXU8008233'),(3,'B150942285'),(3,'2208473'),(3,'HXU8008235'),(3,'HXU8008221'),(3,'HXU8008222'),(3,'HXU8008200'),(3,'674128'),(3,'674121'),(3,'674152'),(3,'674124'),(3,'674135'),(3,'674137'),(3,'674117'),(3,'674130'),(3,'674122'),(3,'674159'),(3,'674160'),(3,'674151'),(3,'674123'),(3,'674147'),(3,'674162'),(3,'674156'),(3,'674211'),(3,'674209'),(3,'674208'),(3,'674188'),(3,'674207'),(3,'168829'),(3,'124805'),(3,'124131'),(3,'124804'),(3,'124132'),(3,'124135'),(3,'124133'),(3,'124137'),(3,'124134'),(3,'124138'),(3,'124136'),(3,'168831'),(3,'168835'),(3,'168833'),(3,'168834'),(3,'168836'),(3,'168832'),(3,'168830'),(3,'672770'),(3,'672771'),(3,'672772'),(3,'672773'),(3,'672774'),(3,'672775'),(3,'672776'),(3,'672777'),(3,'672778'),(3,'672779'),(3,'579758'),(3,'5073211'),(3,'5074783'),(3,'5073240'),(3,'5073218'),(3,'5073246'),(3,'5078659'),(3,'674172'),(3,'674175'),(3,'674179'),(3,'674178'),(3,'674171'),(3,'674170'),(3,'674169'),(3,'674168'),(3,'674174'),(3,'674173'),(3,'674177'),(3,'674176'),(3,'674155'),(3,'674154'),(3,'674134'),(3,'674133'),(3,'674161'),(3,'674146'),(3,'674145'),(3,'2212528'),(3,'2212527'),(3,'2219518'),(3,'2212531'),(3,'2208477'),(3,'2208476'),(3,'2208449'),(3,'2208440'),(3,'2208465'),(3,'2212532'),(3,'2212530'),(3,'2212523'),(3,'2208474'),(3,'674144'),(3,'674167'),(3,'674132'),(3,'674131'),(3,'674118'),(3,'674153'),(3,'3000018074'),(3,'3000018064'),(3,'3000018053'),(3,'3000018052'),(3,'3000018070'),(3,'3000018071'),(3,'2212525'),(3,'2212529'),(3,'2212526'),(3,'2208468'),(3,'2212524'),(3,'2208472'),(3,'2208475'),(3,'HXU8008194'),(3,'HXU8008241'),(3,'HXU8008231'),(3,'HXU8008239'),(3,'HXU8008329'),(3,'HXU8008299'),(3,'B150940430'),(3,'B150942287'),(3,'B150942284'),(4,'WS00103'),(4,'WS00093'),(4,'WS00029'),(6,'WS00115'),(6,'WS00110'),(6,'WS00079'),(6,'WS00101'),(6,'WS00100'),(6,'WS00048'),(4,'WS00111'),(8,'WS00113'),(8,'WS00074'),(8,'WS00552'),(8,'WS00549'),(4,'WS00105'),(7,'WS00108'),(7,'WS00102'),(7,'WS00116'),(7,'WS00114'),(7,'WS00112'),(7,'WS00104'),(11,'342886'),(11,'353750'),(11,'342867'),(11,'346560'),(11,'550261'),(11,'382846'),(11,'401631'),(11,'345392'),(11,'349081'),(11,'345388'),(11,'345390'),(11,'377887'),(11,'345379'),(11,'401650'),(11,'382882'),(11,'652140'),(11,'652138'),(11,'382841'),(11,'401062'),(11,'382843'),(11,'110236'),(11,'110232'),(11,'110246'),(11,'110234'),(11,'DX105258V'),(11,'DX105312V'),(11,'DX104537V'),(11,'DX107994V'),(11,'3000011124'),(11,'3000002491'),(11,'3000011141'),(11,'3000002504'),(11,'3000018761'),(11,'3000018779'),(11,'3000004339'),(11,'3000004318'),(11,'HXS8029449'),(11,'HXS8029231'),(11,'HXS8029220'),(11,'HXS8029235'),(11,'662036'),(11,'662035'),(11,'662034'),(11,'662033'),(11,'142300'),(11,'138687'),(11,'138690'),(11,'138689'),(11,'138688'),(11,'124301'),(11,'662037'),(11,'662038'),(11,'80340'),(11,'80342'),(11,'80341'),(11,'80338'),(11,'80339'),(11,'80343'),(11,'18719'),(11,'18721'),(11,'18726'),(11,'18733'),(11,'18718'),(11,'223554'),(11,'223555'),(11,'235556'),(11,'2235558'),(11,'2235559'),(11,'235557'),(11,'725278'),(11,'725277'),(11,'725276'),(11,'725275'),(11,'725282'),(11,'725281'),(11,'725280'),(11,'725279'),(11,'2108087'),(11,'2108088'),(11,'2108086'),(11,'R244948M-2'),(11,'R244948M-3'),(11,'R244948M-4'),(11,'R244948M-5'),(11,'R244948M-6'),(11,'R244948M-7'),(11,'R244948M-8'),(11,'R244948M-9'),(11,'R244948M-10'),(11,'2108083'),(11,'2108080'),(11,'2108082'),(11,'2437892'),(11,'2437898'),(11,'2437896'),(11,'2437893'),(11,'2437895'),(11,'2437897'),(11,'2437894'),(11,'2437891'),(11,'3000018772'),(11,'3000004328'),(11,'3000004335'),(11,'2435513'),(11,'2435512'),(11,'2435511'),(11,'2435514'),(11,'724800'),(11,'724801'),(11,'3000002497'),(11,'3000018771'),(11,'3000011135'),(11,'3000018775'),(11,'3000011136'),(11,'3000018773'),(11,'1111-08'),(11,'02510-01641'),(11,'02510-01631'),(11,'02510-01639'),(11,'02510-01636'),(11,'02510-01634'),(11,'DX106225V'),(11,'DX106244V'),(11,'DX107934V'),(11,'HXU8072760'),(11,'HXU8072746'),(11,'HXU8072762'),(11,'HXU8072745'),(11,'HXU8072723'),(11,'HXU8072747'),(11,'DX55060V'),(11,'1111-046'),(11,'3000004330'),(11,'R244948M-1'),(11,'18727'),(11,'1111-029'),(11,'1111-076'),(11,'1111-075'),(11,'1111-073'),(11,'HXS8029230'),(11,'HXS8029252'),(11,'8029454'),(11,'8029222'),(11,'DX99586V'),(11,'100901'),(11,'100901-509'),(11,'100901-510'),(11,'100901-512'),(11,'110233'),(11,'110235'),(11,'110238'),(11,'110240'),(11,'1111-023'),(11,'1111-033'),(11,'1111-040'),(11,'1111-082'),(11,'1801-203'),(11,'1801-204'),(11,'1801-207'),(11,'1801-208'),(11,'2516073504'),(11,'2516073506'),(11,'2516073507'),(11,'2516073508'),(11,'2516073509'),(11,'2516073510'),(11,'2516073511'),(11,'2516703505'),(11,'43140975'),(3,'B150940431'),(3,'B150940432'),(3,'B150940434'),(3,'B150942281'),(3,'B150942282'),(3,'B150942286'),(3,'HXU8008237'),(11,'1111-031'),(11,'1111-083'),(11,'1111-055'),(11,'1111-078'),(11,'1111-080'),(11,'1111-043'),(18,'101137'),(18,'101131'),(18,'101130'),(18,'101138'),(18,'101135'),(18,'101134'),(18,'ARC002559'),(18,'ARC002558'),(18,'ARC111070'),(18,'ARC111074'),(18,'487710'),(18,'487748'),(18,'487737'),(18,'487712'),(18,'487738'),(18,'487749'),(18,'1320501002'),(18,'1320502005'),(18,'1320502006'),(18,'1320501003'),(18,'1320502002'),(18,'1320502007'),(18,'122202'),(18,'122203'),(18,'122204'),(18,'122205'),(18,'487768'),(18,'487750'),(18,'487767'),(18,'487751'),(18,'492306'),(18,'492287'),(18,'492303'),(18,'492285'),(18,'490965'),(18,'490972'),(18,'490971'),(18,'49968'),(18,'492307'),(18,'492309'),(18,'492302'),(18,'492305'),(18,'490969'),(18,'490967'),(18,'490970'),(18,'490962'),(18,'492295'),(18,'492297'),(18,'492296'),(18,'492292'),(18,'490961'),(18,'490964'),(18,'490966'),(18,'490963'),(18,'529479'),(18,'529472'),(18,'529482'),(18,'529476'),(18,'529477'),(18,'529483'),(18,'529473'),(18,'529478'),(18,'694536'),(18,'694537'),(18,'694538'),(18,'2141741'),(18,'2138007'),(18,'694535'),(18,'2141832'),(18,'2141836'),(18,'1511-011'),(18,'1511-010'),(18,'694533'),(18,'694531'),(18,'3100000441'),(18,'3100000417'),(18,'3100000412'),(18,'694532'),(18,'694534'),(18,'3100000409'),(18,'310000419'),(18,'3100000413'),(18,'487763'),(18,'487739'),(18,'487766'),(18,'022575DE'),(18,'022571DE'),(18,'022576DE'),(18,'022577DE'),(18,'022578DE'),(18,'DX117090V'),(18,'DX117118V'),(18,'DX115038V'),(18,'DX117129V'),(18,'492282'),(18,'492283'),(18,'492299'),(18,'492293'),(18,'492308'),(18,'492289'),(18,'486163'),(18,'486160'),(18,'486162'),(18,'486150'),(18,'492286'),(18,'492304'),(18,'487771'),(18,'487774'),(18,'47772'),(18,'487775'),(18,'DX115083V'),(18,'DX115036V'),(18,'492298'),(18,'492294'),(18,'486151'),(18,'486154'),(18,'486155'),(18,'486173'),(18,'492301'),(18,'492300'),(18,'492284'),(18,'492288'),(18,'492290'),(18,'492291'),(18,'160462145'),(18,'160426140'),(18,'160462143'),(18,'160462141'),(18,'160462142'),(18,'160462144'),(18,'160462139'),(18,'160462146'),(18,'5096235'),(18,'5096236'),(18,'5096242'),(18,'5096580'),(18,'5096234'),(18,'5096600'),(18,'5096590'),(18,'1950694'),(18,'1962124'),(18,'1950731'),(18,'1950735'),(18,'1962120'),(18,'1950734'),(18,'DX155055V'),(18,'DX117125V'),(18,'1320502001'),(18,'1333302003'),(18,'1333302006'),(18,'663872'),(18,'663871'),(18,'2141742'),(18,'2141820'),(18,'2141819'),(18,'2141827'),(18,'3700002941'),(18,'3700002923'),(18,'1320501005'),(18,'1320501006'),(18,'1320501001'),(18,'1320501004'),(18,'101136'),(18,'101132'),(18,'GE0071595'),(18,'487733'),(18,'487735'),(18,'487705'),(18,'487721'),(18,'437731'),(18,'487730'),(18,'487729'),(18,'104870'),(18,'104871'),(18,'104869'),(18,'104867'),(18,'104868'),(18,'104872'),(18,'487760'),(18,'487754'),(18,'487745'),(18,'487740'),(18,'487743'),(18,'487742'),(18,'487741'),(18,'487746'),(18,'487744'),(18,'1333301001'),(18,'1333301004'),(18,'1320501007'),(18,'300004346'),(18,'3000004345'),(18,'1333302001'),(18,'1333302007'),(18,'1333302004'),(18,'H3u8021662'),(18,'HXU8008197'),(18,'HXU8021655'),(18,'HXU8008243'),(18,'HSX8029772'),(18,'HSX8029868'),(18,'HSX8029885'),(18,'HSX8029860'),(18,'HSX8029870'),(18,'HSX8029896'),(18,'1511158'),(18,'1320502003'),(18,'2141839'),(18,'2141834'),(18,'2141831'),(18,'2142361'),(18,'2141743'),(18,'2138010'),(18,'487757'),(18,'487758'),(18,'487704'),(18,'1969617'),(18,'1969615'),(18,'1969616'),(18,'1969614'),(18,'1969613'),(18,'1969611'),(18,'1969610'),(18,'1919612'),(18,'5096584'),(18,'HXU8021661'),(18,'HXU8008208'),(18,'HXU8021657'),(18,'HXU8008219'),(18,'9134142386'),(18,'9134142385'),(18,'9134142384'),(18,'9134142389'),(18,'9134142388'),(18,'9134142387'),(18,'9134142375'),(18,'9134142382'),(18,'9134142381'),(18,'9134142380'),(18,'9134142379'),(18,'9134142378'),(18,'9134142377'),(18,'9134142376'),(21,'3000002523'),(21,'3000002546'),(21,'3000001386'),(21,'3000011150'),(21,'3000011147'),(21,'3000011146'),(21,'3000011149'),(21,'3000011151'),(21,'3000004332'),(21,'3000011145'),(21,'3000002503'),(21,'3000011155'),(21,'3000012004'),(21,'3000011982'),(21,'3000012003'),(21,'3000011981'),(21,'3000012002'),(21,'3000012001'),(21,'3000018757'),(21,'3000018744'),(21,'3000018741'),(21,'3000018730'),(21,'3000018732'),(21,'3000018722'),(21,'3000004321'),(21,'342964'),(21,'377876'),(21,'342994'),(21,'345365'),(21,'342951'),(21,'346553'),(21,'335778'),(21,'335762'),(21,'3000001333'),(21,'3000004333'),(21,'652137'),(21,'652136'),(21,'652135'),(21,'652139'),(21,'80335'),(21,'80337'),(21,'80333'),(21,'80336'),(21,'80332'),(21,'80334'),(21,'3000001329'),(21,'3000001384'),(21,'3000001332'),(21,'3000011140'),(21,'201940'),(21,'229160'),(21,'230423'),(21,'201900'),(21,'202435'),(21,'2108089'),(21,'2108091'),(21,'2108085'),(21,'2108079'),(21,'3700003560'),(21,'3700002428'),(21,'3700002421'),(21,'3700003567'),(21,'1111-081'),(21,'1111-087'),(21,'1111-036'),(21,'1111-079'),(21,'1111-084'),(21,'1111-086'),(21,'108851'),(21,'108650'),(21,'108644'),(21,'108645'),(21,'108652'),(21,'724799'),(21,'724802'),(21,'3400002324'),(21,'3400002327'),(21,'V080311937'),(21,'V080311969'),(21,'DX105285V'),(21,'DX109170V'),(21,'DX105281V'),(21,'DX109137V'),(21,'DX101370V'),(21,'DX109160V'),(21,'DX106224V'),(21,'DX105251V'),(21,'W2218795'),(21,'2261058'),(21,'2261059'),(21,'2262351'),(21,'2262352'),(21,'2262353'),(21,'2262354'),(21,'110239'),(21,'110247'),(21,'110243'),(21,'110231'),(21,'100901-513'),(21,'100901-515'),(21,'100901-516'),(21,'100507-502'),(21,'100507-507'),(21,'080616-502'),(21,'100507-501'),(21,'080616-505'),(21,'1703054'),(21,'1703030'),(21,'1703061'),(21,'2261048'),(21,'2261049'),(21,'2261052'),(21,'2261054'),(21,'2261055'),(21,'2261056'),(21,'DX63949V'),(21,'DX79262V'),(21,'DX63954V'),(21,'DX63985V'),(21,'DX63943V'),(21,'DX63991V'),(21,'02510-01638'),(21,'02510-01640'),(21,'02510-01635'),(21,'02510-01637'),(21,'02510-01642'),(21,'W2218816'),(21,'W2218814'),(21,'W2217617'),(21,'W2217606'),(21,'W2217615'),(21,'110245'),(21,'110242'),(21,'110244'),(21,'110237'),(21,'W2270653'),(21,'W2253607'),(21,'W2270628'),(21,'W2253609'),(21,'W2253652'),(21,'W2253592'),(21,'DX48849V'),(21,'DX64000V'),(21,'DX48934V'),(21,'DX55074V'),(21,'DX63956V'),(21,'DX55064V'),(21,'18724'),(21,'18720'),(21,'18728'),(21,'18734'),(21,'18732'),(21,'18735'),(21,'3000001385'),(21,'3000004334'),(21,'3000004341'),(21,'3000004340'),(21,'3000004338'),(21,'335798'),(21,'401634'),(21,'337645'),(21,'335776'),(21,'345381'),(21,'345387'),(21,'346557'),(21,'382800'),(21,'1111-048'),(21,'1111-077'),(21,'1111-045'),(21,'1111-034'),(21,'1111-056'),(21,'G40510000328'),(21,'G40510000329'),(21,'G40510000330'),(21,'G40510000331'),(21,'G40510000323'),(21,'G40510000324'),(21,'G40510000325'),(21,'726490'),(21,'726492'),(21,'726491'),(21,'726493'),(21,'080616-501'),(21,'080616-503'),(21,'080616-504'),(21,'080616-506'),(56,'1511-151'),(56,'1511-007'),(56,'309399'),(56,'339874'),(28,'339877'),(28,'325426'),(28,'325412'),(28,'1511-005'),(28,'1511-156'),(28,'3000002869'),(28,'3000002878'),(23,'339859'),(23,'325406'),(23,'342947'),(23,'339851'),(23,'3000003919'),(23,'3000003965'),(25,'1511-153'),(25,'3000002880'),(25,'1320502004'),(25,'1333301003'),(25,'325399'),(25,'309434'),(32,'3000002902'),(32,'3000003052'),(32,'3000003054'),(32,'309426'),(32,'309425'),(32,'309418'),(32,'325393'),(21,'1801-201'),(21,'1801-206'),(21,'G40510000322'),(21,'G40510000326'),(21,'G40510000327'),(21,'1801-202'),(21,'1801-205'),(24,'3000002892'),(24,'3000003958'),(24,'342402'),(24,'342382'),(24,'342422'),(24,'342393'),(33,'325419'),(33,'342400'),(33,'339892'),(33,'342403'),(33,'342936'),(33,'342414'),(33,'3000003967'),(26,'1511-161'),(26,'1511-155'),(26,'309433'),(26,'325417'),(26,'325390'),(26,'3000002983'),(35,'325428'),(35,'325384'),(35,'325381'),(35,'339855'),(35,'1511-160'),(35,'3000002272'),(35,'3000002865'),(37,'339880'),(37,'309432'),(37,'3000003971'),(37,'1320501008'),(39,'1511-003'),(39,'342391'),(39,'309412'),(39,'325395'),(39,'3000003926'),(39,'3000003977'),(41,'342387'),(41,'309400'),(41,'342384'),(41,'309439'),(41,'339875'),(41,'3000002910'),(41,'3000002920'),(41,'339873'),(43,'3000003925'),(43,'3000003948'),(43,'309401'),(43,'325425'),(43,'339866'),(43,'342409'),(45,'3000003047'),(45,'3000003949'),(45,'3000002890'),(45,'325377'),(45,'325427'),(45,'309428'),(45,'325387'),(47,'339920'),(47,'325386'),(47,'325388'),(47,'325421'),(49,'3000003035'),(49,'3000002985'),(49,'325409'),(49,'342932'),(49,'339870'),(27,'3000003942'),(27,'3000003976'),(27,'309422'),(27,'339898'),(31,'339850'),(31,'342927'),(31,'325375'),(30,'325430'),(30,'325418'),(30,'309413'),(30,'325404'),(30,'342424'),(49,'339886'),(30,'3000003053'),(54,'1511-001'),(54,'342411'),(54,'342395'),(54,'325429'),(54,'3000002989'),(52,'339878'),(52,'325413'),(52,'309446'),(52,'342407'),(52,'342417'),(52,'3000003911'),(52,'3000002250'),(56,'342406'),(56,'325383'),(56,'3000002915'),(56,'3000002903'),(57,'339919'),(57,'339883'),(57,'325374'),(57,'325405'),(57,'309440'),(57,'3000003055'),(59,'339901'),(59,'3000002886'),(59,'339854'),(59,'309437'),(59,'339869'),(61,'339853'),(61,'339895'),(61,'342934'),(61,'325415'),(61,'3000003950'),(61,'3000003935'),(62,'342397'),(62,'339852'),(62,'339885'),(62,'1333302002'),(62,'1333301606'),(63,'342943'),(63,'325376'),(63,'325422'),(63,'339903'),(63,'325392'),(63,'3000003045'),(63,'3000003964'),(63,'3000003973'),(63,'3000003049'),(58,'1511-012'),(58,'1511-008'),(58,'3000002862'),(58,'309420'),(58,'342942'),(58,'309415'),(58,'325396'),(58,'3000002856'),(64,'325416'),(64,'339890'),(64,'325380'),(64,'325403'),(64,'339865'),(64,'3000002887'),(64,'3000002912'),(64,'3000002891'),(63,'339900'),(29,'339858'),(29,'339915'),(10,'2303986'),(10,'W2300431'),(10,'WS00019'),(10,'WS00067'),(10,'WS00070'),(10,'WS00069'),(10,'WS00061'),(65,'3000002864'),(65,'3000002875'),(65,'309407'),(67,'1301-050'),(67,'1301-041'),(67,'3000002661'),(67,'3000002923'),(75,'3000002204'),(75,'3000002651'),(75,'1301-042'),(75,'300000088'),(75,'1312-111'),(75,'748544'),(75,'611321'),(75,'611325'),(69,'1301-049'),(69,'1301-039'),(69,'620642'),(69,'3000002926'),(69,'3000002662'),(69,'3000002857'),(69,'3000002916'),(69,'3000002678'),(69,'3000002928'),(73,'1301-036'),(73,'1301-038'),(73,'1301-044'),(73,'611327'),(73,'3000002889'),(73,'3000002205'),(77,'1301046'),(77,'1301-047'),(77,'1301-048'),(77,'3000002226'),(77,'748545'),(77,'748546'),(77,'3000002675'),(77,'3000002187'),(77,'611319'),(79,'1312-110'),(12,'1111-032'),(12,'1111-018'),(12,'1111-022'),(12,'1111-021'),(12,'1111-017'),(13,'1111-062'),(13,'1111-066'),(13,'1111-065'),(13,'1111-064'),(13,'1111-072'),(13,'1111-054'),(13,'1111-049'),(13,'1111-061'),(14,'1111-069'),(14,'1111-068'),(14,'1111-059'),(14,'1111-071'),(15,'1111-060'),(15,'1111-052'),(15,'1111-014'),(15,'1111-067'),(15,'1111-025'),(15,'1111-053'),(15,'1111-050'),(15,'558707'),(15,'550260'),(17,'1111-015'),(17,'1111-063'),(17,'1111-024'),(17,'1111-057'),(17,'1111-013'),(71,'3000002911'),(71,'3000002894'),(71,'3000002905'),(71,'3000002904'),(71,'3000002655'),(71,'611328'),(71,'611320'),(71,'1301-043'),(81,'1312-109'),(81,'3000002847'),(81,'3000001068'),(81,'3000003740'),(81,'3000003777'),(82,'3000002711'),(82,'3000002921'),(82,'3000002712'),(82,'3000002876'),(82,'3000002922'),(82,'3000002898'),(82,'1301-045'),(82,'1301-040'),(82,'611324'),(87,'1111-030'),(87,'1111-037'),(87,'1111-028'),(87,'1111-020'),(87,'1111-019'),(87,'1111-041'),(87,'558708'),(87,'550259'),(84,'1111-027'),(84,'1111-038'),(84,'1111-044'),(84,'1111-051'),(84,'1111-042'),(84,'3000004336'),(84,'3000004317'),(84,'550258'),(84,'370756'),(79,'3000001050'),(79,'3000002901'),(79,'620643'),(79,'798542'),(79,'748543'),(3,'9999');
/*!40000 ALTER TABLE `slot_machines_establishment` ENABLE KEYS */;
UNLOCK TABLES;

--
-- Table structure for table `slot_machines_peripherals`
--

DROP TABLE IF EXISTS `slot_machines_peripherals`;
/*!40101 SET @saved_cs_client     = @@character_set_client */;
/*!50503 SET character_set_client = utf8mb4 */;
CREATE TABLE `slot_machines_peripherals` (
  `fk_id_slot_machines` varchar(30) NOT NULL,
  `fk_id_peripheral` int(11) NOT NULL,
  KEY `idx_slot_machines_peripherals_fk_id_peripheral` (`fk_id_peripheral`),
  KEY `fk_serial_number_idx` (`fk_id_slot_machines`),
  CONSTRAINT `fk_id_peripherals` FOREIGN KEY (`fk_id_peripheral`) REFERENCES `peripherals` (`id_peripheral`),
  CONSTRAINT `fk_slot_machines_peripherals` FOREIGN KEY (`fk_id_slot_machines`) REFERENCES `slot_machines` (`serial_number`)
) ENGINE=InnoDB DEFAULT CHARSET=utf8;
/*!40101 SET character_set_client = @saved_cs_client */;

--
-- Dumping data for table `slot_machines_peripherals`
--

LOCK TABLES `slot_machines_peripherals` WRITE;
/*!40000 ALTER TABLE `slot_machines_peripherals` DISABLE KEYS */;
/*!40000 ALTER TABLE `slot_machines_peripherals` ENABLE KEYS */;
UNLOCK TABLES;

--
-- Table structure for table `slot_model`
--

DROP TABLE IF EXISTS `slot_model`;
/*!40101 SET @saved_cs_client     = @@character_set_client */;
/*!50503 SET character_set_client = utf8mb4 */;
CREATE TABLE `slot_model` (
  `id_model` int(10) unsigned NOT NULL AUTO_INCREMENT,
  `name_model` varchar(20) DEFAULT NULL,
  `fk_id_manufacturer` int(11) NOT NULL,
  PRIMARY KEY (`id_model`),
  KEY `idx_model_fk_id_manufacturer` (`fk_id_manufacturer`),
  CONSTRAINT `fk_model_manufacturer` FOREIGN KEY (`fk_id_manufacturer`) REFERENCES `manufacturer` (`id_manufacturer`)
) ENGINE=InnoDB AUTO_INCREMENT=113 DEFAULT CHARSET=utf8;
/*!40101 SET character_set_client = @saved_cs_client */;

--
-- Dumping data for table `slot_model`
--

LOCK TABLES `slot_model` WRITE;
/*!40000 ALTER TABLE `slot_model` DISABLE KEYS */;
INSERT INTO `slot_model` VALUES (8,'WIKY',9),(9,'FS 470 F2',8),(10,'FV 600 CF2',8),(11,'FV 610 CF2',8),(12,'FV 834 F2',8),(13,'PERFORMER GRAND A',10),(14,'GENX-WD00',12),(15,'Pro Series MKT-AP-1',13),(16,'MK2A-S9000-0001',13),(17,'DIAMOND',15),(18,'EGT-VS8',20),(19,'EGT-VS14',20),(20,'AXXIS 23/23',16),(21,'AXXIS 3D/39',16),(22,'96499410',17),(23,'96499810',17),(24,'96499812',17),(25,'96499817',17),(26,'KGP 2.0 UVSN',18),(27,'KGP 3.5 PDM2',18),(28,'MAXVUSION',22),(29,'SEPOXG',22),(30,'Go4Gold',23),(31,'BLADE S',24),(32,'BLADE S23',24),(33,'Bluebird 2 (BB2)',24),(34,'FV 623',8),(35,'FW 623',8),(36,'FV 629 CF2',8),(37,'FW 629 CF2',8),(38,'FV 880',8),(39,'eMotion',19),(40,'Blade',24),(41,'AP-1',13),(42,'FV 881 F2',8),(43,'Helix Upright Gen 8',11),(45,'SEPOST',22),(49,'FV 640 F2',8),(50,'AH-1',13),(51,'EGT-VS12',20),(52,'FV 880 F',8),(53,'FS 590',8),(54,'EGT-VS9',20),(55,'VIRIDIAN WS',11),(56,'SEPOXG OXYGEN',22),(63,'Helix Slant Gen 8',11),(64,'FA 880 F2 C08',8),(65,'A600-H',26),(66,'S3',27),(67,'FF2 DL-PUB',21),(68,'ROULETTE PRESS',10),(69,'FA 880 F2 C05',21),(71,'6900',14),(72,'GEMINI 6900 Plus',14),(74,'VIRIDIAN WS Gen7',11),(75,'XCITE MK6',11),(76,'GEMINI 6639',14),(77,'HIHA',19),(78,'ARC Gen8',11),(82,'FV 880 C2',8),(83,'FV 800 CF2',8),(85,'FV 880 CF2',8),(86,'EGT-VS10-2',20),(87,'96499417',17),(89,'ORGANIC PLAYSTATION',28),(90,'ORGANIC ROULETTE',28),(93,'SEPOXG_OXYGEN',19),(96,'SEPOXG_OXYGEN',16),(97,'FV 623 CF D',8),(99,'AXXIS_3D/39',22),(100,'S9-1',13),(101,'BBU',24),(102,'96497500',17),(103,'FV640 F2',21),(104,'FV623A CF2',21);
/*!40000 ALTER TABLE `slot_model` ENABLE KEYS */;
UNLOCK TABLES;

--
-- Table structure for table `tag`
--

DROP TABLE IF EXISTS `tag`;
/*!40101 SET @saved_cs_client     = @@character_set_client */;
/*!50503 SET character_set_client = utf8mb4 */;
CREATE TABLE `tag` (
  `id` int(11) NOT NULL AUTO_INCREMENT,
  `tag_number` varchar(30) NOT NULL,
  `date_active` date NOT NULL,
  `fk_serial_number` varchar(30) NOT NULL,
  `broken` tinyint(1) DEFAULT '0',
  `active` tinyint(4) DEFAULT '0',
  `removed` tinyint(4) DEFAULT '0',
  `tagcol` varchar(45) DEFAULT NULL,
  `created_at` timestamp NULL DEFAULT CURRENT_TIMESTAMP,
  `updated_at` timestamp NULL DEFAULT CURRENT_TIMESTAMP ON UPDATE CURRENT_TIMESTAMP,
  PRIMARY KEY (`tag_number`),
  UNIQUE KEY `id_UNIQUE` (`id`),
  KEY `idx_seal_fk_serial_number` (`fk_serial_number`),
  CONSTRAINT `fk_seal_slot_machines` FOREIGN KEY (`fk_serial_number`) REFERENCES `slot_machines` (`serial_number`)
) ENGINE=InnoDB AUTO_INCREMENT=3 DEFAULT CHARSET=utf8;
/*!40101 SET character_set_client = @saved_cs_client */;

--
-- Dumping data for table `tag`
--

LOCK TABLES `tag` WRITE;
/*!40000 ALTER TABLE `tag` DISABLE KEYS */;
INSERT INTO `tag` VALUES (1,'E280117000000217995B210C','2023-03-28','124131',0,1,0,NULL,'2023-03-29 08:11:20','2023-04-01 08:42:25'),(2,'E280117000000217995B212C','2023-03-28','124131',0,0,1,NULL,'2023-03-29 08:11:20','2023-03-29 08:11:20');
/*!40000 ALTER TABLE `tag` ENABLE KEYS */;
UNLOCK TABLES;

--
-- Table structure for table `type`
--

DROP TABLE IF EXISTS `type`;
/*!40101 SET @saved_cs_client     = @@character_set_client */;
/*!50503 SET character_set_client = utf8mb4 */;
CREATE TABLE `type` (
  `namet` varchar(50) NOT NULL,
  `id_type` int(10) unsigned NOT NULL AUTO_INCREMENT,
  UNIQUE KEY `idx_type_fk_license_number` (`id_type`)
) ENGINE=InnoDB AUTO_INCREMENT=8 DEFAULT CHARSET=utf8;
/*!40101 SET character_set_client = @saved_cs_client */;

--
-- Dumping data for table `type`
--

LOCK TABLES `type` WRITE;
/*!40000 ALTER TABLE `type` DISABLE KEYS */;
INSERT INTO `type` VALUES ('Casino',4),('Gaming Parlour',5),('Bingo Hall',6),('Warehouse',7);
/*!40000 ALTER TABLE `type` ENABLE KEYS */;
UNLOCK TABLES;

--
-- Table structure for table `type_slot_machines`
--

DROP TABLE IF EXISTS `type_slot_machines`;
/*!40101 SET @saved_cs_client     = @@character_set_client */;
/*!50503 SET character_set_client = utf8mb4 */;
CREATE TABLE `type_slot_machines` (
  `id_type_slot_machines` int(11) NOT NULL AUTO_INCREMENT,
  `name_type` varchar(45) NOT NULL,
  PRIMARY KEY (`id_type_slot_machines`)
) ENGINE=InnoDB AUTO_INCREMENT=13 DEFAULT CHARSET=utf8;
/*!40101 SET character_set_client = @saved_cs_client */;

--
-- Dumping data for table `type_slot_machines`
--

LOCK TABLES `type_slot_machines` WRITE;
/*!40000 ALTER TABLE `type_slot_machines` DISABLE KEYS */;
INSERT INTO `type_slot_machines` VALUES (8,'Slant Top'),(10,'Upright'),(12,'tabletop');
/*!40000 ALTER TABLE `type_slot_machines` ENABLE KEYS */;
UNLOCK TABLES;

--
-- Table structure for table `type_user`
--

DROP TABLE IF EXISTS `type_user`;
/*!40101 SET @saved_cs_client     = @@character_set_client */;
/*!50503 SET character_set_client = utf8mb4 */;
CREATE TABLE `type_user` (
  `id_type_user` int(11) NOT NULL,
  `type_value` varchar(20) NOT NULL,
  PRIMARY KEY (`id_type_user`)
) ENGINE=InnoDB DEFAULT CHARSET=utf8;
/*!40101 SET character_set_client = @saved_cs_client */;

--
-- Dumping data for table `type_user`
--

LOCK TABLES `type_user` WRITE;
/*!40000 ALTER TABLE `type_user` DISABLE KEYS */;
INSERT INTO `type_user` VALUES (1,'Administrator'),(2,'User'),(3,'Random');
/*!40000 ALTER TABLE `type_user` ENABLE KEYS */;
UNLOCK TABLES;

--
-- Table structure for table `users`
--

DROP TABLE IF EXISTS `users`;
/*!40101 SET @saved_cs_client     = @@character_set_client */;
/*!50503 SET character_set_client = utf8mb4 */;
CREATE TABLE `users` (
  `id` int(11) NOT NULL AUTO_INCREMENT,
  `first_name` varchar(45) DEFAULT NULL,
  `last_name` varchar(45) DEFAULT NULL,
  `personal_id` varchar(45) DEFAULT NULL,
  `username` varchar(100) NOT NULL,
  `user_pasw` varchar(220) NOT NULL,
  `user_type` int(11) NOT NULL,
  `email` varchar(253) NOT NULL,
  `telephone` varchar(20) NOT NULL,
  `organization` varchar(100) DEFAULT NULL,
  `image` varchar(45) DEFAULT NULL,
  `role` varchar(45) DEFAULT NULL,
  `active` tinyint(1) NOT NULL,
  `created_at` timestamp NULL DEFAULT CURRENT_TIMESTAMP,
  `updated_at` timestamp NULL DEFAULT CURRENT_TIMESTAMP ON UPDATE CURRENT_TIMESTAMP,
  PRIMARY KEY (`id`),
  KEY `idx_users_user_type` (`user_type`),
  CONSTRAINT `fk_users_type_user` FOREIGN KEY (`user_type`) REFERENCES `type_user` (`id_type_user`)
) ENGINE=InnoDB AUTO_INCREMENT=17 DEFAULT CHARSET=utf8;
/*!40101 SET character_set_client = @saved_cs_client */;

--
-- Dumping data for table `users`
--

LOCK TABLES `users` WRITE;
/*!40000 ALTER TABLE `users` DISABLE KEYS */;
INSERT INTO `users` VALUES (1,'Mario','Galea','412169M','Administrator','14491622486423fbb2e6acf:f11deaf2d6e1b49b9806863bea606f3dbf4b1678728aa83150727dd3c3272a744263bbfd914d7a96a14b4e1c3d4a5b946de084dadf587bee2619ba62ec048b39',1,'mario.s.galea@gmail.com','99445314','Random',NULL,NULL,1,'2023-03-29 08:33:44','2023-03-29 08:53:39');
/*!40000 ALTER TABLE `users` ENABLE KEYS */;
UNLOCK TABLES;
/*!40103 SET TIME_ZONE=@OLD_TIME_ZONE */;

/*!40101 SET SQL_MODE=@OLD_SQL_MODE */;
/*!40014 SET FOREIGN_KEY_CHECKS=@OLD_FOREIGN_KEY_CHECKS */;
/*!40014 SET UNIQUE_CHECKS=@OLD_UNIQUE_CHECKS */;
/*!40101 SET CHARACTER_SET_CLIENT=@OLD_CHARACTER_SET_CLIENT */;
/*!40101 SET CHARACTER_SET_RESULTS=@OLD_CHARACTER_SET_RESULTS */;
/*!40101 SET COLLATION_CONNECTION=@OLD_COLLATION_CONNECTION */;
/*!40111 SET SQL_NOTES=@OLD_SQL_NOTES */;

-- Dump completed on 2023-04-01 17:06:40
